nct_id,title,status,canonical_drug,primary_target,modality,disease,has_biomarker,start_year,label_strict,label_balanced,label_permissive,label_provenance,drug_is_mapped,drug_is_mapped,ot_overall_score,ot_genetic_association,ot_somatic_mutation,ot_known_drug,ot_animal_model,ot_rna_expression,ot_literature,pubmed_pair_count,clinical_trial_pub_count,pair_pub_acceleration,lineage_specificity,gwas_disease_specificity,alteration_frequency,co_alteration_burden,genomic_complexity,ot_data_missing,cbio_data_missing,biomarker_missing,network_degree,clustering_coefficient,betweenness_centrality,tractability,binding_evidence,potency_proxy,mechanistic_maturity,druggability_tier,target_class,pathway_count,pathway_evidence,alternative_pathway_burden,gwas_association_count,cosmic_census_member,somatic_evidence,depmap_chronos,depmap_essential,depmap_selective,tumor_expression,normal_tissue_burden,tumor_specificity,expression_variability,omnipath_degree,omnipath_references,known_drug_count,interaction_score,disgenet_score,disgenet_disease_count,modality_score,drug_is_mapped,drug_is_mapped,tmb_relevance,pdl1_expression,immune_infiltration,io_mechanism,is_io_target,tds_small_molecule,tds_biologic,tds_combined,drug_class,polypharmacology_proxy,human_study_fraction,translational_study_fraction,perturbation_concordance,target_disease_assoc,pub_acceleration,literature_diversity,context_specificity,biomarker_directness,biomarker_prevalence,biomarker_clonality,assay_precision,CDS,TDS,BFS,MCS,TWS,EMS,BIOLOGY_SCORE
NCT00108953,A Randomized Controlled Study of BAY43-9006 in Combination With Doxorubicin Versus Doxorubicin in Patients With Advanced Hepatocellular Carcinoma.,COMPLETED,sorafenib,BRAF,small_molecule,hepatocellular carcinoma,True,2005.0,0,0,0,completed+results+no_positive_signal,1,1.0,0.3,0.2,0.25,0.3,0.4,0.25,0.3,0.149,0.04,0.7550335570469798,0.0,0.75,,,,1,1,0,689.0,0.0007610406386066763,1.0,1.0,1.0,0.5917499999999999,0.05,1.0,0.7,21.0,1.0,0.42,0.7,1.0,1.0,-0.63,1.0,1.0,0.4,0.6,0.0,0.5,0.82,0.656,0.9,1.0,0.85,0.85,0.7,1,1.0,0.4,0.4,0.55,0.0,0.0,0.8779375,0.0,0.8779375,0.0,0.0,0.2684563758389262,0.1879194630872483,0.72,0.3,0.7550335570469798,0.0945,0.1,0.5,0.3,0.7,0.8,0.705,69.5163,0.295,0.3773,0.28,0.2997,14.2564
NCT02434081,A Phase II Trial Evaluating the Safety and Efficacy of the Addition of Concurrent Anti-PD 1 Nivolumab to Standard First-line Chemotherapy and Radiotherapy in Locally Advanced Stage IIIA/B Non-Small Cell Lung Carcinoma,COMPLETED,nivolumab,PDCD1,antibody,nsclc,True,2015.0,0,0,0,completed+results+no_positive_signal,1,1.0,0.92,0.68,0.72,0.95,0.4,0.75,0.88,0.03,0.0,1.0,0.0,0.5,,,,0,1,0,837.0,0.0007509342891278374,1.0,1.0,0.6,0.6553333333333333,0.05,0.36,0.7,9.0,0.45,0.18,0.45,0.5,0.5,-0.15,0.0,0.0,0.4,0.6,0.0,0.5,0.6,0.48,0.9,1.0,0.65,0.65,0.8,1,1.0,0.85,0.8,0.85,1.0,1.0,0.0,0.62,0.62,1.0,0.0,0.0,0.0,0.6380000000000001,0.92,1.0,0.015,0.34,0.5,0.3,0.7,0.8,0.5625,84.3253,0.295,0.3416,0.366,0.2083,17.1792
NCT03570619,IMPACT: Immunotherapy in Patients With Metastatic Cancers and CDK12 Mutations,COMPLETED,nivolumab,PDCD1,antibody,solid tumors,True,2018.0,0,0,0,completed+results+no_positive_signal,1,1.0,0.3,0.2,0.25,0.3,0.4,0.25,0.3,0.019,0.0,1.0,0.0,0.5,,,,1,1,0,837.0,0.0007509342891278374,1.0,1.0,0.6,0.6553333333333333,0.05,0.36,0.7,9.0,0.45,0.18,0.45,0.5,0.5,-0.15,0.0,0.0,0.4,0.6,0.0,0.5,0.6,0.48,0.9,1.0,0.65,0.65,0.8,1,1.0,0.85,0.8,0.85,1.0,1.0,0.0,0.62,0.62,1.0,0.0,0.0,0.0,0.39,0.3,1.0,0.0095,0.1,0.5,0.3,0.7,0.8,0.42,84.1658,0.295,0.2034,0.28,0.2052,17.0709
NCT01286077,"A Phase 2, Multicentre, Randomised, Open-Label, Parallel Group Study to Evaluate the Effect of VELCADE on Myeloma Related Bone Disease",COMPLETED,bortezomib,PSMB5,small_molecule,multiple myeloma,True,2009.0,0,0,0,completed+results+no_positive_signal,1,1.0,0.85,0.6,0.65,0.92,0.4,0.65,0.8,0.032,0.02,0.9375,0.0,0.45,,,,0,1,0,1170.0,0.0009419982905982905,1.0,1.0,1.0,0.6293333333333334,0.05,0.38,0.7,173.0,1.0,1.0,0.4,0.5,0.5,-0.83,1.0,1.0,0.4,0.6,0.0,0.5,0.65,0.52,0.8,0.9,0.62,0.62,0.7,1,1.0,0.25,0.3,0.45,0.0,0.0,0.8673333333333334,0.0,0.8673333333333334,0.0,0.0,0.625,0.4375,0.94,0.85,0.9375,0.026000000000000002,0.3,0.5,0.3,0.7,0.8,0.5285,117.7699,0.295,0.4758,0.35,0.4415,23.9074
NCT01051557,Phase I/II Trial of Temsirolimus and Perifosine for Recurrent or Progressive Malignant Gliomas,COMPLETED,temsirolimus,MTOR,small_molecule,glioblastoma,True,2010.0,0,0,0,completed+results+no_positive_signal,1,1.0,0.3,0.2,0.25,0.3,0.4,0.25,0.3,1.0,0.28,0.7032803180914512,0.0,0.6,,,,1,1,0,557.0,0.0007751023339317773,1.0,1.0,1.0,0.7293,0.05,1.0,0.7,56.0,1.0,1.0,0.55,0.5,0.5,-0.61,1.0,1.0,0.4,0.6,0.0,0.5,0.85,0.68,0.9,1.0,0.8,0.8,0.7,1,1.0,0.15,0.25,0.35,0.0,0.0,0.912325,0.0,0.912325,0.0,0.0,0.28,0.196,0.72,0.3,0.7032803180914512,0.64,0.1,0.5,0.3,0.7,0.8,0.4475,56.3369,0.295,0.541,0.28,0.5459,11.6135
NCT03321630,"A Phase II Study of Lenvatinib, a Multi-targeted Tyrosine Kinase Inhibitor, Combined With Pembrolizumab (PD-1 Inhibitor) for the Treatment of Metastatic Gastroesophageal Cancer Patients Who Have Progressed on First or Subsequent Line Therapies",COMPLETED,pembrolizumab,PDCD1,antibody,gastric cancer,True,2017.0,1,1,1,completed+positive_text+results,1,1.0,0.3,0.2,0.25,0.3,0.4,0.25,0.3,0.026,0.0,1.0,0.0,0.5,,,,1,1,0,837.0,0.0007509342891278374,1.0,1.0,0.6,0.6553333333333333,0.05,0.36,0.7,9.0,0.45,0.18,0.45,0.5,0.5,-0.15,0.0,0.0,0.4,0.6,0.0,0.5,0.6,0.48,0.9,1.0,0.65,0.65,0.8,1,1.0,0.85,0.8,0.85,1.0,1.0,0.0,0.62,0.62,1.0,0.0,0.0,0.0,0.39,0.3,1.0,0.013,0.1,0.5,0.3,0.7,0.8,0.42,84.1658,0.295,0.2044,0.28,0.2072,17.0713
NCT01935934,A Phase 2 Study of XL184 (Cabozantinib) in Recurrent or Metastatic Endometrial Cancer,COMPLETED,cabozantinib,MET,small_molecule,endometrial cancer,True,2013.0,0,0,0,completed+results+no_positive_signal,1,1.0,0.3,0.2,0.25,0.3,0.4,0.25,0.3,0.586,0.35,0.6612627986348123,0.0,0.7,,,,1,1,0,619.0,0.0007922148626817448,1.0,1.0,1.0,0.7166000000000001,0.1,0.58,0.7,19.0,0.95,0.38,0.65,1.0,1.0,-0.61,1.0,1.0,0.4,0.6,0.0,0.5,0.78,0.6240000000000001,0.8,0.9,0.78,0.78,0.7,1,1.0,0.25,0.35,0.45,0.0,0.0,0.8891500000000001,0.0,0.8891500000000001,0.0,0.0,0.5972696245733788,0.4180887372013652,0.69,0.3,0.6612627986348123,0.46799999999999997,0.1,0.5,0.3,0.7,0.8,0.6915,62.5375,0.295,0.4859,0.28,0.5526,12.9043
NCT02939651,"A Phase 2, Open-label Study of Pembrolizumab Monotherapy in Patients With Metastatic High Grade Neuroendocrine Tumors",COMPLETED,pembrolizumab,PDCD1,antibody,cancer nos,True,2016.0,1,1,1,completed+positive_text+results,1,1.0,0.3,0.2,0.25,0.3,0.4,0.25,0.3,0.0,0.0,0.0,0.0,0.5,,,,1,1,0,837.0,0.0007509342891278374,1.0,1.0,0.6,0.6553333333333333,0.05,0.36,0.7,9.0,0.45,0.18,0.45,0.5,0.5,-0.15,0.0,0.0,0.4,0.6,0.0,0.5,0.6,0.48,0.9,1.0,0.65,0.65,0.8,1,1.0,0.85,0.8,0.85,1.0,1.0,0.0,0.62,0.62,1.0,0.0,0.0,0.0,0.39,0.3,0.0,0.0,0.1,0.5,0.3,0.7,0.8,0.42,84.1658,0.295,0.2005,0.28,0.0,17.0498
NCT00111839,"Randomized, Phase II, Open-Label Controlled Study of Two Different Doses and Schedules of EMD 72000 (Matuzumab) in Combination With Pemetrexed, or Pemetrexed Alone, as Second-Line Treatment for Stage IIIB/IV Non-Small Cell Lung Cancer and Progressive Disease on or After First-Line Treatment With a Platinum in Combination With Taxanes, Gemcitabine and Vinorelbine",COMPLETED,pemetrexed,TYMS,small_molecule,nsclc,True,2005.0,0,0,0,completed+results+no_positive_signal,1,1.0,0.3,0.2,0.25,0.3,0.4,0.25,0.3,0.051,0.02,0.392156862745098,0.0,0.6,,,,1,1,0,481.0,0.0008138274428274429,0.962,1.0,1.0,0.82585,0.05,0.32,0.7,6.0,0.3,0.12,0.55,0.0,0.0,-0.91,1.0,0.0,0.4,0.6,0.0,0.5,0.7,0.5599999999999999,0.8,0.9,0.78,0.78,0.7,1,1.0,0.15,0.2,0.3,0.0,0.0,0.9164625000000001,0.0,0.9164625000000001,0.0,0.0,0.3921568627450981,0.27450980392156865,0.3,0.3,0.392156862745098,0.0355,0.1,0.5,0.3,0.7,0.8,0.2215,48.7514,0.295,0.1706,0.28,0.2469,9.936
NCT03674112,"A Randomized, Multicenter, Open-Label Cross-Over Study to Evaluate Patient Preference and Satisfaction of Subcutaneous Administration of the Fixed-Dose Combination of Pertuzumab and Trastuzumab in Patients With HER2-Positive Early Breast Cancer",COMPLETED,trastuzumab,ERBB2,antibody,breast cancer,True,2018.0,0,0,0,completed+results+no_positive_signal,1,1.0,0.95,0.88,0.85,0.98,0.4,0.8,0.92,1.0,1.0,0.44339622641509435,0.0,0.85,,,,0,1,0,739.0,0.0007936373477672532,1.0,0.5,0.3,0.7236666666666667,0.2,1.0,0.7,45.0,1.0,0.9,0.8,1.0,1.0,-0.71,1.0,1.0,0.4,0.6,0.0,0.5,0.9,0.7200000000000001,1.0,1.0,0.88,0.88,0.8,1,1.0,0.15,0.35,0.45,0.0,0.0,0.0,0.3075,0.3075,1.0,0.5,1.0,0.7,0.98,0.95,0.44339622641509435,1.0,0.44,0.5,0.3,0.7,0.8,0.9185,74.5055,0.295,0.824,0.386,0.8287,15.4658
NCT02536742,A Phase II Study of Palbociclib Plus Fulvestrant for Pretreated Patients With ER+/HER2- Metastatic Breast Cancer,COMPLETED,palbociclib,CDK4,small_molecule,breast cancer,True,2016.0,0,0,0,completed+results+no_positive_signal,1,1.0,0.88,0.72,0.75,0.92,0.4,0.68,0.82,1.0,1.0,1.0,0.0,0.65,,,,0,1,0,747.0,0.0007754163319946452,1.0,0.5,0.0,0.0,0.05,0.68,0.7,28.0,1.0,0.56,0.6,1.0,1.0,-0.74,1.0,1.0,0.4,0.6,0.0,0.5,0.72,0.576,0.8,0.9,0.74,0.74,0.7,1,1.0,0.2,0.3,0.4,0.0,0.0,0.31000000000000005,0.0,0.31000000000000005,0.0,0.5,1.0,0.7,0.952,0.88,1.0,1.0,0.36,0.5,0.3,0.7,0.8,0.8325,75.1285,0.295,0.7734,0.362,0.94,15.5663
NCT01274351,"A Phase II Multi-center, Open-label, Non-randomized Study of Nilotinib as First Line Treatment in Adult Patients With Newly Diagnosed Philadelphia Chromosome Positive (Ph+) Chronic Myelogenous Leukemia in Chronic Phase (CML-CP)",COMPLETED,nilotinib,ABL1,small_molecule,leukemia,False,2011.0,0,0,0,completed+results+no_positive_signal,1,1.0,0.97,0.88,0.9,0.98,0.4,0.72,0.93,1.0,1.0,0.802469135802469,0.0,0.8,,,,0,1,1,399.0,0.0007217443609022556,0.798,1.0,1.0,0.5742,0.1,1.0,0.7,13.0,0.65,0.26,0.75,1.0,1.0,-0.77,1.0,1.0,0.4,0.6,0.0,0.5,0.9,0.7200000000000001,1.0,1.0,0.84,0.84,0.7,1,1.0,0.2,0.25,0.35,0.0,0.0,0.8935500000000001,0.0,0.8935500000000001,0.0,0.0,1.0,0.7,0.778,0.97,0.802469135802469,1.0,0.44,,,,,0.914,40.6851,0.0,0.7126,0.378,0.9005,8.6548
NCT00176605,A Phase II Trial of Metronomic Dosing of Etoposide and Cyclophosphamide in Patients With Stage D0 Prostate Cancer.,COMPLETED,etoposide,TOP2A,small_molecule,prostate cancer,True,2005.0,0,0,0,completed+results+no_positive_signal,1,1.0,0.3,0.2,0.25,0.3,0.4,0.25,0.3,0.049,0.0,1.0,0.0,0.63,,,,1,1,0,1111.0,0.000882019801980198,1.0,0.5,0.0,0.0,0.05,0.74,0.7,4.0,0.2,0.08,0.58,0.0,0.0,-0.94,1.0,0.0,0.4,0.6,0.0,0.5,0.72,0.576,0.8,0.9,0.73,0.73,0.7,1,1.0,0.2,0.25,0.35,0.0,0.0,0.31000000000000005,0.0,0.31000000000000005,0.0,0.5,0.0,0.0,0.24,0.3,1.0,0.0245,0.1,0.5,0.3,0.7,0.8,0.225,111.3775,0.295,0.1404,0.28,0.2135,22.4527
NCT00611351,"Matched Unrelated Donor Allogeneic Hematopoietic Stem Cell Transplantation With a Conditioning Regimen of Targeted Busulfan, Cyclophosphamide, and Thymoglobulin",COMPLETED,cyclophosphamide,DNA,small_molecule,multiple myeloma,True,2005.0,0,0,0,completed+results+no_positive_signal,1,1.0,0.3,0.2,0.25,0.3,0.4,0.25,0.3,1.0,0.54,0.49109481403876376,0.0,0.3,,,,1,1,0,578.0,0.0007351176470588234,1.0,1.0,1.0,0.5889090909090909,0.05,0.28,0.7,10.0,0.5,0.2,0.2,0.0,0.0,0.0,0.0,0.0,0.4,0.6,0.0,0.5,0.4,0.32000000000000006,0.2,0.3,0.3,0.3,0.7,1,1.0,0.2,0.3,0.4,0.0,0.0,0.7372272727272728,0.0,0.7372272727272728,0.0,0.0,0.54,0.378,0.42,0.3,0.49109481403876376,0.77,0.1,0.5,0.3,0.7,0.8,0.1325,58.3158,0.295,0.445,0.28,0.6243,11.9192
NCT01992653,"A Phase Ib/II Study Evaluating the Safety, Tolerability and Anti-Tumor Activity of Polatuzumab Vedotin (DCDS4501A) in Combination With Rituximab or Obinutuzumab, Cyclophosphamide, Doxorubicin, and Prednisone in Patients With B-Cell Non-Hodgkin's Lymphoma",COMPLETED,rituximab,MS4A1,antibody,lymphoma,True,2013.0,0,0,0,completed+results+no_positive_signal,1,1.0,0.88,0.65,0.7,0.92,0.4,0.68,0.85,0.028,0.0,0.7142857142857142,0.0,0.65,,,,0,1,0,525.0,0.0006596552380952381,1.0,0.5,0.0,0.0,0.05,0.44,0.7,11.0,0.55,0.22,0.6,0.5,0.5,-0.44,0.5,0.0,0.4,0.6,0.0,0.5,0.68,0.544,0.9,1.0,0.73,0.73,0.8,1,1.0,0.25,0.35,0.65,0.0,0.0,0.0,0.3075,0.3075,1.0,0.5,0.0,0.0,0.682,0.88,0.7142857142857142,0.014,0.325,0.5,0.3,0.7,0.8,0.589,52.8785,0.295,0.3606,0.3568,0.1506,10.8931
NCT03322267,A Single-arm Phase II Study of Chemoradiotherapy Plus Pembrolizumab as Adjuvant Therapy for Locally Advanced Esophageal Squamous Cell Carcinoma Patients at High Risk of Recurrence Following Preoperative Chemoradiotherapy Plus Surgery,COMPLETED,pembrolizumab,PDCD1,antibody,cancer nos,True,2018.0,0,0,0,completed+results+no_positive_signal,1,1.0,0.3,0.2,0.25,0.3,0.4,0.25,0.3,0.0,0.0,0.0,0.0,0.5,,,,1,1,0,837.0,0.0007509342891278374,1.0,1.0,0.6,0.6553333333333333,0.05,0.36,0.7,9.0,0.45,0.18,0.45,0.5,0.5,-0.15,0.0,0.0,0.4,0.6,0.0,0.5,0.6,0.48,0.9,1.0,0.65,0.65,0.8,1,1.0,0.85,0.8,0.85,1.0,1.0,0.0,0.62,0.62,1.0,0.0,0.0,0.0,0.39,0.3,0.0,0.0,0.1,0.5,0.3,0.7,0.8,0.42,84.1658,0.295,0.2005,0.28,0.0,17.0498
NCT00923936,Pilot Study of Liposomal Doxorubicin Combined With Bevacizumab Followed by Bevacizumab Monotherapy in Adults With Advanced Kaposi s Sarcoma,COMPLETED,bevacizumab,VEGFA,antibody,cancer nos,True,2009.0,1,1,1,completed+positive_text+results,1,1.0,0.3,0.2,0.25,0.3,0.4,0.25,0.3,0.0,0.0,0.0,0.0,0.75,,,,1,1,0,582.0,0.0006893024054982818,1.0,1.0,1.0,0.83255,0.3,1.0,0.7,30.0,1.0,0.6,0.7,1.0,1.0,-0.22,0.0,0.0,0.4,0.6,0.0,0.5,0.82,0.656,0.7,0.8,0.83,0.83,0.8,1,1.0,0.2,0.3,0.5,0.0,0.0,0.0,0.295,0.295,1.0,0.0,0.0,0.0,0.72,0.3,0.0,0.0,0.1,0.5,0.3,0.7,0.8,0.704,58.7649,0.295,0.399,0.28,0.0,12.0803
NCT04644237,"A Phase 2, Multicenter, Randomized Study of Trastuzumab Deruxtecan in Subjects With HER2-mutated Metastatic Non-small Cell Lung Cancer (NSCLC) (DESTINY-LUNG02)",COMPLETED,trastuzumab,ERBB2,antibody,nsclc,True,2021.0,0,0,0,completed+results+no_positive_signal,1,1.0,0.7,0.6,0.65,0.75,0.4,0.6,0.68,0.477,0.18,0.8647798742138364,0.0,0.85,,,,0,1,0,739.0,0.0007936373477672532,1.0,0.5,0.3,0.7236666666666667,0.2,1.0,0.7,45.0,1.0,0.9,0.8,1.0,1.0,-0.71,1.0,1.0,0.4,0.6,0.0,0.5,0.9,0.7200000000000001,1.0,1.0,0.88,0.88,0.8,1,1.0,0.15,0.35,0.45,0.0,0.0,0.0,0.3075,0.3075,1.0,0.5,0.37735849056603776,0.2641509433962264,0.8799999999999999,0.7,0.8647798742138364,0.3285,0.3,0.5,0.3,0.7,0.8,0.8465,74.446,0.295,0.5665,0.345,0.4648,15.3419
NCT01794039,Randomized Phase 2 Trial of Retreatment With Pomalidomide or Lenalidomide With Dexamethasone for Patients With Relapsed Myeloma,COMPLETED,lenalidomide,CRBN,small_molecule,multiple myeloma,True,2014.0,0,0,0,completed+results+no_positive_signal,1,1.0,0.3,0.2,0.25,0.3,0.4,0.25,0.3,0.2,0.05,0.875,0.0,0.4,,,,1,1,0,630.0,0.0008394936507936509,1.0,0.5,0.0,0.0,0.05,0.32,0.7,1.0,0.05,0.02,0.35,0.5,0.5,-0.55,1.0,1.0,0.4,0.6,0.0,0.5,0.55,0.44000000000000006,0.6,0.7,0.58,0.58,0.7,1,1.0,0.3,0.4,0.55,0.1,0.0,0.27,0.0,0.27,0.0,0.5,0.25,0.175,0.15,0.3,0.875,0.125,0.1,0.5,0.3,0.7,0.8,0.3965,63.2775,0.295,0.13,0.28,0.3313,12.8853
NCT02006667,"An Open-label Pilot Study Evaluating the Effect of a Combination Regimen of Herceptin, Cisplatin, and Gemcitabine on Time to Disease Progression in Patients With Metastatic Urothelial Cancer",COMPLETED,trastuzumab,ERBB2,antibody,cancer nos,True,2001.0,0,0,0,completed+results+no_positive_signal,1,1.0,0.3,0.2,0.25,0.3,0.4,0.25,0.3,0.0,0.0,0.0,0.0,0.85,,,,1,1,0,739.0,0.0007936373477672532,1.0,0.5,0.3,0.7236666666666667,0.2,1.0,0.7,45.0,1.0,0.9,0.8,1.0,1.0,-0.71,1.0,1.0,0.4,0.6,0.0,0.5,0.9,0.7200000000000001,1.0,1.0,0.88,0.88,0.8,1,1.0,0.15,0.35,0.45,0.0,0.0,0.0,0.3075,0.3075,1.0,0.5,0.0,0.0,0.72,0.3,0.0,0.0,0.1,0.5,0.3,0.7,0.8,0.7265,74.3386,0.295,0.379,0.28,0.0,15.1966
NCT00679367,"A Phase II Trial of MRD (Melphalan, Lenalidomide and Dexamethasone) for Patients With AL Amyloidosis",COMPLETED,lenalidomide,CRBN,small_molecule,multiple myeloma,True,2008.0,0,0,0,completed+results+no_positive_signal,1,1.0,0.3,0.2,0.25,0.3,0.4,0.25,0.3,0.2,0.05,0.875,0.0,0.4,,,,1,1,0,630.0,0.0008394936507936509,1.0,0.5,0.0,0.0,0.05,0.32,0.7,1.0,0.05,0.02,0.35,0.5,0.5,-0.55,1.0,1.0,0.4,0.6,0.0,0.5,0.55,0.44000000000000006,0.6,0.7,0.58,0.58,0.7,1,1.0,0.3,0.4,0.55,0.1,0.0,0.27,0.0,0.27,0.0,0.5,0.25,0.175,0.15,0.3,0.875,0.125,0.1,0.5,0.3,0.7,0.8,0.3965,63.2775,0.295,0.13,0.28,0.3313,12.8853
NCT04700072,A Phase 1/2 Open-Label Rolling-Arm Umbrella Platform Design of Investigational Agents With or Without Pembrolizumab or Pembrolizumab Alone in Participants With Melanoma (KEYMAKER-U02): Substudy 02D,COMPLETED,pembrolizumab,PDCD1,antibody,melanoma,True,2021.0,1,1,1,completed+positive_text+approved,1,1.0,0.9,0.65,0.7,0.95,0.4,0.72,0.88,0.073,0.0,1.0,0.0,0.5,,,,0,1,0,837.0,0.0007509342891278374,1.0,1.0,0.6,0.6553333333333333,0.05,0.36,0.7,9.0,0.45,0.18,0.45,0.5,0.5,-0.15,0.0,0.0,0.4,0.6,0.0,0.5,0.6,0.48,0.9,1.0,0.65,0.65,0.8,1,1.0,0.85,0.8,0.85,1.0,1.0,0.0,0.62,0.62,1.0,0.0,0.0,0.0,0.6300000000000001,0.9,1.0,0.0365,0.325,0.5,0.3,0.7,0.8,0.555,84.3233,0.295,0.3465,0.3608,0.2201,17.1783
NCT00301964,"A Phase II Evaluation of Bevacizumab (NCI-Supplied Agent: NSC# 704865, IND # 7921) in the Treatment of Recurrent or Persistent Endometrial Carcinoma",COMPLETED,bevacizumab,VEGFA,antibody,endometrial cancer,True,2006.0,0,0,0,completed+results+no_positive_signal,1,1.0,0.3,0.2,0.25,0.3,0.4,0.25,0.3,0.066,0.03,0.6818181818181818,0.0,0.75,,,,1,1,0,582.0,0.0006893024054982818,1.0,1.0,1.0,0.83255,0.3,1.0,0.7,30.0,1.0,0.6,0.7,1.0,1.0,-0.22,0.0,0.0,0.4,0.6,0.0,0.5,0.82,0.656,0.7,0.8,0.83,0.83,0.8,1,1.0,0.2,0.3,0.5,0.0,0.0,0.0,0.295,0.295,1.0,0.0,0.45454545454545453,0.3181818181818182,0.72,0.3,0.6818181818181818,0.048,0.1,0.5,0.3,0.7,0.8,0.704,58.7649,0.295,0.4134,0.28,0.334,12.1166
NCT02017964,A Phase II Study for the Treatment of Non-metastatic Nodular Desmoplastic Medulloblastoma in Children Less Than 4 Years of Age,COMPLETED,carboplatin,DNA,small_molecule,cancer nos,True,2013.0,0,0,0,completed+results+no_positive_signal,1,1.0,0.3,0.2,0.25,0.3,0.4,0.25,0.3,0.0,0.0,0.0,0.0,0.3,,,,1,1,0,578.0,0.0007351176470588234,1.0,1.0,1.0,0.5889090909090909,0.05,0.28,0.7,10.0,0.5,0.2,0.2,0.0,0.0,0.0,0.0,0.0,0.4,0.6,0.0,0.5,0.4,0.32000000000000006,0.2,0.3,0.3,0.3,0.7,1,1.0,0.2,0.3,0.4,0.0,0.0,0.7372272727272728,0.0,0.7372272727272728,0.0,0.0,0.0,0.0,0.42,0.3,0.0,0.0,0.1,0.5,0.3,0.7,0.8,0.1325,58.3158,0.295,0.214,0.28,0.0,11.8106
NCT02654119,"A Phase II Study of Adjuvant Therapy Using a Regimen of Cyclophosphamide, Paclitaxel With Trastuzumab in Stage I-II HER2/Neu Positive Breast Cancer Patients",COMPLETED,trastuzumab,ERBB2,antibody,breast cancer,True,2015.0,0,0,0,completed+results+no_positive_signal,1,1.0,0.95,0.88,0.85,0.98,0.4,0.8,0.92,1.0,1.0,0.44339622641509435,0.0,0.85,,,,0,1,0,739.0,0.0007936373477672532,1.0,0.5,0.3,0.7236666666666667,0.2,1.0,0.7,45.0,1.0,0.9,0.8,1.0,1.0,-0.71,1.0,1.0,0.4,0.6,0.0,0.5,0.9,0.7200000000000001,1.0,1.0,0.88,0.88,0.8,1,1.0,0.15,0.35,0.45,0.0,0.0,0.0,0.3075,0.3075,1.0,0.5,1.0,0.7,0.98,0.95,0.44339622641509435,1.0,0.44,0.5,0.3,0.7,0.8,0.9185,74.5055,0.295,0.824,0.386,0.8287,15.4658
NCT04266795,"A Randomized, Open-label, Controlled, Phase 2 Study of Pevonedistat, Venetoclax, and Azacitidine Versus Venetoclax Plus Azacitidine in Adults With Newly Diagnosed Acute Myeloid Leukemia Who Are Unfit for Intensive Chemotherapy",COMPLETED,venetoclax,BCL2,small_molecule,leukemia,True,2020.0,0,0,0,completed+results+no_positive_signal,1,1.0,0.9,0.75,0.8,0.92,0.4,0.7,0.85,1.0,1.0,0.547224709042077,0.0,0.7,,,,0,1,0,570.0,0.0007448929824561402,1.0,1.0,1.0,0.7835000000000001,0.05,1.0,0.7,16.0,0.8,0.32,0.65,1.0,1.0,-0.52,1.0,1.0,0.4,0.6,0.0,0.5,0.78,0.6240000000000001,0.8,0.9,0.81,0.81,0.7,1,1.0,0.25,0.4,0.55,0.0,0.0,0.9058750000000001,0.0,0.9058750000000001,0.0,0.0,1.0,0.7,0.8400000000000001,0.9,0.547224709042077,1.0,0.375,0.5,0.3,0.7,0.8,0.858,57.798,0.295,0.7255,0.3662,0.8494,12.0886
NCT02927301,"A Phase II, Open-Label, Multicenter, Single-Arm Study to Investigate the Efficacy and Safety of Atezolizumab as Neoadjuvant and Adjuvant Therapy in Patients With Stage IB, II, IIIA, or Selected IIIB Resectable and Untreated Non-Small Cell Lung Cancer",COMPLETED,atezolizumab,CD274,antibody,nsclc,True,2017.0,1,1,1,completed+positive_text+results,1,1.0,0.88,0.62,0.68,0.92,0.4,0.72,0.85,0.093,0.02,1.0,0.0,0.45,,,,0,1,0,929.0,0.0007426555435952638,1.0,1.0,1.0,0.688875,0.2,0.6,0.7,27.0,1.0,0.54,0.4,0.5,0.5,-0.18,0.0,0.0,0.4,0.6,0.0,0.5,0.58,0.46399999999999997,0.9,1.0,0.63,0.63,0.8,1,1.0,0.85,0.95,0.8,1.0,1.0,0.0,0.6575,0.6575,1.0,0.0,0.21505376344086022,0.15053763440860216,0.952,0.88,1.0,0.0565,0.31,0.5,0.3,0.7,0.8,0.5365,93.5893,0.295,0.5249,0.3585,0.3109,19.0713
NCT01093586,Umbilical Cord Blood (UCB) Allogeneic Stem Cell Transplant for Hematologic Malignancies,COMPLETED,cyclophosphamide,DNA,small_molecule,lymphoma,True,2007.0,0,0,0,completed+results+no_positive_signal,1,1.0,0.3,0.2,0.25,0.3,0.4,0.25,0.3,1.0,1.0,0.34801192063367575,0.0,0.3,,,,1,1,0,578.0,0.0007351176470588234,1.0,1.0,1.0,0.5889090909090909,0.05,0.28,0.7,10.0,0.5,0.2,0.2,0.0,0.0,0.0,0.0,0.0,0.4,0.6,0.0,0.5,0.4,0.32000000000000006,0.2,0.3,0.3,0.3,0.7,1,1.0,0.2,0.3,0.4,0.0,0.0,0.7372272727272728,0.0,0.7372272727272728,0.0,0.0,1.0,0.7,0.42,0.3,0.34801192063367575,1.0,0.1,0.5,0.3,0.7,0.8,0.1325,58.3158,0.295,0.514,0.28,0.8096,11.9516
NCT00399529,"A Feasibility Study of Combination Therapy With Trastuzumab, Cyclophosphamide, and an Allogeneic GM-CSF-secreting Breast Tumor Vaccine for HER-2/Neu-Overexpressing Metastatic Breast Cancer.",COMPLETED,trastuzumab,ERBB2,antibody,breast cancer,True,2006.0,1,1,1,completed+positive_text+results,1,1.0,0.95,0.88,0.85,0.98,0.4,0.8,0.92,1.0,1.0,0.44339622641509435,0.0,0.85,,,,0,1,0,739.0,0.0007936373477672532,1.0,0.5,0.3,0.7236666666666667,0.2,1.0,0.7,45.0,1.0,0.9,0.8,1.0,1.0,-0.71,1.0,1.0,0.4,0.6,0.0,0.5,0.9,0.7200000000000001,1.0,1.0,0.88,0.88,0.8,1,1.0,0.15,0.35,0.45,0.0,0.0,0.0,0.3075,0.3075,1.0,0.5,1.0,0.7,0.98,0.95,0.44339622641509435,1.0,0.44,0.5,0.3,0.7,0.8,0.9185,74.5055,0.295,0.824,0.386,0.8287,15.4658
NCT00859937,Phase II Trial of Dasatinib (BMS 354825) for Recurrent or Metastatic c-KIT Expressing Adenoid Cystic Carcinoma and Non-adenoid Cystic Malignant Salivary Tumors,COMPLETED,dasatinib,ABL1,small_molecule,cancer nos,True,2009.0,0,0,0,completed+results+no_positive_signal,1,1.0,0.3,0.2,0.25,0.3,0.4,0.25,0.3,0.0,0.0,0.0,0.0,0.8,,,,1,1,0,399.0,0.0007217443609022556,0.798,1.0,1.0,0.5742,0.1,1.0,0.7,13.0,0.65,0.26,0.75,1.0,1.0,-0.77,1.0,1.0,0.4,0.6,0.0,0.5,0.9,0.7200000000000001,1.0,1.0,0.84,0.84,0.7,1,1.0,0.2,0.25,0.35,0.0,0.0,0.8935500000000001,0.0,0.8935500000000001,0.0,0.0,0.0,0.0,0.51,0.3,0.0,0.0,0.1,0.5,0.3,0.7,0.8,0.7145,40.5161,0.295,0.2645,0.28,0.0,8.4063
NCT01087970,Phase 2 Study of Pemetrexed in Combination With Carboplatin or Cisplatin and Cetuximab in Recurrent or Metastatic Squamous Cell Carcinoma of the Head and Neck,COMPLETED,cetuximab,EGFR,antibody,hnscc,True,2010.0,0,0,0,completed+results+no_positive_signal,1,1.0,0.3,0.2,0.25,0.3,0.4,0.25,0.3,1.0,0.67,0.5491329479768786,0.0,0.9,,,,1,1,0,774.0,0.0007825607235142119,1.0,1.0,1.0,0.6139,0.1,1.0,0.7,56.0,1.0,1.0,0.85,1.0,1.0,-0.82,1.0,1.0,0.4,0.6,0.0,0.5,0.95,0.76,1.0,1.0,0.9,0.9,0.8,1,1.0,0.2,0.3,0.4,0.0,0.0,0.0,0.295,0.295,1.0,0.0,0.67,0.469,0.72,0.3,0.5491329479768786,0.835,0.1,0.5,0.3,0.7,0.8,0.7375,78.0221,0.295,0.6095,0.28,0.6964,16.0518
NCT00335829,Phase II Trial of Bevacizumab Combined With Transarterial Chemoembolization (TACE) for Hepatocellular Carcinoma,COMPLETED,bevacizumab,VEGFA,antibody,hepatocellular carcinoma,True,2006.0,0,0,0,completed+results+no_positive_signal,1,1.0,0.3,0.2,0.25,0.3,0.4,0.25,0.3,0.354,0.07,0.9392655367231639,0.0,0.75,,,,1,1,0,582.0,0.0006893024054982818,1.0,1.0,1.0,0.83255,0.3,1.0,0.7,30.0,1.0,0.6,0.7,1.0,1.0,-0.22,0.0,0.0,0.4,0.6,0.0,0.5,0.82,0.656,0.7,0.8,0.83,0.83,0.8,1,1.0,0.2,0.3,0.5,0.0,0.0,0.0,0.295,0.295,1.0,0.0,0.19774011299435032,0.13841807909604523,0.72,0.3,0.9392655367231639,0.212,0.1,0.5,0.3,0.7,0.8,0.704,58.7649,0.295,0.4626,0.28,0.3676,12.1298
NCT00494481,"A Phase II, Double-blind, Placebo Controlled, Randomized Study to Assess the Efficacy and Safety of ZD6474 in Combination With Docetaxel (Taxotere™) vs Docetaxel Alone as 2nd Line Treatment for Advanced Breast Cancer (ABC).",COMPLETED,docetaxel,TUBB,small_molecule,breast cancer,True,2006.0,0,0,0,completed+results+no_positive_signal,1,1.0,0.3,0.2,0.25,0.3,0.4,0.25,0.3,0.016,0.0,1.0,0.0,0.43,,,,1,1,0,715.0,0.000807165034965035,1.0,1.0,1.0,0.5950000000000001,0.05,0.7,0.7,17.0,0.85,0.34,0.38,0.0,0.0,0.0,0.0,0.0,0.0,0.0,0.0,0.0,0.55,0.44000000000000006,0.6,0.7,0.59,0.59,0.7,1,1.0,0.2,0.3,0.4,0.0,0.0,0.8187500000000001,0.0,0.8187500000000001,0.0,0.0,0.0,0.0,0.63,0.3,1.0,0.008,0.1,0.5,0.3,0.7,0.8,0.178,72.0168,0.295,0.3109,0.04,0.2044,14.566
NCT00577122,"MPA Revisited: A Phase II Study of Anti-Metastatic, Anti-Angiogenic Therapy in Postmenopausal Patients With Hormone Receptor Negative Breast Cancer. A Translational Breast Cancer Research Consortium (TBCRC) Trial",COMPLETED,cyclophosphamide,DNA,small_molecule,breast cancer,True,2007.0,0,0,0,completed+results+no_positive_signal,1,1.0,0.3,0.2,0.25,0.3,0.4,0.25,0.3,1.0,1.0,0.5224914169787764,0.0,0.3,,,,1,1,0,578.0,0.0007351176470588234,1.0,1.0,1.0,0.5889090909090909,0.05,0.28,0.7,10.0,0.5,0.2,0.2,0.0,0.0,0.0,0.0,0.0,0.4,0.6,0.0,0.5,0.4,0.32000000000000006,0.2,0.3,0.3,0.3,0.7,1,1.0,0.2,0.3,0.4,0.0,0.0,0.7372272727272728,0.0,0.7372272727272728,0.0,0.0,1.0,0.7,0.42,0.3,0.5224914169787764,1.0,0.1,0.5,0.3,0.7,0.8,0.1325,58.3158,0.295,0.514,0.28,0.8445,11.955
NCT00767819,"Multicenter, Triple-arm, Single-stage, Phase II Trial to Determine the Preliminary Efficacy and Safety of RAD001 in Patients With Histological Evidence of Progressive or Metastatic Bone or Soft Tissue Sarcomas",COMPLETED,everolimus,MTOR,small_molecule,cancer nos,True,2008.0,0,0,0,completed+results+no_positive_signal,1,1.0,0.3,0.2,0.25,0.3,0.4,0.25,0.3,0.0,0.0,0.0,0.0,0.6,,,,1,1,0,557.0,0.0007751023339317773,1.0,1.0,1.0,0.7293,0.05,1.0,0.7,56.0,1.0,1.0,0.55,0.5,0.5,-0.61,1.0,1.0,0.4,0.6,0.0,0.5,0.85,0.68,0.9,1.0,0.8,0.8,0.7,1,1.0,0.15,0.25,0.35,0.0,0.0,0.912325,0.0,0.912325,0.0,0.0,0.0,0.0,0.72,0.3,0.0,0.0,0.1,0.5,0.3,0.7,0.8,0.4475,56.3369,0.295,0.349,0.28,0.0,11.5206
NCT01962103,"A Phase 1/2, Multicenter, Open-label, Dose-finding Study to Assess the Safety, Tolerability, and Preliminary Efficacy of Weekly Nab-paclitaxel in Pediatric Patients With Recurrent or Refractory Solid Tumors.",COMPLETED,paclitaxel,TUBB,small_molecule,melanoma,True,2013.0,0,0,0,completed+results+no_positive_signal,1,1.0,0.3,0.2,0.25,0.3,0.4,0.25,0.3,0.002,0.0,1.0,0.0,0.43,,,,1,1,0,715.0,0.000807165034965035,1.0,1.0,1.0,0.5950000000000001,0.05,0.7,0.7,17.0,0.85,0.34,0.38,0.0,0.0,0.0,0.0,0.0,0.0,0.0,0.0,0.0,0.55,0.44000000000000006,0.6,0.7,0.59,0.59,0.7,1,1.0,0.2,0.3,0.4,0.0,0.0,0.8187500000000001,0.0,0.8187500000000001,0.0,0.0,0.0,0.0,0.63,0.3,1.0,0.001,0.1,0.5,0.3,0.7,0.8,0.178,72.0168,0.295,0.3088,0.04,0.2006,14.5652
NCT01763788,"An Open-Label, Multicenter, Phase 1b/2 Study to Evaluate Necitumumab in Combination With Gemcitabine and Cisplatin in the First-Line Treatment of Patients With Advanced (Stage IV) Squamous Non-Small Cell Lung Cancer (NSCLC)",COMPLETED,gemcitabine,RRM1,small_molecule,nsclc,True,2013.0,0,0,0,completed+results+no_positive_signal,1,1.0,0.3,0.2,0.25,0.3,0.4,0.25,0.3,0.153,0.15,0.14705882352941177,0.0,0.47,,,,1,1,0,475.0,0.000819562105263158,0.95,1.0,1.0,0.5399499999999999,0.05,0.54,0.7,4.0,0.2,0.08,0.42,0.0,0.0,0.0,0.0,0.0,0.4,0.6,0.0,0.5,0.58,0.46399999999999997,0.6,0.7,0.62,0.62,0.7,1,1.0,0.2,0.3,0.4,0.0,0.0,0.8049875000000001,0.0,0.8049875000000001,0.0,0.0,0.9803921568627451,0.6862745098039215,0.24,0.3,0.14705882352941177,0.1515,0.1,0.5,0.3,0.7,0.8,0.1875,48.0085,0.295,0.1784,0.28,0.4651,9.8023
NCT02593175,"Women's Triple-Negative First-Line Study: A Phase II Trial of Panitumumab, Carboplatin and Paclitaxel (PaCT) in Patients With Localized Triple-Negative Breast Cancer (TNBC) With Tumors Predicted Insensitive to Standard Neoadjuvant Chemotherapy",COMPLETED,panitumumab,EGFR,antibody,breast cancer,True,2016.0,0,0,0,completed+results+no_positive_signal,1,1.0,0.65,0.4,0.55,0.7,0.4,0.6,0.65,1.0,1.0,0.5107381339108464,0.0,0.9,,,,0,1,0,774.0,0.0007825607235142119,1.0,1.0,1.0,0.6139,0.1,1.0,0.7,56.0,1.0,1.0,0.85,1.0,1.0,-0.82,1.0,1.0,0.4,0.6,0.0,0.5,0.95,0.76,1.0,1.0,0.9,0.9,0.8,1,1.0,0.2,0.3,0.4,0.0,0.0,0.0,0.295,0.295,1.0,0.0,1.0,0.7,0.86,0.65,0.5107381339108464,1.0,0.2,0.5,0.3,0.7,0.8,0.8125,78.1171,0.295,0.7395,0.33,0.8421,16.1377
NCT00712881,"Prospective, Open-Label, Randomized Study of Combination Therapy of MYOCET® Plus Cyclophosphamide and Trastuzumab Versus Free Doxorubicin Plus Cyclophosphamide Alone, Each Followed by Docetaxel and Trastuzumab, in Neoadjuvant Setting in Treatment-Naive Patients With HER2-Positive Breast Cancer",COMPLETED,trastuzumab,ERBB2,antibody,breast cancer,True,2008.0,0,0,0,completed+results+no_positive_signal,1,1.0,0.95,0.88,0.85,0.98,0.4,0.8,0.92,1.0,1.0,0.44339622641509435,0.0,0.85,,,,0,1,0,739.0,0.0007936373477672532,1.0,0.5,0.3,0.7236666666666667,0.2,1.0,0.7,45.0,1.0,0.9,0.8,1.0,1.0,-0.71,1.0,1.0,0.4,0.6,0.0,0.5,0.9,0.7200000000000001,1.0,1.0,0.88,0.88,0.8,1,1.0,0.15,0.35,0.45,0.0,0.0,0.0,0.3075,0.3075,1.0,0.5,1.0,0.7,0.98,0.95,0.44339622641509435,1.0,0.44,0.5,0.3,0.7,0.8,0.9185,74.5055,0.295,0.824,0.386,0.8287,15.4658
NCT00859222,Phase I/II Study of LBH589 and Bevacizumab in Patients With Recurrent High Grade Glioma,COMPLETED,bevacizumab,VEGFA,antibody,cancer nos,True,2009.0,1,1,1,completed+positive_text+results,1,1.0,0.3,0.2,0.25,0.3,0.4,0.25,0.3,0.0,0.0,0.0,0.0,0.75,,,,1,1,0,582.0,0.0006893024054982818,1.0,1.0,1.0,0.83255,0.3,1.0,0.7,30.0,1.0,0.6,0.7,1.0,1.0,-0.22,0.0,0.0,0.4,0.6,0.0,0.5,0.82,0.656,0.7,0.8,0.83,0.83,0.8,1,1.0,0.2,0.3,0.5,0.0,0.0,0.0,0.295,0.295,1.0,0.0,0.0,0.0,0.72,0.3,0.0,0.0,0.1,0.5,0.3,0.7,0.8,0.704,58.7649,0.295,0.399,0.28,0.0,12.0803
NCT03093831,A Phase II Investigator Sponsored Multi-Centre Trial of the Bruton's Tyrosine Kinase (BTK) Inhibitor Ibrutinib in Patients With Relapsed or Refractory Marginal Zone Lymphoma,TERMINATED,ibrutinib,BTK,small_molecule,lymphoma,True,2016.0,0,0,0,terminated+negative_text,1,1.0,0.9,0.7,0.75,0.93,0.4,0.65,0.85,1.0,0.81,1.0,0.0,0.65,,,,0,1,0,529.0,0.0007996710775047259,1.0,0.5,0.1,0.796,0.05,1.0,0.7,14.0,0.7,0.28,0.6,1.0,1.0,-0.65,1.0,1.0,0.4,0.6,0.0,0.5,0.75,0.6000000000000001,0.9,1.0,0.77,0.77,0.7,1,1.0,0.3,0.4,0.65,0.0,0.0,0.554,0.0,0.554,0.0,0.5,0.81,0.567,0.78,0.9,1.0,0.905,0.35,0.5,0.3,0.7,0.8,0.831,53.4664,0.295,0.67,0.3575,0.8517,11.2033
NCT00126672,A Phase II Multi-Center Study of Rapamycin for Treating Kidney Angiomyolipomas in TSC or LAM Patients,COMPLETED,unmapped,UNKNOWN,unknown,renal cell carcinoma,True,2005.0,1,1,1,completed+positive_text+results,0,0.0,0.0,0.0,0.0,0.0,0.0,0.0,0.0,0.0,0.0,0.0,0.0,0.0,,,,1,1,0,0.0,0.0,0.0,0.0,0.0,0.0,0.0,0.0,0.0,0.0,0.0,0.0,0.0,0.0,0.0,0.0,0.0,0.0,0.4,0.5,0.0,0.5,0.0,0.0,0.0,0.0,0.0,0.0,0.3,0,0.0,0.2,0.3,0.4,0.0,0.0,0.0,0.0,0.0,0.0,1.0,0.0,0.0,0.0,0.0,0.0,0.0,0.0,0.5,0.3,0.7,0.8,0.0,0.0,0.295,0.0,0.22,0.0,0.0625
NCT04452877,"An Open-Label, Single-arm Study to Evaluate the Safety and Efficacy of Dabrafenib in Combination With Trametinib in Chinese Patients With BRAF V600E Mutation-Positive Metastatic Non-Small Cell Lung Cancer",COMPLETED,dabrafenib,BRAF,small_molecule,cancer nos,True,2020.0,0,0,0,completed+results+no_positive_signal,1,1.0,0.3,0.2,0.25,0.3,0.4,0.25,0.3,0.0,0.0,0.0,0.0,0.75,,,,1,1,0,689.0,0.0007610406386066763,1.0,1.0,1.0,0.5917499999999999,0.05,1.0,0.7,21.0,1.0,0.42,0.7,1.0,1.0,-0.63,1.0,1.0,0.4,0.6,0.0,0.5,0.82,0.656,0.9,1.0,0.85,0.85,0.7,1,1.0,0.4,0.4,0.55,0.0,0.0,0.8779375,0.0,0.8779375,0.0,0.0,0.0,0.0,0.72,0.3,0.0,0.0,0.1,0.5,0.3,0.7,0.8,0.705,69.5163,0.295,0.349,0.28,0.0,14.2208
NCT01951157,A Randomized-Controlled Three-arm Phase II Study of Lurbinectedin (PM01183) Alone or In Combination With Gemcitabine and a Control Arm With Docetaxel as Second-Line Treatment in Unresectable Non-Small Cell Lung Cancer (NSCLC) Patients,COMPLETED,gemcitabine,RRM1,small_molecule,nsclc,True,2013.0,0,0,0,completed+results+no_positive_signal,1,1.0,0.3,0.2,0.25,0.3,0.4,0.25,0.3,0.153,0.15,0.14705882352941177,0.0,0.47,,,,1,1,0,475.0,0.000819562105263158,0.95,1.0,1.0,0.5399499999999999,0.05,0.54,0.7,4.0,0.2,0.08,0.42,0.0,0.0,0.0,0.0,0.0,0.4,0.6,0.0,0.5,0.58,0.46399999999999997,0.6,0.7,0.62,0.62,0.7,1,1.0,0.2,0.3,0.4,0.0,0.0,0.8049875000000001,0.0,0.8049875000000001,0.0,0.0,0.9803921568627451,0.6862745098039215,0.24,0.3,0.14705882352941177,0.1515,0.1,0.5,0.3,0.7,0.8,0.1875,48.0085,0.295,0.1784,0.28,0.4651,9.8023
NCT00216203,A Phase I-IIa Dose-Ranging Study of Pemetrexed (Alimta) Plus Cetuximab (Erbitux) in Patients With Recurrent Non-Small Cell Lung Cancer (NSCLC): Hoosier Oncology Group LUN04-79,COMPLETED,cetuximab,EGFR,antibody,nsclc,True,2005.0,1,1,1,completed+positive_text+results,1,1.0,0.92,0.85,0.8,0.95,0.4,0.75,0.9,1.0,1.0,0.8166677488474774,0.0,0.9,,,,0,1,0,774.0,0.0007825607235142119,1.0,1.0,1.0,0.6139,0.1,1.0,0.7,56.0,1.0,1.0,0.85,1.0,1.0,-0.82,1.0,1.0,0.4,0.6,0.0,0.5,0.95,0.76,1.0,1.0,0.9,0.9,0.8,1,1.0,0.2,0.3,0.4,0.0,0.0,0.0,0.295,0.295,1.0,0.0,1.0,0.7,0.968,0.92,0.8166677488474774,1.0,0.425,0.5,0.3,0.7,0.8,0.9175,78.1816,0.295,0.7986,0.3788,0.9033,16.2021
NCT03101254,A Phase I/II Study of LY3022855 With BRAF/MEK Inhibition in Patients With Melanoma,COMPLETED,vemurafenib,BRAF,small_molecule,melanoma,True,2017.0,0,0,0,completed+results+no_positive_signal,1,1.0,0.95,0.9,0.88,0.95,0.4,0.72,0.9,1.0,1.0,0.657185628742515,0.0,0.75,,,,0,1,0,689.0,0.0007610406386066763,1.0,1.0,1.0,0.5917499999999999,0.05,1.0,0.7,21.0,1.0,0.42,0.7,1.0,1.0,-0.63,1.0,1.0,0.4,0.6,0.0,0.5,0.82,0.656,0.9,1.0,0.85,0.85,0.7,1,1.0,0.4,0.4,0.55,0.0,0.0,0.8779375,0.0,0.8779375,0.0,0.0,1.0,0.7,0.98,0.95,0.657185628742515,1.0,0.45,0.5,0.3,0.7,0.8,0.9045,69.6788,0.295,0.791,0.3795,0.8714,14.4936
NCT03892642,Phase Ib Study of Avelumab Plus Bacille Calmette-Guerin (BCG) in Patients With Non-muscle Invasive Bladder Cancer (ABC Trial),COMPLETED,avelumab,CD274,antibody,bladder cancer,True,2019.0,0,0,0,completed+results+no_positive_signal,1,1.0,0.85,0.6,0.65,0.9,0.4,0.7,0.82,0.038,0.01,1.0,0.0,0.45,,,,0,1,0,929.0,0.0007426555435952638,1.0,1.0,1.0,0.688875,0.2,0.6,0.7,27.0,1.0,0.54,0.4,0.5,0.5,-0.18,0.0,0.0,0.4,0.6,0.0,0.5,0.58,0.46399999999999997,0.9,1.0,0.63,0.63,0.8,1,1.0,0.85,0.95,0.8,1.0,1.0,0.0,0.6575,0.6575,1.0,0.0,0.2631578947368421,0.18421052631578946,0.94,0.85,1.0,0.024,0.3,0.5,0.3,0.7,0.8,0.529,93.5833,0.295,0.5082,0.355,0.3138,19.0647
NCT02454842,"A Phase 2 Study of TH-4000 (Tarloxotinib) in Patients With EGFR-Mutant, T790M-Negative, Advanced Non-Small Cell Lung Cancer Progressing on an EGFR Tyrosine Kinase Inhibitor",TERMINATED,unmapped,UNKNOWN,unknown,nsclc,True,2015.0,0,0,0,terminated+efficacy,0,0.0,0.0,0.0,0.0,0.0,0.0,0.0,0.0,0.0,0.0,0.0,0.0,0.0,,,,1,1,0,0.0,0.0,0.0,0.0,0.0,0.0,0.0,0.0,0.0,0.0,0.0,0.0,0.0,0.0,0.0,0.0,0.0,0.0,0.4,0.5,0.0,0.5,0.0,0.0,0.0,0.0,0.0,0.0,0.3,0,0.0,0.2,0.3,0.4,0.0,0.0,0.0,0.0,0.0,0.0,1.0,0.0,0.0,0.0,0.0,0.0,0.0,0.0,0.5,0.3,0.7,0.8,0.0,0.0,0.295,0.0,0.22,0.0,0.0625
NCT00361231,"Phase II Study of Gemcitabine, Oxaliplatin in Combination With Bevacizumab (Avastin) in Unresectable or Metastatic Biliary Tract and Gallbladder Cancer",COMPLETED,bevacizumab,VEGFA,antibody,bladder cancer,True,2006.0,0,0,0,completed+results+no_positive_signal,1,1.0,0.3,0.2,0.25,0.3,0.4,0.25,0.3,0.104,0.0,0.8173076923076923,0.0,0.75,,,,1,1,0,582.0,0.0006893024054982818,1.0,1.0,1.0,0.83255,0.3,1.0,0.7,30.0,1.0,0.6,0.7,1.0,1.0,-0.22,0.0,0.0,0.4,0.6,0.0,0.5,0.82,0.656,0.7,0.8,0.83,0.83,0.8,1,1.0,0.2,0.3,0.5,0.0,0.0,0.0,0.295,0.295,1.0,0.0,0.0,0.0,0.72,0.3,0.8173076923076923,0.052,0.1,0.5,0.3,0.7,0.8,0.704,58.7649,0.295,0.4146,0.28,0.1921,12.1026
NCT00287872,VELCADE (Bortezomib) and Thalidomide in Newly Diagnosed Patients With Multiple Myeloma,COMPLETED,bortezomib,PSMB5,small_molecule,multiple myeloma,False,2004.0,0,0,0,completed+results+no_positive_signal,1,1.0,0.85,0.6,0.65,0.92,0.4,0.65,0.8,0.032,0.02,0.9375,0.0,0.45,,,,0,1,1,1170.0,0.0009419982905982905,1.0,1.0,1.0,0.6293333333333334,0.05,0.38,0.7,173.0,1.0,1.0,0.4,0.5,0.5,-0.83,1.0,1.0,0.4,0.6,0.0,0.5,0.65,0.52,0.8,0.9,0.62,0.62,0.7,1,1.0,0.25,0.3,0.45,0.0,0.0,0.8673333333333334,0.0,0.8673333333333334,0.0,0.0,0.625,0.4375,0.94,0.85,0.9375,0.026000000000000002,0.3,,,,,0.5285,117.7699,0.0,0.4758,0.35,0.4415,23.8779
NCT02924883,"A Randomized, Multicenter, Double-Blind, Placebo-Controlled Phase II Study of the Efficacy and Safety of Trastuzumab Emtansine in Combination With Atezolizumab or Atezolizumab-Placebo in Patients With HER2-Positive Locally Advanced or Metastatic Breast Cancer Who Have Received Prior Trastuzumab and Taxane Based Therapy",COMPLETED,atezolizumab,CD274,antibody,breast cancer,True,2016.0,0,0,0,completed+results+no_positive_signal,1,1.0,0.3,0.2,0.25,0.3,0.4,0.25,0.3,0.111,0.04,1.0,0.0,0.45,,,,1,1,0,929.0,0.0007426555435952638,1.0,1.0,1.0,0.688875,0.2,0.6,0.7,27.0,1.0,0.54,0.4,0.5,0.5,-0.18,0.0,0.0,0.4,0.6,0.0,0.5,0.58,0.46399999999999997,0.9,1.0,0.63,0.63,0.8,1,1.0,0.85,0.95,0.8,1.0,1.0,0.0,0.6575,0.6575,1.0,0.0,0.36036036036036034,0.25225225225225223,0.72,0.3,1.0,0.0755,0.1,0.5,0.3,0.7,0.8,0.409,93.4383,0.295,0.4017,0.28,0.3741,18.9792
NCT01350245,A Two Step Approach to Allogeneic Hematopoietic Stem Cell Transplantation for Patients With Hematologic Malignancies in Remission From HLA Partially-Matched Related Donors,COMPLETED,cyclophosphamide,DNA,small_molecule,leukemia,True,2010.0,0,0,0,completed+results+no_positive_signal,1,1.0,0.3,0.2,0.25,0.3,0.4,0.25,0.3,1.0,1.0,0.28779487613088695,0.0,0.3,,,,1,1,0,578.0,0.0007351176470588234,1.0,1.0,1.0,0.5889090909090909,0.05,0.28,0.7,10.0,0.5,0.2,0.2,0.0,0.0,0.0,0.0,0.0,0.4,0.6,0.0,0.5,0.4,0.32000000000000006,0.2,0.3,0.3,0.3,0.7,1,1.0,0.2,0.3,0.4,0.0,0.0,0.7372272727272728,0.0,0.7372272727272728,0.0,0.0,1.0,0.7,0.42,0.3,0.28779487613088695,1.0,0.1,0.5,0.3,0.7,0.8,0.1325,58.3158,0.295,0.514,0.28,0.7976,11.9503
NCT02915783,"A Single-arm, Multicenter, Phase 2 Trial to Evaluate Efficacy and Safety of Lenvatinib in Combination With Everolimus in Subjects With Unresectable Advanced or Metastatic Non Clear Cell Renal Cell Carcinoma (nccRCC) Who Have Not Received Any Chemotherapy for Advanced Disease",COMPLETED,lenvatinib,VEGFR2,small_molecule,renal cell carcinoma,True,2017.0,1,1,1,completed+positive_text+results,1,1.0,0.3,0.2,0.25,0.3,0.4,0.25,0.3,0.2,0.17,0.45,0.0,0.55,,,,1,1,0,606.0,0.0007355808580858086,1.0,0.5,0.0,0.0,0.2,1.0,0.7,7.0,0.35,0.14,0.5,0.5,0.5,-0.31,0.5,0.0,0.4,0.6,0.0,0.5,0.4,0.32000000000000006,0.9,1.0,0.3,0.3,0.7,1,1.0,0.2,0.3,0.4,0.0,0.0,0.33,0.0,0.33,0.0,0.5,0.85,0.595,0.32999999999999996,0.3,0.45,0.185,0.1,0.5,0.3,0.7,0.8,0.4125,60.835,0.295,0.259,0.28,0.4893,12.4424
NCT02532257,"An Open Label, Phase 2 Study of Ibrutinib in Combination With Rituximab and Lenalidomide in Previously Untreated Subjects With Follicular Lymphoma and Marginal Zone Lymphoma",COMPLETED,ibrutinib,BTK,small_molecule,lymphoma,True,2016.0,0,0,0,completed+results+no_positive_signal,1,1.0,0.9,0.7,0.75,0.93,0.4,0.65,0.85,1.0,0.81,1.0,0.0,0.65,,,,0,1,0,529.0,0.0007996710775047259,1.0,0.5,0.1,0.796,0.05,1.0,0.7,14.0,0.7,0.28,0.6,1.0,1.0,-0.65,1.0,1.0,0.4,0.6,0.0,0.5,0.75,0.6000000000000001,0.9,1.0,0.77,0.77,0.7,1,1.0,0.3,0.4,0.65,0.0,0.0,0.554,0.0,0.554,0.0,0.5,0.81,0.567,0.78,0.9,1.0,0.905,0.35,0.5,0.3,0.7,0.8,0.831,53.4664,0.295,0.67,0.3575,0.8517,11.2033
NCT02511132,A 2-part Trial Comparing Overall Survival of Patients With Metastatic Ewing's Sarcoma Treated With Vigil Versus Gemcitabine and Docetaxel and to Determine Safety Profile of Vigil in Combination With Irinotecan and Temozolomide.,COMPLETED,gemcitabine,RRM1,small_molecule,cancer nos,True,2016.0,0,0,0,completed+results+no_positive_signal,1,1.0,0.3,0.2,0.25,0.3,0.4,0.25,0.3,0.0,0.0,0.0,0.0,0.47,,,,1,1,0,475.0,0.000819562105263158,0.95,1.0,1.0,0.5399499999999999,0.05,0.54,0.7,4.0,0.2,0.08,0.42,0.0,0.0,0.0,0.0,0.0,0.4,0.6,0.0,0.5,0.58,0.46399999999999997,0.6,0.7,0.62,0.62,0.7,1,1.0,0.2,0.3,0.4,0.0,0.0,0.8049875000000001,0.0,0.8049875000000001,0.0,0.0,0.0,0.0,0.24,0.3,0.0,0.0,0.1,0.5,0.3,0.7,0.8,0.1875,48.0085,0.295,0.133,0.28,0.0,9.7467
NCT00744900,A Phase II Trial With Pemetrexed Plus Cisplatin as First Line Chemotherapy for Advanced Non - Small Cell Lung Cancer (NSCLC) Patients With Measurable Asymptomatic Brain Metastasis (GFPC 07-01/METAL).,COMPLETED,cisplatin,DNA,small_molecule,cancer nos,True,2008.0,0,0,0,completed+negative_text,1,1.0,0.3,0.2,0.25,0.3,0.4,0.25,0.3,0.0,0.0,0.0,0.0,0.3,,,,1,1,0,578.0,0.0007351176470588234,1.0,1.0,1.0,0.5889090909090909,0.05,0.28,0.7,10.0,0.5,0.2,0.2,0.0,0.0,0.0,0.0,0.0,0.4,0.6,0.0,0.5,0.4,0.32000000000000006,0.2,0.3,0.3,0.3,0.7,1,1.0,0.2,0.3,0.4,0.0,0.0,0.7372272727272728,0.0,0.7372272727272728,0.0,0.0,0.0,0.0,0.42,0.3,0.0,0.0,0.1,0.5,0.3,0.7,0.8,0.1325,58.3158,0.295,0.214,0.28,0.0,11.8106
NCT03197467,Neoadjuvant Anti PD-1 Immunotherapy in Resectable Non-small Cell Lung Cancer [NEOMUN],COMPLETED,pembrolizumab,PDCD1,antibody,nsclc,True,2018.0,0,0,0,completed+results+no_positive_signal,1,1.0,0.92,0.68,0.72,0.95,0.4,0.75,0.88,0.03,0.0,1.0,0.0,0.5,,,,0,1,0,837.0,0.0007509342891278374,1.0,1.0,0.6,0.6553333333333333,0.05,0.36,0.7,9.0,0.45,0.18,0.45,0.5,0.5,-0.15,0.0,0.0,0.4,0.6,0.0,0.5,0.6,0.48,0.9,1.0,0.65,0.65,0.8,1,1.0,0.85,0.8,0.85,1.0,1.0,0.0,0.62,0.62,1.0,0.0,0.0,0.0,0.6380000000000001,0.92,1.0,0.015,0.34,0.5,0.3,0.7,0.8,0.5625,84.3253,0.295,0.3416,0.366,0.2083,17.1792
NCT02195011,A Two Arm Safety Study of Regorafenib Before or After SIR-Spheres Microspheres (90Y) for the Treatment of Patients With Refractory Metastatic Colorectal Cancer With Liver Metastases,COMPLETED,regorafenib,VEGFR2,small_molecule,colorectal cancer,True,2014.0,0,0,0,completed+results+no_positive_signal,1,1.0,0.3,0.2,0.25,0.3,0.4,0.25,0.3,0.278,0.24,0.5665467625899281,0.0,0.55,,,,1,1,0,606.0,0.0007355808580858086,1.0,0.5,0.0,0.0,0.2,1.0,0.7,7.0,0.35,0.14,0.5,0.5,0.5,-0.31,0.5,0.0,0.4,0.6,0.0,0.5,0.4,0.32000000000000006,0.9,1.0,0.3,0.3,0.7,1,1.0,0.2,0.3,0.4,0.0,0.0,0.33,0.0,0.33,0.0,0.5,0.8633093525179855,0.6043165467625898,0.32999999999999996,0.3,0.5665467625899281,0.259,0.1,0.5,0.3,0.7,0.8,0.4125,60.835,0.295,0.2812,0.28,0.5444,12.4523
NCT00940316,A Randomized Phase II Study of Dual Epidermal Growth Factor Receptor Inhibition With Erlotinib and Panitumumab With or Without Irinotecan as Second Line Therapy in Patients With Metastatic Colorectal Cancer,COMPLETED,erlotinib,EGFR,small_molecule,colorectal cancer,True,2010.0,0,0,0,completed+results+no_positive_signal,1,1.0,0.72,0.55,0.65,0.75,0.4,0.55,0.7,1.0,1.0,0.5960482985729967,0.0,0.9,,,,0,1,0,774.0,0.0007825607235142119,1.0,1.0,1.0,0.6139,0.1,1.0,0.7,56.0,1.0,1.0,0.85,1.0,1.0,-0.82,1.0,1.0,0.4,0.6,0.0,0.5,0.95,0.76,1.0,1.0,0.9,0.9,0.7,1,1.0,0.2,0.3,0.4,0.0,0.0,0.903475,0.0,0.903475,0.0,0.0,1.0,0.7,0.8879999999999999,0.72,0.5960482985729967,1.0,0.275,0.5,0.3,0.7,0.8,0.85,78.1316,0.295,0.7526,0.3362,0.8592,16.1552
NCT01053949,A Multicenter Randomized Open Label Phase II Study of Pomalidomide and Dexamethasone in Relapse and Refractory Multiple Myeloma Patients Who Are Progressive and Did Not Achieve at Least a Partial Response to Bortezomib and Lenalidomide,COMPLETED,pomalidomide,CRBN,small_molecule,multiple myeloma,True,2009.0,1,1,1,completed+positive_text+approved,1,1.0,0.3,0.2,0.25,0.3,0.4,0.25,0.3,0.2,0.05,0.875,0.0,0.4,,,,1,1,0,630.0,0.0008394936507936509,1.0,0.5,0.0,0.0,0.05,0.32,0.7,1.0,0.05,0.02,0.35,0.5,0.5,-0.55,1.0,1.0,0.4,0.6,0.0,0.5,0.55,0.44000000000000006,0.6,0.7,0.58,0.58,0.7,1,1.0,0.3,0.4,0.55,0.1,0.0,0.27,0.0,0.27,0.0,0.5,0.25,0.175,0.15,0.3,0.875,0.125,0.1,0.5,0.3,0.7,0.8,0.3965,63.2775,0.295,0.13,0.28,0.3313,12.8853
NCT01135498,"An Open-label Study of the Effect of First-line Treatment With Avastin+Xelox, Followed by Avastin+Tarceva, on Progression-free Survival in Patients With Metastatic Colorectal Cancer",COMPLETED,erlotinib,EGFR,small_molecule,colorectal cancer,True,2006.0,0,0,0,completed+results+no_positive_signal,1,1.0,0.72,0.55,0.65,0.75,0.4,0.55,0.7,1.0,1.0,0.5960482985729967,0.0,0.9,,,,0,1,0,774.0,0.0007825607235142119,1.0,1.0,1.0,0.6139,0.1,1.0,0.7,56.0,1.0,1.0,0.85,1.0,1.0,-0.82,1.0,1.0,0.4,0.6,0.0,0.5,0.95,0.76,1.0,1.0,0.9,0.9,0.7,1,1.0,0.2,0.3,0.4,0.0,0.0,0.903475,0.0,0.903475,0.0,0.0,1.0,0.7,0.8879999999999999,0.72,0.5960482985729967,1.0,0.275,0.5,0.3,0.7,0.8,0.85,78.1316,0.295,0.7526,0.3362,0.8592,16.1552
NCT01058655,"A Phase I/II Study of RAD001 and AV-951 in Patients With Refractory, Metastatic Colorectal Cancer",COMPLETED,everolimus,MTOR,small_molecule,cancer nos,True,2010.0,0,0,0,completed+results+no_positive_signal,1,1.0,0.3,0.2,0.25,0.3,0.4,0.25,0.3,0.0,0.0,0.0,0.0,0.6,,,,1,1,0,557.0,0.0007751023339317773,1.0,1.0,1.0,0.7293,0.05,1.0,0.7,56.0,1.0,1.0,0.55,0.5,0.5,-0.61,1.0,1.0,0.4,0.6,0.0,0.5,0.85,0.68,0.9,1.0,0.8,0.8,0.7,1,1.0,0.15,0.25,0.35,0.0,0.0,0.912325,0.0,0.912325,0.0,0.0,0.0,0.0,0.72,0.3,0.0,0.0,0.1,0.5,0.3,0.7,0.8,0.4475,56.3369,0.295,0.349,0.28,0.0,11.5206
NCT01146795,"Feasibility of Carboplatin, Paclitaxel and Bevacizumab Neoadjuvant Therapy for Epithelial Ovarian, Fallopian Tube and Primary Peritoneal Cancer",COMPLETED,bevacizumab,VEGFA,antibody,ovarian cancer,True,2010.0,0,0,0,completed+results+no_positive_signal,1,1.0,0.3,0.2,0.25,0.3,0.4,0.25,0.3,0.204,0.07,0.6004901960784313,0.0,0.75,,,,1,1,0,582.0,0.0006893024054982818,1.0,1.0,1.0,0.83255,0.3,1.0,0.7,30.0,1.0,0.6,0.7,1.0,1.0,-0.22,0.0,0.0,0.4,0.6,0.0,0.5,0.82,0.656,0.7,0.8,0.83,0.83,0.8,1,1.0,0.2,0.3,0.5,0.0,0.0,0.0,0.295,0.295,1.0,0.0,0.34313725490196084,0.24019607843137258,0.72,0.3,0.6004901960784313,0.137,0.1,0.5,0.3,0.7,0.8,0.704,58.7649,0.295,0.4401,0.28,0.3153,12.12
NCT00460109,A Phase II Clinical Trial of Denileukin Diftitox in Combination With Rituximab in Previously Untreated Follicular B-Cell Non-Hodgkin's Lymphoma,COMPLETED,rituximab,MS4A1,antibody,lymphoma,True,2008.0,0,0,0,completed+results+no_positive_signal,1,1.0,0.88,0.65,0.7,0.92,0.4,0.68,0.85,0.028,0.0,0.7142857142857142,0.0,0.65,,,,0,1,0,525.0,0.0006596552380952381,1.0,0.5,0.0,0.0,0.05,0.44,0.7,11.0,0.55,0.22,0.6,0.5,0.5,-0.44,0.5,0.0,0.4,0.6,0.0,0.5,0.68,0.544,0.9,1.0,0.73,0.73,0.8,1,1.0,0.25,0.35,0.65,0.0,0.0,0.0,0.3075,0.3075,1.0,0.5,0.0,0.0,0.682,0.88,0.7142857142857142,0.014,0.325,0.5,0.3,0.7,0.8,0.589,52.8785,0.295,0.3606,0.3568,0.1506,10.8931
NCT00723099,Transplantation of Umbilical Cord Blood in Patients With Hematological Malignancies Using a Reduced-Intensity Preparative Regimen (A Multi-Center Trial Coordinated by the FHCRC),COMPLETED,cyclophosphamide,DNA,small_molecule,lymphoma,True,2008.0,0,0,0,completed+results+no_positive_signal,1,1.0,0.3,0.2,0.25,0.3,0.4,0.25,0.3,1.0,1.0,0.34801192063367575,0.0,0.3,,,,1,1,0,578.0,0.0007351176470588234,1.0,1.0,1.0,0.5889090909090909,0.05,0.28,0.7,10.0,0.5,0.2,0.2,0.0,0.0,0.0,0.0,0.0,0.4,0.6,0.0,0.5,0.4,0.32000000000000006,0.2,0.3,0.3,0.3,0.7,1,1.0,0.2,0.3,0.4,0.0,0.0,0.7372272727272728,0.0,0.7372272727272728,0.0,0.0,1.0,0.7,0.42,0.3,0.34801192063367575,1.0,0.1,0.5,0.3,0.7,0.8,0.1325,58.3158,0.295,0.514,0.28,0.8096,11.9516
NCT02178436,"Phase Ib Study of the Selective Inhibitor of Nuclear Export (SINE) Selinexor (KPT-330), Gemcitabine and Nab-Paclitaxel and Phase II Study of Gemcitabine and Selinexor in Patients With Metastatic Pancreatic Cancer",COMPLETED,gemcitabine,RRM1,small_molecule,pancreatic cancer,True,2014.0,0,0,0,completed+results+no_positive_signal,1,1.0,0.3,0.2,0.25,0.3,0.4,0.25,0.3,0.068,0.02,0.5147058823529411,0.0,0.47,,,,1,1,0,475.0,0.000819562105263158,0.95,1.0,1.0,0.5399499999999999,0.05,0.54,0.7,4.0,0.2,0.08,0.42,0.0,0.0,0.0,0.0,0.0,0.4,0.6,0.0,0.5,0.58,0.46399999999999997,0.6,0.7,0.62,0.62,0.7,1,1.0,0.2,0.3,0.4,0.0,0.0,0.8049875000000001,0.0,0.8049875000000001,0.0,0.0,0.29411764705882354,0.20588235294117646,0.24,0.3,0.5147058823529411,0.044000000000000004,0.1,0.5,0.3,0.7,0.8,0.1875,48.0085,0.295,0.1462,0.28,0.2378,9.7731
NCT01660711,"A Pilot Study of Neoadjuvant and Adjuvant mFOLFIRINOX in Localized, Resectable Pancreatic Adenocarcinoma",COMPLETED,oxaliplatin,DNA,small_molecule,pancreatic cancer,True,2012.0,0,0,0,completed+results+no_positive_signal,1,1.0,0.3,0.2,0.25,0.3,0.4,0.25,0.3,1.0,0.68,0.6718241042345277,0.0,0.3,,,,1,1,0,578.0,0.0007351176470588234,1.0,1.0,1.0,0.5889090909090909,0.05,0.28,0.7,10.0,0.5,0.2,0.2,0.0,0.0,0.0,0.0,0.0,0.4,0.6,0.0,0.5,0.4,0.32000000000000006,0.2,0.3,0.3,0.3,0.7,1,1.0,0.2,0.3,0.4,0.0,0.0,0.7372272727272728,0.0,0.7372272727272728,0.0,0.0,0.68,0.476,0.42,0.3,0.6718241042345277,0.8400000000000001,0.1,0.5,0.3,0.7,0.8,0.1325,58.3158,0.295,0.466,0.28,0.7256,11.9335
NCT03510871,Nivolumab Plus Ipilimumab as Neoadjuvant Therapy for Hepatocellular Carcinoma (HCC),COMPLETED,nivolumab,PDCD1,antibody,hepatocellular carcinoma,True,2019.0,1,1,1,completed+positive_text+approved,1,1.0,0.3,0.2,0.25,0.3,0.4,0.25,0.3,0.089,0.0,1.0,0.0,0.5,,,,1,1,0,837.0,0.0007509342891278374,1.0,1.0,0.6,0.6553333333333333,0.05,0.36,0.7,9.0,0.45,0.18,0.45,0.5,0.5,-0.15,0.0,0.0,0.4,0.6,0.0,0.5,0.6,0.48,0.9,1.0,0.65,0.65,0.8,1,1.0,0.85,0.8,0.85,1.0,1.0,0.0,0.62,0.62,1.0,0.0,0.0,0.0,0.39,0.3,1.0,0.0445,0.1,0.5,0.3,0.7,0.8,0.42,84.1658,0.295,0.2139,0.28,0.2245,17.0749
NCT00089999,"A Phase II, Open-Label, Randomized, Parallel-Group Multicenter Trial Comparing Two Schedules of GW572016 as First-Line Monotherapy in Patients With Advanced or Metastatic Breast Cancer",COMPLETED,lapatinib,ERBB2,small_molecule,breast cancer,True,2004.0,0,0,0,completed+results+no_positive_signal,1,1.0,0.95,0.88,0.85,0.98,0.4,0.8,0.92,1.0,1.0,0.44339622641509435,0.0,0.85,,,,0,1,0,739.0,0.0007936373477672532,1.0,0.5,0.3,0.7236666666666667,0.2,1.0,0.7,45.0,1.0,0.9,0.8,1.0,1.0,-0.71,1.0,1.0,0.4,0.6,0.0,0.5,0.9,0.7200000000000001,1.0,1.0,0.88,0.88,0.7,1,1.0,0.15,0.35,0.45,0.0,0.0,0.0,0.3075,0.3075,1.0,0.5,1.0,0.7,0.98,0.95,0.44339622641509435,1.0,0.44,0.5,0.3,0.7,0.8,0.9185,74.5055,0.295,0.824,0.386,0.8287,15.4658
NCT03990571,A Phase 2 Clinical Trial of Axitinib and Avelumab in Patients With Recurrent/Metastatic Adenoid Cystic Carcinoma (ACC),COMPLETED,avelumab,CD274,antibody,cancer nos,True,2019.0,0,0,0,completed+results+no_positive_signal,1,1.0,0.3,0.2,0.25,0.3,0.4,0.25,0.3,0.0,0.0,0.0,0.0,0.45,,,,1,1,0,929.0,0.0007426555435952638,1.0,1.0,1.0,0.688875,0.2,0.6,0.7,27.0,1.0,0.54,0.4,0.5,0.5,-0.18,0.0,0.0,0.4,0.6,0.0,0.5,0.58,0.46399999999999997,0.9,1.0,0.63,0.63,0.8,1,1.0,0.85,0.95,0.8,1.0,1.0,0.0,0.6575,0.6575,1.0,0.0,0.0,0.0,0.72,0.3,0.0,0.0,0.1,0.5,0.3,0.7,0.8,0.409,93.4383,0.295,0.379,0.28,0.0,18.9372
NCT00578864,PEPI: Protracted Etoposide in a Phase II Upfront Window for Induction Therapy for High Risk Neuroblastoma,COMPLETED,cisplatin,DNA,small_molecule,cancer nos,True,2007.0,0,0,0,completed+results+no_positive_signal,1,1.0,0.3,0.2,0.25,0.3,0.4,0.25,0.3,0.0,0.0,0.0,0.0,0.3,,,,1,1,0,578.0,0.0007351176470588234,1.0,1.0,1.0,0.5889090909090909,0.05,0.28,0.7,10.0,0.5,0.2,0.2,0.0,0.0,0.0,0.0,0.0,0.4,0.6,0.0,0.5,0.4,0.32000000000000006,0.2,0.3,0.3,0.3,0.7,1,1.0,0.2,0.3,0.4,0.0,0.0,0.7372272727272728,0.0,0.7372272727272728,0.0,0.0,0.0,0.0,0.42,0.3,0.0,0.0,0.1,0.5,0.3,0.7,0.8,0.1325,58.3158,0.295,0.214,0.28,0.0,11.8106
NCT03828799,"Safety, Tolerability and Efficacy of Regorafenib in Combination With FOLFIRINOX in Patients With RAS-mutated Metastatic Colorectal Cancer: a Dose-escalation, Phase I/II Trial",COMPLETED,regorafenib,VEGFR2,small_molecule,colorectal cancer,True,2019.0,0,0,0,completed+results+no_positive_signal,1,1.0,0.3,0.2,0.25,0.3,0.4,0.25,0.3,0.278,0.24,0.5665467625899281,0.0,0.55,,,,1,1,0,606.0,0.0007355808580858086,1.0,0.5,0.0,0.0,0.2,1.0,0.7,7.0,0.35,0.14,0.5,0.5,0.5,-0.31,0.5,0.0,0.4,0.6,0.0,0.5,0.4,0.32000000000000006,0.9,1.0,0.3,0.3,0.7,1,1.0,0.2,0.3,0.4,0.0,0.0,0.33,0.0,0.33,0.0,0.5,0.8633093525179855,0.6043165467625898,0.32999999999999996,0.3,0.5665467625899281,0.259,0.1,0.5,0.3,0.7,0.8,0.4125,60.835,0.295,0.2812,0.28,0.5444,12.4523
NCT00071006,Phase 2 Study Of AG-013736 In Patients With Poor Prognosis Acute Myeloid Leukemia (AML) Or Myelodysplastic Syndrome (MDS),COMPLETED,axitinib,VEGFR2,small_molecule,leukemia,False,2003.0,0,0,0,completed+results+no_positive_signal,1,1.0,0.3,0.2,0.25,0.3,0.4,0.25,0.3,0.155,0.08,0.5161290322580645,0.0,0.55,,,,1,1,1,606.0,0.0007355808580858086,1.0,0.5,0.0,0.0,0.2,1.0,0.7,7.0,0.35,0.14,0.5,0.5,0.5,-0.31,0.5,0.0,0.4,0.6,0.0,0.5,0.4,0.32000000000000006,0.9,1.0,0.3,0.3,0.7,1,1.0,0.2,0.3,0.4,0.0,0.0,0.33,0.0,0.33,0.0,0.5,0.5161290322580645,0.36129032258064514,0.32999999999999996,0.3,0.5161290322580645,0.1175,0.1,,,,,0.4125,60.835,0.0,0.2387,0.28,0.3531,12.3952
NCT00103207,Phase II Study of C225 (Cetuximab) for the Treatment of Patients With Advanced Bronchioalveolar Carcinoma (BAC) or Adenocarcinoma With BAC Features,COMPLETED,cetuximab,EGFR,antibody,cancer nos,True,2005.0,0,0,0,completed+results+no_positive_signal,1,1.0,0.3,0.2,0.25,0.3,0.4,0.25,0.3,0.001,0.0,0.0,0.0,0.9,,,,1,1,0,774.0,0.0007825607235142119,1.0,1.0,1.0,0.6139,0.1,1.0,0.7,56.0,1.0,1.0,0.85,1.0,1.0,-0.82,1.0,1.0,0.4,0.6,0.0,0.5,0.95,0.76,1.0,1.0,0.9,0.9,0.8,1,1.0,0.2,0.3,0.4,0.0,0.0,0.0,0.295,0.295,1.0,0.0,0.0,0.0,0.72,0.3,0.0,0.0005,0.1,0.5,0.3,0.7,0.8,0.7375,78.0221,0.295,0.3591,0.28,0.0003,15.9321
NCT02297139,Continuing Treatment for Subjects Who Have Participated on a Prior Protocol Investigating Dasatinib,COMPLETED,dasatinib,ABL1,small_molecule,cancer nos,True,2015.0,0,0,0,completed+results+no_positive_signal,1,1.0,0.3,0.2,0.25,0.3,0.4,0.25,0.3,0.0,0.0,0.0,0.0,0.8,,,,1,1,0,399.0,0.0007217443609022556,0.798,1.0,1.0,0.5742,0.1,1.0,0.7,13.0,0.65,0.26,0.75,1.0,1.0,-0.77,1.0,1.0,0.4,0.6,0.0,0.5,0.9,0.7200000000000001,1.0,1.0,0.84,0.84,0.7,1,1.0,0.2,0.25,0.35,0.0,0.0,0.8935500000000001,0.0,0.8935500000000001,0.0,0.0,0.0,0.0,0.51,0.3,0.0,0.0,0.1,0.5,0.3,0.7,0.8,0.7145,40.5161,0.295,0.2645,0.28,0.0,8.4063
NCT00305877,An Intergroup Randomized Phase II Study of Bevacizumab (NSC 704865) or Cetuximab (NSC 714692) in Combination With Gemcitabine and in Combination With Chemoradiation (Capecitabine and Radiation) in Patients With Completely-Resected Pancreatic Carcinoma,COMPLETED,cetuximab,EGFR,antibody,pancreatic cancer,True,2006.0,0,0,0,completed+results+no_positive_signal,1,1.0,0.3,0.2,0.25,0.3,0.4,0.25,0.3,0.978,0.5,0.5879345603271983,0.0,0.9,,,,1,1,0,774.0,0.0007825607235142119,1.0,1.0,1.0,0.6139,0.1,1.0,0.7,56.0,1.0,1.0,0.85,1.0,1.0,-0.82,1.0,1.0,0.4,0.6,0.0,0.5,0.95,0.76,1.0,1.0,0.9,0.9,0.8,1,1.0,0.2,0.3,0.4,0.0,0.0,0.0,0.295,0.295,1.0,0.0,0.5112474437627812,0.35787321063394684,0.72,0.3,0.5879345603271983,0.739,0.1,0.5,0.3,0.7,0.8,0.7375,78.0221,0.295,0.5807,0.28,0.6234,16.0388
NCT03873493,"A Prospective, Open-Label, Single-Arm, Phase 2, Multicenter Study Evaluating the Efficacy of Venetoclax Plus Ibrutinib in Subjects With T-Cell Prolymphocytic Leukemia",COMPLETED,ibrutinib,BTK,small_molecule,leukemia,True,2020.0,0,0,0,completed+results+no_positive_signal,1,1.0,0.92,0.72,0.78,0.95,0.4,0.68,0.88,1.0,0.72,1.0,0.0,0.65,,,,0,1,0,529.0,0.0007996710775047259,1.0,0.5,0.1,0.796,0.05,1.0,0.7,14.0,0.7,0.28,0.6,1.0,1.0,-0.65,1.0,1.0,0.4,0.6,0.0,0.5,0.75,0.6000000000000001,0.9,1.0,0.77,0.77,0.7,1,1.0,0.3,0.4,0.65,0.0,0.0,0.554,0.0,0.554,0.0,0.5,0.72,0.504,0.788,0.92,1.0,0.86,0.36,0.5,0.3,0.7,0.8,0.8385,53.4714,0.295,0.6626,0.362,0.8098,11.2012
NCT03041311,"Phase 2 Study of Carboplatin, Etoposide, and Atezolizumab With or Without Trilaciclib in Patients With Untreated Extensive-Stage Small Cell Lung Cancer (SCLC)",COMPLETED,atezolizumab,CD274,antibody,cancer nos,True,2017.0,1,1,1,completed+positive_text+results,1,1.0,0.3,0.2,0.25,0.3,0.4,0.25,0.3,0.0,0.0,0.0,0.0,0.45,,,,1,1,0,929.0,0.0007426555435952638,1.0,1.0,1.0,0.688875,0.2,0.6,0.7,27.0,1.0,0.54,0.4,0.5,0.5,-0.18,0.0,0.0,0.4,0.6,0.0,0.5,0.58,0.46399999999999997,0.9,1.0,0.63,0.63,0.8,1,1.0,0.85,0.95,0.8,1.0,1.0,0.0,0.6575,0.6575,1.0,0.0,0.0,0.0,0.72,0.3,0.0,0.0,0.1,0.5,0.3,0.7,0.8,0.409,93.4383,0.295,0.379,0.28,0.0,18.9372
NCT01996332,An Open-label Study of the Effect of Tarceva Monotherapy on Treatment Response in Patients With Advanced Non-small Cell Lung Cancer for Whom Tarceva Monotherapy is Considered the Best Option,COMPLETED,erlotinib,EGFR,small_molecule,nsclc,True,2004.0,0,0,0,completed+results+no_positive_signal,1,1.0,0.92,0.85,0.8,0.95,0.4,0.75,0.9,1.0,1.0,0.8166677488474774,0.0,0.9,,,,0,1,0,774.0,0.0007825607235142119,1.0,1.0,1.0,0.6139,0.1,1.0,0.7,56.0,1.0,1.0,0.85,1.0,1.0,-0.82,1.0,1.0,0.4,0.6,0.0,0.5,0.95,0.76,1.0,1.0,0.9,0.9,0.7,1,1.0,0.2,0.3,0.4,0.0,0.0,0.903475,0.0,0.903475,0.0,0.0,1.0,0.7,0.968,0.92,0.8166677488474774,1.0,0.425,0.5,0.3,0.7,0.8,0.9175,78.1816,0.295,0.7986,0.3788,0.9033,16.2021
NCT01532687,"A Randomized, Double-Blind Phase II, Study of Gemcitabine Alone or in Combination With Pazopanib for Refractory Soft Tissue Sarcoma",COMPLETED,pazopanib,VEGFR2,small_molecule,cancer nos,True,2012.0,0,0,0,completed+results+no_positive_signal,1,1.0,0.3,0.2,0.25,0.3,0.4,0.25,0.3,0.0,0.0,0.0,0.0,0.55,,,,1,1,0,606.0,0.0007355808580858086,1.0,0.5,0.0,0.0,0.2,1.0,0.7,7.0,0.35,0.14,0.5,0.5,0.5,-0.31,0.5,0.0,0.4,0.6,0.0,0.5,0.4,0.32000000000000006,0.9,1.0,0.3,0.3,0.7,1,1.0,0.2,0.3,0.4,0.0,0.0,0.33,0.0,0.33,0.0,0.5,0.0,0.0,0.32999999999999996,0.3,0.0,0.0,0.1,0.5,0.3,0.7,0.8,0.4125,60.835,0.295,0.2035,0.28,0.0,12.3823
NCT04933695,"A Phase 2, Multicenter, Open-label Study of Sotorasib (AMG 510) in Subjects With Stage IV NSCLC Whose Tumors Harbor a KRAS G12C Mutation in Need of First-line Treatment (CodeBreaK 201)",COMPLETED,sotorasib,KRAS,small_molecule,nsclc,True,2022.0,1,1,1,completed+positive_text+approved,1,1.0,0.88,0.82,0.85,0.7,0.4,0.65,0.85,1.0,1.0,0.8479619160963998,0.0,0.8,,,,0,1,0,613.0,0.0007490750407830343,1.0,1.0,1.0,0.62095,0.1,0.98,0.7,171.0,1.0,1.0,0.75,1.0,1.0,-0.91,1.0,0.0,0.4,0.6,0.0,0.5,0.88,0.7040000000000001,0.7,0.8,0.92,0.92,0.7,1,1.0,0.45,0.45,0.6,0.0,0.0,0.8452375000000001,0.0,0.8452375000000001,0.0,0.0,1.0,0.7,0.952,0.88,0.8479619160963998,1.0,0.41,0.5,0.3,0.7,0.8,0.9015,62.0411,0.295,0.7879,0.3665,0.9096,12.9666
NCT00166439,"A Phase II Trial of Oxaliplatin, Cytosine Arabinoside, Dexamethasone With Rituxan (ROAD) in Patients With Relapsed CD20+ B-Cell Non-Hodgkins Lymphoma",COMPLETED,oxaliplatin,DNA,small_molecule,lymphoma,True,2005.0,0,0,0,completed+results+no_positive_signal,1,1.0,0.3,0.2,0.25,0.3,0.4,0.25,0.3,1.0,1.0,0.34801192063367575,0.0,0.3,,,,1,1,0,578.0,0.0007351176470588234,1.0,1.0,1.0,0.5889090909090909,0.05,0.28,0.7,10.0,0.5,0.2,0.2,0.0,0.0,0.0,0.0,0.0,0.4,0.6,0.0,0.5,0.4,0.32000000000000006,0.2,0.3,0.3,0.3,0.7,1,1.0,0.2,0.3,0.4,0.0,0.0,0.7372272727272728,0.0,0.7372272727272728,0.0,0.0,1.0,0.7,0.42,0.3,0.34801192063367575,1.0,0.1,0.5,0.3,0.7,0.8,0.1325,58.3158,0.295,0.514,0.28,0.8096,11.9516
NCT00691301,"A Limited Access Phase II Trial of Pemetrexed (Alimta, LY231514) (NSC #698037) in Combination With Cisplatin (NSC #119875) in the Treatment of Advanced, Persistent, or Recurrent Carcinoma of the Cervix",COMPLETED,cisplatin,DNA,small_molecule,cervical cancer,True,2008.0,0,0,0,completed+results+no_positive_signal,1,1.0,0.3,0.2,0.25,0.3,0.4,0.25,0.3,1.0,1.0,0.4642951425554382,0.0,0.3,,,,1,1,0,578.0,0.0007351176470588234,1.0,1.0,1.0,0.5889090909090909,0.05,0.28,0.7,10.0,0.5,0.2,0.2,0.0,0.0,0.0,0.0,0.0,0.4,0.6,0.0,0.5,0.4,0.32000000000000006,0.2,0.3,0.3,0.3,0.7,1,1.0,0.2,0.3,0.4,0.0,0.0,0.7372272727272728,0.0,0.7372272727272728,0.0,0.0,1.0,0.7,0.42,0.3,0.4642951425554382,1.0,0.1,0.5,0.3,0.7,0.8,0.1325,58.3158,0.295,0.514,0.28,0.8329,11.9539
NCT00598507,Phase II Trial Of ZK-EPO (ZK 219477) (Sagopilone) In Metastatic Melanoma,COMPLETED,unmapped,UNKNOWN,unknown,melanoma,True,2007.0,1,1,1,completed+positive_text+results,0,0.0,0.0,0.0,0.0,0.0,0.0,0.0,0.0,0.0,0.0,0.0,0.0,0.0,,,,1,1,0,0.0,0.0,0.0,0.0,0.0,0.0,0.0,0.0,0.0,0.0,0.0,0.0,0.0,0.0,0.0,0.0,0.0,0.0,0.4,0.5,0.0,0.5,0.0,0.0,0.0,0.0,0.0,0.0,0.3,0,0.0,0.2,0.3,0.4,0.0,0.0,0.0,0.0,0.0,0.0,1.0,0.0,0.0,0.0,0.0,0.0,0.0,0.0,0.5,0.3,0.7,0.8,0.0,0.0,0.295,0.0,0.22,0.0,0.0625
NCT01126736,"An Open-Label, Multicenter, Randomized Phase Ib/II Study of Eribulin Mesylate Administered in Combination With Pemetrexed Versus Pemetrexed Alone as Second Line Therapy in Patients With Stage IIIB or IV Nonsquamous Non Small Cell Lung Cancer",COMPLETED,pemetrexed,TYMS,small_molecule,nsclc,True,2010.0,1,1,1,completed+positive_text+results,1,1.0,0.3,0.2,0.25,0.3,0.4,0.25,0.3,0.051,0.02,0.392156862745098,0.0,0.6,,,,1,1,0,481.0,0.0008138274428274429,0.962,1.0,1.0,0.82585,0.05,0.32,0.7,6.0,0.3,0.12,0.55,0.0,0.0,-0.91,1.0,0.0,0.4,0.6,0.0,0.5,0.7,0.5599999999999999,0.8,0.9,0.78,0.78,0.7,1,1.0,0.15,0.2,0.3,0.0,0.0,0.9164625000000001,0.0,0.9164625000000001,0.0,0.0,0.3921568627450981,0.27450980392156865,0.3,0.3,0.392156862745098,0.0355,0.1,0.5,0.3,0.7,0.8,0.2215,48.7514,0.295,0.1706,0.28,0.2469,9.936
NCT00390611,A Randomized Phase II Study of Paclitaxel/Carboplatin With or Without Sorafenib in the First-Line Treatment of Patients With Stage III/IV Epithelial Ovarian Cancer,COMPLETED,sorafenib,BRAF,small_molecule,ovarian cancer,True,2006.0,0,0,0,completed+results+no_positive_signal,1,1.0,0.3,0.2,0.25,0.3,0.4,0.25,0.3,0.196,0.12,0.586734693877551,0.0,0.75,,,,1,1,0,689.0,0.0007610406386066763,1.0,1.0,1.0,0.5917499999999999,0.05,1.0,0.7,21.0,1.0,0.42,0.7,1.0,1.0,-0.63,1.0,1.0,0.4,0.6,0.0,0.5,0.82,0.656,0.9,1.0,0.85,0.85,0.7,1,1.0,0.4,0.4,0.55,0.0,0.0,0.8779375,0.0,0.8779375,0.0,0.0,0.6122448979591836,0.4285714285714285,0.72,0.3,0.586734693877551,0.158,0.1,0.5,0.3,0.7,0.8,0.705,69.5163,0.295,0.3964,0.28,0.419,14.2722
NCT02985957,"A Phase 2 Trial of Nivolumab Plus Ipilimumab, Ipilimumab Alone, or Cabazitaxel in Men With Metastatic Castration-Resistant Prostate Cancer",COMPLETED,nivolumab,PDCD1,antibody,prostate cancer,True,2017.0,0,0,0,completed+results+no_positive_signal,1,1.0,0.3,0.2,0.25,0.3,0.4,0.25,0.3,0.009,0.0,1.0,0.0,0.5,,,,1,1,0,837.0,0.0007509342891278374,1.0,1.0,0.6,0.6553333333333333,0.05,0.36,0.7,9.0,0.45,0.18,0.45,0.5,0.5,-0.15,0.0,0.0,0.4,0.6,0.0,0.5,0.6,0.48,0.9,1.0,0.65,0.65,0.8,1,1.0,0.85,0.8,0.85,1.0,1.0,0.0,0.62,0.62,1.0,0.0,0.0,0.0,0.39,0.3,1.0,0.0045,0.1,0.5,0.3,0.7,0.8,0.42,84.1658,0.295,0.2019,0.28,0.2025,17.0703
NCT00409565,A Phase II Trial of Cetuximab and Bevacizumab in Patients With Recurrent or Metastatic Head and Neck Cancer,COMPLETED,cetuximab,EGFR,antibody,hnscc,True,2006.0,1,1,1,completed+positive_text+results,1,1.0,0.3,0.2,0.25,0.3,0.4,0.25,0.3,1.0,0.67,0.5491329479768786,0.0,0.9,,,,1,1,0,774.0,0.0007825607235142119,1.0,1.0,1.0,0.6139,0.1,1.0,0.7,56.0,1.0,1.0,0.85,1.0,1.0,-0.82,1.0,1.0,0.4,0.6,0.0,0.5,0.95,0.76,1.0,1.0,0.9,0.9,0.8,1,1.0,0.2,0.3,0.4,0.0,0.0,0.0,0.295,0.295,1.0,0.0,0.67,0.469,0.72,0.3,0.5491329479768786,0.835,0.1,0.5,0.3,0.7,0.8,0.7375,78.0221,0.295,0.6095,0.28,0.6964,16.0518
NCT00731211,A Phase II Trial of Pazopanib in Patients With Metastatic Renal Cell Carcinoma Previously Treated With Sunitinib or Bevacizumab,COMPLETED,pazopanib,VEGFR2,small_molecule,renal cell carcinoma,True,2008.0,0,0,0,completed+results+no_positive_signal,1,1.0,0.3,0.2,0.25,0.3,0.4,0.25,0.3,0.2,0.17,0.45,0.0,0.55,,,,1,1,0,606.0,0.0007355808580858086,1.0,0.5,0.0,0.0,0.2,1.0,0.7,7.0,0.35,0.14,0.5,0.5,0.5,-0.31,0.5,0.0,0.4,0.6,0.0,0.5,0.4,0.32000000000000006,0.9,1.0,0.3,0.3,0.7,1,1.0,0.2,0.3,0.4,0.0,0.0,0.33,0.0,0.33,0.0,0.5,0.85,0.595,0.32999999999999996,0.3,0.45,0.185,0.1,0.5,0.3,0.7,0.8,0.4125,60.835,0.295,0.259,0.28,0.4893,12.4424
NCT01462695,"A Phase II Study of Sunitinib (NSC# 736511) in Recurrent, Refractory or Progressive High Grade Glioma and Ependymoma Tumors in Pediatric and Young Adult Patients",COMPLETED,sunitinib,VEGFR2,small_molecule,cancer nos,True,2012.0,0,0,0,completed+results+no_positive_signal,1,1.0,0.3,0.2,0.25,0.3,0.4,0.25,0.3,0.0,0.0,0.0,0.0,0.55,,,,1,1,0,606.0,0.0007355808580858086,1.0,0.5,0.0,0.0,0.2,1.0,0.7,7.0,0.35,0.14,0.5,0.5,0.5,-0.31,0.5,0.0,0.4,0.6,0.0,0.5,0.4,0.32000000000000006,0.9,1.0,0.3,0.3,0.7,1,1.0,0.2,0.3,0.4,0.0,0.0,0.33,0.0,0.33,0.0,0.5,0.0,0.0,0.32999999999999996,0.3,0.0,0.0,0.1,0.5,0.3,0.7,0.8,0.4125,60.835,0.295,0.2035,0.28,0.0,12.3823
NCT01750281,"A Phase II, Double-Blind, Randomised, Placebo-Controlled Study to Assess the Efficacy and Safety of Selumetinib (AZD6244; ARRY-142886) (Hyd-Sulfate) in Combination With Docetaxel, Compared With Placebo in Combination With Docetaxel, in Patients Receiving Second Line Treatment for Locally Advanced or Metastatic Non Small Cell Lung Cancer (Stage IIIB - IV)",COMPLETED,docetaxel,TUBB,small_molecule,nsclc,True,2012.0,0,0,0,completed+results+no_positive_signal,1,1.0,0.3,0.2,0.25,0.3,0.4,0.25,0.3,0.006,0.0,0.41666666666666663,0.0,0.43,,,,1,1,0,715.0,0.000807165034965035,1.0,1.0,1.0,0.5950000000000001,0.05,0.7,0.7,17.0,0.85,0.34,0.38,0.0,0.0,0.0,0.0,0.0,0.0,0.0,0.0,0.0,0.55,0.44000000000000006,0.6,0.7,0.59,0.59,0.7,1,1.0,0.2,0.3,0.4,0.0,0.0,0.8187500000000001,0.0,0.8187500000000001,0.0,0.0,0.0,0.0,0.63,0.3,0.41666666666666663,0.003,0.1,0.5,0.3,0.7,0.8,0.178,72.0168,0.295,0.3094,0.04,0.085,14.5537
NCT00004092,"Randomized Phase II Study of Adriamycin/Cytoxan/Taxol (ACT) vs. Cytoxan, Thiotepa, Carboplatin (STAMP V) in Patients With High-Risk Primary Breast Cancer",COMPLETED,carboplatin,DNA,small_molecule,breast cancer,True,1999.0,0,0,0,completed+results+no_positive_signal,1,1.0,0.3,0.2,0.25,0.3,0.4,0.25,0.3,1.0,1.0,0.5224914169787764,0.0,0.3,,,,1,1,0,578.0,0.0007351176470588234,1.0,1.0,1.0,0.5889090909090909,0.05,0.28,0.7,10.0,0.5,0.2,0.2,0.0,0.0,0.0,0.0,0.0,0.4,0.6,0.0,0.5,0.4,0.32000000000000006,0.2,0.3,0.3,0.3,0.7,1,1.0,0.2,0.3,0.4,0.0,0.0,0.7372272727272728,0.0,0.7372272727272728,0.0,0.0,1.0,0.7,0.42,0.3,0.5224914169787764,1.0,0.1,0.5,0.3,0.7,0.8,0.1325,58.3158,0.295,0.514,0.28,0.8445,11.955
NCT00586495,Extension Study for BAY43-9006 in Japanese Patients With Renal Cell Carcinoma,COMPLETED,sorafenib,BRAF,small_molecule,renal cell carcinoma,True,2005.0,0,0,0,completed+results+no_positive_signal,1,1.0,0.3,0.2,0.25,0.3,0.4,0.25,0.3,0.094,0.03,0.45212765957446804,0.0,0.75,,,,1,1,0,689.0,0.0007610406386066763,1.0,1.0,1.0,0.5917499999999999,0.05,1.0,0.7,21.0,1.0,0.42,0.7,1.0,1.0,-0.63,1.0,1.0,0.4,0.6,0.0,0.5,0.82,0.656,0.9,1.0,0.85,0.85,0.7,1,1.0,0.4,0.4,0.55,0.0,0.0,0.8779375,0.0,0.8779375,0.0,0.0,0.3191489361702127,0.2234042553191489,0.72,0.3,0.45212765957446804,0.062,0.1,0.5,0.3,0.7,0.8,0.705,69.5163,0.295,0.3676,0.28,0.243,14.2488
NCT00039195,Risk-Adapted Therapy for Patients With Untreated Age-Adjusted International Prognostic Index II or III Diffuse Large B Cell Lymphoma,COMPLETED,rituximab,MS4A1,antibody,lymphoma,True,2006.0,0,0,0,completed+results+no_positive_signal,1,1.0,0.88,0.65,0.7,0.92,0.4,0.68,0.85,0.028,0.0,0.7142857142857142,0.0,0.65,,,,0,1,0,525.0,0.0006596552380952381,1.0,0.5,0.0,0.0,0.05,0.44,0.7,11.0,0.55,0.22,0.6,0.5,0.5,-0.44,0.5,0.0,0.4,0.6,0.0,0.5,0.68,0.544,0.9,1.0,0.73,0.73,0.8,1,1.0,0.25,0.35,0.65,0.0,0.0,0.0,0.3075,0.3075,1.0,0.5,0.0,0.0,0.682,0.88,0.7142857142857142,0.014,0.325,0.5,0.3,0.7,0.8,0.589,52.8785,0.295,0.3606,0.3568,0.1506,10.8931
NCT03977467,A Phase II Study of Atezolizumab and Tiragolumab in Patients With NSCLC or Advanced Solid Tumors Who Have Had Prior Treatment With a PD-1 Inhibitor,COMPLETED,atezolizumab,CD274,antibody,nsclc,True,2019.0,0,0,0,completed+results+no_positive_signal,1,1.0,0.88,0.62,0.68,0.92,0.4,0.72,0.85,0.093,0.02,1.0,0.0,0.45,,,,0,1,0,929.0,0.0007426555435952638,1.0,1.0,1.0,0.688875,0.2,0.6,0.7,27.0,1.0,0.54,0.4,0.5,0.5,-0.18,0.0,0.0,0.4,0.6,0.0,0.5,0.58,0.46399999999999997,0.9,1.0,0.63,0.63,0.8,1,1.0,0.85,0.95,0.8,1.0,1.0,0.0,0.6575,0.6575,1.0,0.0,0.21505376344086022,0.15053763440860216,0.952,0.88,1.0,0.0565,0.31,0.5,0.3,0.7,0.8,0.5365,93.5893,0.295,0.5249,0.3585,0.3109,19.0713
NCT00372775,A Phase 2 Efficacy And Safety Study Of SU011248 In Patients With Non-Small Cell Lung Cancer And Brain Metastases,COMPLETED,sunitinib,VEGFR2,small_molecule,nsclc,True,2007.0,0,0,0,completed+results+no_positive_signal,1,1.0,0.3,0.2,0.25,0.3,0.4,0.25,0.3,0.226,0.19,0.5641592920353982,0.0,0.55,,,,1,1,0,606.0,0.0007355808580858086,1.0,0.5,0.0,0.0,0.2,1.0,0.7,7.0,0.35,0.14,0.5,0.5,0.5,-0.31,0.5,0.0,0.4,0.6,0.0,0.5,0.4,0.32000000000000006,0.9,1.0,0.3,0.3,0.7,1,1.0,0.2,0.3,0.4,0.0,0.0,0.33,0.0,0.33,0.0,0.5,0.8407079646017699,0.5884955752212389,0.32999999999999996,0.3,0.5641592920353982,0.20800000000000002,0.1,0.5,0.3,0.7,0.8,0.4125,60.835,0.295,0.2659,0.28,0.5171,12.4465
NCT00515411,"A Phase II Study of Modified Docetaxel, Cisplatin, and Fluorouracil (mDCF) in Patients With Unresectable or Metastatic Gastric and Gastroesophageal Junction Adenocarcinoma",COMPLETED,trastuzumab,ERBB2,antibody,gastric cancer,True,2006.0,1,1,1,completed+positive_text+results,1,1.0,0.88,0.75,0.8,0.9,0.4,0.7,0.85,0.393,0.15,0.782442748091603,0.0,0.85,,,,0,1,0,739.0,0.0007936373477672532,1.0,0.5,0.3,0.7236666666666667,0.2,1.0,0.7,45.0,1.0,0.9,0.8,1.0,1.0,-0.71,1.0,1.0,0.4,0.6,0.0,0.5,0.9,0.7200000000000001,1.0,1.0,0.88,0.88,0.8,1,1.0,0.15,0.35,0.45,0.0,0.0,0.0,0.3075,0.3075,1.0,0.5,0.38167938931297707,0.2671755725190839,0.952,0.88,0.782442748091603,0.2715,0.375,0.5,0.3,0.7,0.8,0.8915,74.4866,0.295,0.5894,0.3662,0.4247,15.365
NCT00271609,A Phase II Trial of Bevacizumab for Patients With Recurrent High-Grade Gliomas,COMPLETED,bevacizumab,VEGFA,antibody,cancer nos,True,2005.0,1,1,1,completed+positive_text+results,1,1.0,0.3,0.2,0.25,0.3,0.4,0.25,0.3,0.0,0.0,0.0,0.0,0.75,,,,1,1,0,582.0,0.0006893024054982818,1.0,1.0,1.0,0.83255,0.3,1.0,0.7,30.0,1.0,0.6,0.7,1.0,1.0,-0.22,0.0,0.0,0.4,0.6,0.0,0.5,0.82,0.656,0.7,0.8,0.83,0.83,0.8,1,1.0,0.2,0.3,0.5,0.0,0.0,0.0,0.295,0.295,1.0,0.0,0.0,0.0,0.72,0.3,0.0,0.0,0.1,0.5,0.3,0.7,0.8,0.704,58.7649,0.295,0.399,0.28,0.0,12.0803
NCT01611259,Phase II Trial of Rituximab Plus Lenalidomide in Patients With Lymphoma of the Mucosa Associated Lymphoid Tissue (MALT) Type,COMPLETED,rituximab,MS4A1,antibody,lymphoma,False,2012.0,1,1,1,completed+positive_text+results,1,1.0,0.88,0.65,0.7,0.92,0.4,0.68,0.85,0.028,0.0,0.7142857142857142,0.0,0.65,,,,0,1,1,525.0,0.0006596552380952381,1.0,0.5,0.0,0.0,0.05,0.44,0.7,11.0,0.55,0.22,0.6,0.5,0.5,-0.44,0.5,0.0,0.4,0.6,0.0,0.5,0.68,0.544,0.9,1.0,0.73,0.73,0.8,1,1.0,0.25,0.35,0.65,0.0,0.0,0.0,0.3075,0.3075,1.0,0.5,0.0,0.0,0.682,0.88,0.7142857142857142,0.014,0.325,,,,,0.589,52.8785,0.0,0.3606,0.3568,0.1506,10.8636
NCT00371254,Phase II Study of Dasatinib (BMS-354825) for Advanced 'Triple-negative' Breast Cancer,COMPLETED,dasatinib,ABL1,small_molecule,breast cancer,True,2006.0,0,0,0,completed+results+no_positive_signal,1,1.0,0.3,0.2,0.25,0.3,0.4,0.25,0.3,0.036,0.01,0.7638888888888888,0.0,0.8,,,,1,1,0,399.0,0.0007217443609022556,0.798,1.0,1.0,0.5742,0.1,1.0,0.7,13.0,0.65,0.26,0.75,1.0,1.0,-0.77,1.0,1.0,0.4,0.6,0.0,0.5,0.9,0.7200000000000001,1.0,1.0,0.84,0.84,0.7,1,1.0,0.2,0.25,0.35,0.0,0.0,0.8935500000000001,0.0,0.8935500000000001,0.0,0.0,0.2777777777777778,0.19444444444444445,0.51,0.3,0.7638888888888888,0.023,0.1,0.5,0.3,0.7,0.8,0.7145,40.5161,0.295,0.2714,0.28,0.2718,8.4348
NCT03958045,Phase II Study of Combination Rucaparib With Nivolumab in Platinum-Sensitive Small Cell Lung Carcinoma Patients as Maintenance After Induction Therapy With Platinum Doublet,COMPLETED,nivolumab,PDCD1,antibody,cancer nos,True,2019.0,0,0,0,completed+results+no_positive_signal,1,1.0,0.3,0.2,0.25,0.3,0.4,0.25,0.3,0.0,0.0,0.0,0.0,0.5,,,,1,1,0,837.0,0.0007509342891278374,1.0,1.0,0.6,0.6553333333333333,0.05,0.36,0.7,9.0,0.45,0.18,0.45,0.5,0.5,-0.15,0.0,0.0,0.4,0.6,0.0,0.5,0.6,0.48,0.9,1.0,0.65,0.65,0.8,1,1.0,0.85,0.8,0.85,1.0,1.0,0.0,0.62,0.62,1.0,0.0,0.0,0.0,0.39,0.3,0.0,0.0,0.1,0.5,0.3,0.7,0.8,0.42,84.1658,0.295,0.2005,0.28,0.0,17.0498
NCT02312245,"Avatar-Directed Chemotherapy in Platinum-Resistant Ovarian, Primary Peritoneal and Fallopian Tube Cancers",COMPLETED,bevacizumab,VEGFA,antibody,ovarian cancer,True,2015.0,0,0,0,completed+results+no_positive_signal,1,1.0,0.3,0.2,0.25,0.3,0.4,0.25,0.3,0.204,0.07,0.6004901960784313,0.0,0.75,,,,1,1,0,582.0,0.0006893024054982818,1.0,1.0,1.0,0.83255,0.3,1.0,0.7,30.0,1.0,0.6,0.7,1.0,1.0,-0.22,0.0,0.0,0.4,0.6,0.0,0.5,0.82,0.656,0.7,0.8,0.83,0.83,0.8,1,1.0,0.2,0.3,0.5,0.0,0.0,0.0,0.295,0.295,1.0,0.0,0.34313725490196084,0.24019607843137258,0.72,0.3,0.6004901960784313,0.137,0.1,0.5,0.3,0.7,0.8,0.704,58.7649,0.295,0.4401,0.28,0.3153,12.12
NCT03534180,A Phase 2 Study of Venetoclax and Romidepsin With Safety Lead-In for Treatment of Relapsed/Refractory Mature T-Cell Lymphomas,COMPLETED,venetoclax,BCL2,small_molecule,lymphoma,True,2018.0,0,0,0,completed+results+no_positive_signal,1,1.0,0.88,0.72,0.78,0.9,0.4,0.68,0.82,1.0,1.0,0.6022076860179886,0.0,0.7,,,,0,1,0,570.0,0.0007448929824561402,1.0,1.0,1.0,0.7835000000000001,0.05,1.0,0.7,16.0,0.8,0.32,0.65,1.0,1.0,-0.52,1.0,1.0,0.4,0.6,0.0,0.5,0.78,0.6240000000000001,0.8,0.9,0.81,0.81,0.7,1,1.0,0.25,0.4,0.55,0.0,0.0,0.9058750000000001,0.0,0.9058750000000001,0.0,0.0,1.0,0.7,0.8320000000000001,0.88,0.6022076860179886,1.0,0.36,0.5,0.3,0.7,0.8,0.8505,57.793,0.295,0.7194,0.362,0.8604,12.085
NCT03194373,A Multi-Center Open Label Single Arm Phase II Trial Evaluating the Efficacy of Palbociclib in Combination With Carboplatin for the Treatment of Unresectable Recurrent or Metastatic Head and Neck Squamous Cell Carcinoma,COMPLETED,palbociclib,CDK4,small_molecule,hnscc,True,2017.0,0,0,0,completed+results+no_positive_signal,1,1.0,0.3,0.2,0.25,0.3,0.4,0.25,0.3,0.084,0.11,0.8333333333333333,0.0,0.65,,,,1,1,0,747.0,0.0007754163319946452,1.0,0.5,0.0,0.0,0.05,0.68,0.7,28.0,1.0,0.56,0.6,1.0,1.0,-0.74,1.0,1.0,0.4,0.6,0.0,0.5,0.72,0.576,0.8,0.9,0.74,0.74,0.7,1,1.0,0.2,0.3,0.4,0.0,0.0,0.31000000000000005,0.0,0.31000000000000005,0.0,0.5,1.0,0.7,0.72,0.3,0.8333333333333333,0.097,0.1,0.5,0.3,0.7,0.8,0.6795,74.9775,0.295,0.3781,0.28,0.588,15.3713
NCT05653427,"A Phase 2, Open-Label Study to Evaluate the Safety, Efficacy and Pharmacokinetics of Amivantamab Monotherapy in Participants With Previously Treated Advanced Hepatocellular Carcinoma",TERMINATED,unmapped,UNKNOWN,unknown,hepatocellular carcinoma,True,2022.0,0,0,0,terminated+efficacy,0,0.0,0.0,0.0,0.0,0.0,0.0,0.0,0.0,0.0,0.0,0.0,0.0,0.0,,,,1,1,0,0.0,0.0,0.0,0.0,0.0,0.0,0.0,0.0,0.0,0.0,0.0,0.0,0.0,0.0,0.0,0.0,0.0,0.0,0.4,0.5,0.0,0.5,0.0,0.0,0.0,0.0,0.0,0.0,0.3,0,0.0,0.2,0.3,0.4,0.0,0.0,0.0,0.0,0.0,0.0,1.0,0.0,0.0,0.0,0.0,0.0,0.0,0.0,0.5,0.3,0.7,0.8,0.0,0.0,0.295,0.0,0.22,0.0,0.0625
NCT01418742,SKIP - A Double-blind Placebo-controlled Randomized Multicenter Phase II Trial of Skin Toxicity Treatment in Subjects With Advanced or Metastatic Colorectal Carcinoma Receiving Panitumumab,TERMINATED,panitumumab,EGFR,antibody,colorectal cancer,True,2011.0,0,0,0,terminated+negative_text,1,1.0,0.72,0.55,0.65,0.75,0.4,0.55,0.7,1.0,1.0,0.5960482985729967,0.0,0.9,,,,0,1,0,774.0,0.0007825607235142119,1.0,1.0,1.0,0.6139,0.1,1.0,0.7,56.0,1.0,1.0,0.85,1.0,1.0,-0.82,1.0,1.0,0.4,0.6,0.0,0.5,0.95,0.76,1.0,1.0,0.9,0.9,0.8,1,1.0,0.2,0.3,0.4,0.0,0.0,0.0,0.295,0.295,1.0,0.0,1.0,0.7,0.8879999999999999,0.72,0.5960482985729967,1.0,0.275,0.5,0.3,0.7,0.8,0.85,78.1316,0.295,0.7526,0.3362,0.8592,16.1552
NCT02300545,A Phase II Study of Pazopanib as Front-Line Therapy in Patients With Non-Resectable or Metastatic Soft Tissue Sarcomas Who Are Not Candidates for Chemotherapy,COMPLETED,pazopanib,VEGFR2,small_molecule,cancer nos,True,2015.0,1,1,1,completed+positive_text+results,1,1.0,0.3,0.2,0.25,0.3,0.4,0.25,0.3,0.0,0.0,0.0,0.0,0.55,,,,1,1,0,606.0,0.0007355808580858086,1.0,0.5,0.0,0.0,0.2,1.0,0.7,7.0,0.35,0.14,0.5,0.5,0.5,-0.31,0.5,0.0,0.4,0.6,0.0,0.5,0.4,0.32000000000000006,0.9,1.0,0.3,0.3,0.7,1,1.0,0.2,0.3,0.4,0.0,0.0,0.33,0.0,0.33,0.0,0.5,0.0,0.0,0.32999999999999996,0.3,0.0,0.0,0.1,0.5,0.3,0.7,0.8,0.4125,60.835,0.295,0.2035,0.28,0.0,12.3823
NCT05687617,"Diagnostic Value of Intraoperative Near-infrared Imaging With Indocyanine Green for Detection of Peritoneal Metastases During Staging Laparoscopy for Gastric Adenocarcinoma: a Prospective, Multicentric Study.",TERMINATED,unmapped,UNKNOWN,unknown,gastric cancer,True,2022.0,0,0,0,terminated+negative_text,0,0.0,0.0,0.0,0.0,0.0,0.0,0.0,0.0,0.0,0.0,0.0,0.0,0.0,,,,1,1,0,0.0,0.0,0.0,0.0,0.0,0.0,0.0,0.0,0.0,0.0,0.0,0.0,0.0,0.0,0.0,0.0,0.0,0.0,0.4,0.5,0.0,0.5,0.0,0.0,0.0,0.0,0.0,0.0,0.3,0,0.0,0.2,0.3,0.4,0.0,0.0,0.0,0.0,0.0,0.0,1.0,0.0,0.0,0.0,0.0,0.0,0.0,0.0,0.5,0.3,0.7,0.8,0.0,0.0,0.295,0.0,0.22,0.0,0.0625
NCT01057589,Phase 2 Study of Pemetrexed in Combination With Cisplatin and Cetuximab in Recurrent or Metastatic Squamous Cell Carcinoma of the Head and Neck,COMPLETED,cetuximab,EGFR,antibody,hnscc,True,2010.0,0,0,0,completed+results+no_positive_signal,1,1.0,0.3,0.2,0.25,0.3,0.4,0.25,0.3,1.0,0.67,0.5491329479768786,0.0,0.9,,,,1,1,0,774.0,0.0007825607235142119,1.0,1.0,1.0,0.6139,0.1,1.0,0.7,56.0,1.0,1.0,0.85,1.0,1.0,-0.82,1.0,1.0,0.4,0.6,0.0,0.5,0.95,0.76,1.0,1.0,0.9,0.9,0.8,1,1.0,0.2,0.3,0.4,0.0,0.0,0.0,0.295,0.295,1.0,0.0,0.67,0.469,0.72,0.3,0.5491329479768786,0.835,0.1,0.5,0.3,0.7,0.8,0.7375,78.0221,0.295,0.6095,0.28,0.6964,16.0518
NCT00403403,"A Placebo-Controlled, Double-Blind, Multicenter, Randomized, Phase II Study of Bevacizumab in Previously Untreated Extensive-Stage Small Cell Lung Cancer",COMPLETED,bevacizumab,VEGFA,antibody,cancer nos,True,2007.0,0,0,0,completed+results+no_positive_signal,1,1.0,0.3,0.2,0.25,0.3,0.4,0.25,0.3,0.0,0.0,0.0,0.0,0.75,,,,1,1,0,582.0,0.0006893024054982818,1.0,1.0,1.0,0.83255,0.3,1.0,0.7,30.0,1.0,0.6,0.7,1.0,1.0,-0.22,0.0,0.0,0.4,0.6,0.0,0.5,0.82,0.656,0.7,0.8,0.83,0.83,0.8,1,1.0,0.2,0.3,0.5,0.0,0.0,0.0,0.295,0.295,1.0,0.0,0.0,0.0,0.72,0.3,0.0,0.0,0.1,0.5,0.3,0.7,0.8,0.704,58.7649,0.295,0.399,0.28,0.0,12.0803
NCT01492088,A Phase 1/2 Study of Brentuximab Vedotin (SGN-35) in Pediatric Patients With Relapsed or Refractory Systemic Anaplastic Large-Cell Lymphoma or Hodgkin Lymphoma,COMPLETED,brentuximab vedotin,TNFRSF8,adc,lymphoma,True,2012.0,0,0,0,completed+results+no_positive_signal,1,1.0,0.3,0.2,0.25,0.3,0.4,0.25,0.3,0.024,0.02,1.0,0.0,0.35,,,,1,1,0,760.0,0.0007145223684210527,1.0,0.5,0.0,0.0,0.1,0.24,0.7,3.0,0.15,0.06,0.3,0.5,0.5,-0.21,0.0,0.0,0.4,0.6,0.0,0.5,0.48,0.384,0.5,0.6,0.5,0.5,0.85,1,1.0,0.35,0.45,0.7,0.2,0.0,0.0,0.37250000000000005,0.37250000000000005,1.0,0.5,0.8333333333333334,0.5833333333333334,0.21,0.3,1.0,0.022,0.1,0.5,0.3,0.7,0.8,0.3825,76.18,0.295,0.1361,0.28,0.5331,15.4837
NCT04118166,Phase 2 Study of Ipilimumab Plus Nivolumab in Combination With Cryotherapy in Metastatic or Locally Advanced Soft Tissue Sarcoma,COMPLETED,nivolumab,PDCD1,antibody,cancer nos,True,2019.0,0,0,0,completed+results+no_positive_signal,1,1.0,0.3,0.2,0.25,0.3,0.4,0.25,0.3,0.0,0.0,0.0,0.0,0.5,,,,1,1,0,837.0,0.0007509342891278374,1.0,1.0,0.6,0.6553333333333333,0.05,0.36,0.7,9.0,0.45,0.18,0.45,0.5,0.5,-0.15,0.0,0.0,0.4,0.6,0.0,0.5,0.6,0.48,0.9,1.0,0.65,0.65,0.8,1,1.0,0.85,0.8,0.85,1.0,1.0,0.0,0.62,0.62,1.0,0.0,0.0,0.0,0.39,0.3,0.0,0.0,0.1,0.5,0.3,0.7,0.8,0.42,84.1658,0.295,0.2005,0.28,0.0,17.0498
NCT02041429,Phase II Study of Combination Ruxolitinib (INCB018242) With Preoperative Chemotherapy for Triple Negative Inflammatory Breast Cancer Following Completion of a Phase I Combination Study in Recurrent/Metastatic Breast Cancer,COMPLETED,ruxolitinib,JAK1,small_molecule,breast cancer,True,2014.0,1,1,1,completed+positive_text+results,1,1.0,0.3,0.2,0.25,0.3,0.4,0.25,0.3,0.142,0.06,0.8098591549295774,0.0,0.6,,,,1,1,0,904.0,0.0008059789823008849,1.0,1.0,1.0,0.6714,0.05,0.82,0.7,58.0,1.0,1.0,0.55,0.0,0.0,-0.59,1.0,1.0,0.4,0.6,0.0,0.5,0.72,0.576,0.8,0.9,0.72,0.72,0.7,1,1.0,0.35,0.5,0.6,0.2,0.0,0.8778500000000001,0.0,0.8778500000000001,0.0,0.0,0.4225352112676057,0.29577464788732394,0.72,0.3,0.8098591549295774,0.10099999999999999,0.1,0.5,0.3,0.7,0.8,0.2185,91.0282,0.295,0.3793,0.28,0.3703,18.4447
NCT00679783,"Phase II, Open Label, Non-Randomized Study of AZD2281 in the Treatment of Patients With Known BRCA or Recurrent High Grade Serous/ Undifferentiated Tubo-Ovarian Carcinoma and in Known BRCA or Triple Negative Breast Cancer to Determine Response Rate and Correlative Markers of Response",COMPLETED,unmapped,UNKNOWN,unknown,ovarian cancer,True,2008.0,1,1,1,completed+positive_text+results,0,0.0,0.0,0.0,0.0,0.0,0.0,0.0,0.0,0.0,0.0,0.0,0.0,0.0,,,,1,1,0,0.0,0.0,0.0,0.0,0.0,0.0,0.0,0.0,0.0,0.0,0.0,0.0,0.0,0.0,0.0,0.0,0.0,0.0,0.4,0.5,0.0,0.5,0.0,0.0,0.0,0.0,0.0,0.0,0.3,0,0.0,0.2,0.3,0.4,0.0,0.0,0.0,0.0,0.0,0.0,1.0,0.0,0.0,0.0,0.0,0.0,0.0,0.0,0.5,0.3,0.7,0.8,0.0,0.0,0.295,0.0,0.22,0.0,0.0625
NCT00667394,A Phase 2 Trial of Tandutinib in Combination With Bevacizumab for Patients With Recurrent High-Grade Gliomas,COMPLETED,bevacizumab,VEGFA,antibody,glioblastoma,True,2008.0,0,0,0,completed+results+no_positive_signal,1,1.0,0.3,0.2,0.25,0.3,0.4,0.25,0.3,0.245,0.09,0.7244897959183674,0.0,0.75,,,,1,1,0,582.0,0.0006893024054982818,1.0,1.0,1.0,0.83255,0.3,1.0,0.7,30.0,1.0,0.6,0.7,1.0,1.0,-0.22,0.0,0.0,0.4,0.6,0.0,0.5,0.82,0.656,0.7,0.8,0.83,0.83,0.8,1,1.0,0.2,0.3,0.5,0.0,0.0,0.0,0.295,0.295,1.0,0.0,0.3673469387755102,0.2571428571428571,0.72,0.3,0.7244897959183674,0.16749999999999998,0.1,0.5,0.3,0.7,0.8,0.704,58.7649,0.295,0.4492,0.28,0.3623,12.1266
NCT00085566,A Phase I/II Trial to Assess the Tolerability of RAD 001 With Gefitinib in Patients With Glioblastoma Multiforme and Prostate Cancer and Efficacy in Patients With Castrate Metastatic Prostate Cancer,COMPLETED,gefitinib,EGFR,small_molecule,prostate cancer,True,2004.0,0,0,0,completed+results+no_positive_signal,1,1.0,0.3,0.2,0.25,0.3,0.4,0.25,0.3,0.928,0.17,0.45258620689655166,0.0,0.9,,,,1,1,0,774.0,0.0007825607235142119,1.0,1.0,1.0,0.6139,0.1,1.0,0.7,56.0,1.0,1.0,0.85,1.0,1.0,-0.82,1.0,1.0,0.4,0.6,0.0,0.5,0.95,0.76,1.0,1.0,0.9,0.9,0.7,1,1.0,0.2,0.3,0.4,0.0,0.0,0.903475,0.0,0.903475,0.0,0.0,0.18318965517241378,0.12823275862068964,0.72,0.3,0.45258620689655166,0.549,0.1,0.5,0.3,0.7,0.8,0.7375,78.0221,0.295,0.5237,0.28,0.4299,16.008
NCT00948922,Evaluation of Melphalan+Bortezomib as a Conditioning Regimen for Autologous and Allogeneic Stem Cell Transplants in Multiple Myeloma After Cytoreductive Therapy,COMPLETED,bortezomib,PSMB5,small_molecule,multiple myeloma,True,2009.0,0,0,0,completed+results+no_positive_signal,1,1.0,0.85,0.6,0.65,0.92,0.4,0.65,0.8,0.032,0.02,0.9375,0.0,0.45,,,,0,1,0,1170.0,0.0009419982905982905,1.0,1.0,1.0,0.6293333333333334,0.05,0.38,0.7,173.0,1.0,1.0,0.4,0.5,0.5,-0.83,1.0,1.0,0.4,0.6,0.0,0.5,0.65,0.52,0.8,0.9,0.62,0.62,0.7,1,1.0,0.25,0.3,0.45,0.0,0.0,0.8673333333333334,0.0,0.8673333333333334,0.0,0.0,0.625,0.4375,0.94,0.85,0.9375,0.026000000000000002,0.3,0.5,0.3,0.7,0.8,0.5285,117.7699,0.295,0.4758,0.35,0.4415,23.9074
NCT00968253,Phase I/II Study of Hyper-CVAD Plus RAD001 (Everolimus) for Patients With Relapsed or Refractory Acute Lymphocytic Leukemia (ALL),COMPLETED,everolimus,MTOR,small_molecule,leukemia,True,2009.0,0,0,0,completed+results+no_positive_signal,1,1.0,0.3,0.2,0.25,0.3,0.4,0.25,0.3,1.0,0.25,0.6845436375749501,0.0,0.6,,,,1,1,0,557.0,0.0007751023339317773,1.0,1.0,1.0,0.7293,0.05,1.0,0.7,56.0,1.0,1.0,0.55,0.5,0.5,-0.61,1.0,1.0,0.4,0.6,0.0,0.5,0.85,0.68,0.9,1.0,0.8,0.8,0.7,1,1.0,0.15,0.25,0.35,0.0,0.0,0.912325,0.0,0.912325,0.0,0.0,0.25,0.175,0.72,0.3,0.6845436375749501,0.625,0.1,0.5,0.3,0.7,0.8,0.4475,56.3369,0.295,0.5365,0.28,0.5282,11.6109
NCT00119262,Phase II Feasibility Trial Incorporating Bevacizumab Into Dose Dense Doxorubicin and Cyclophosphamide Followed by Paclitaxel in Patients With Lymph Node Positive Breast Cancer,COMPLETED,bevacizumab,VEGFA,antibody,breast cancer,True,2005.0,0,0,0,completed+results+no_positive_signal,1,1.0,0.3,0.2,0.25,0.3,0.4,0.25,0.3,0.637,0.31,0.6632653061224489,0.0,0.75,,,,1,1,0,582.0,0.0006893024054982818,1.0,1.0,1.0,0.83255,0.3,1.0,0.7,30.0,1.0,0.6,0.7,1.0,1.0,-0.22,0.0,0.0,0.4,0.6,0.0,0.5,0.82,0.656,0.7,0.8,0.83,0.83,0.8,1,1.0,0.2,0.3,0.5,0.0,0.0,0.0,0.295,0.295,1.0,0.0,0.4866562009419152,0.3406593406593406,0.72,0.3,0.6632653061224489,0.47350000000000003,0.1,0.5,0.3,0.7,0.8,0.704,58.7649,0.295,0.5411,0.28,0.5209,12.1608
NCT00672594,Investigator-Initiated Pilot Study of Sunitinib Malate in Patients With Newly Diagnosed Prostate Cancer Prior to Prostatectomy,COMPLETED,sunitinib,VEGFR2,small_molecule,prostate cancer,True,2006.0,1,1,1,completed+positive_text+results,1,1.0,0.3,0.2,0.25,0.3,0.4,0.25,0.3,0.17,0.08,0.45588235294117646,0.0,0.55,,,,1,1,0,606.0,0.0007355808580858086,1.0,0.5,0.0,0.0,0.2,1.0,0.7,7.0,0.35,0.14,0.5,0.5,0.5,-0.31,0.5,0.0,0.4,0.6,0.0,0.5,0.4,0.32000000000000006,0.9,1.0,0.3,0.3,0.7,1,1.0,0.2,0.3,0.4,0.0,0.0,0.33,0.0,0.33,0.0,0.5,0.47058823529411764,0.32941176470588235,0.32999999999999996,0.3,0.45588235294117646,0.125,0.1,0.5,0.3,0.7,0.8,0.4125,60.835,0.295,0.241,0.28,0.3275,12.4226
NCT05085002,A Phase 2 Study to Evaluate the Safety and Efficacy of Lerociclib in Participants With Advanced Breast Cancer,TERMINATED,letrozole,CYP19A1,small_molecule,breast cancer,True,2021.0,0,0,0,terminated+efficacy,1,1.0,0.88,0.62,0.68,0.93,0.4,0.7,0.83,0.211,0.07,0.5687203791469194,0.0,0.75,,,,0,1,0,740.0,0.0007961513513513514,1.0,1.0,1.0,0.7198,0.05,0.52,0.7,3.0,0.15,0.06,0.7,0.5,0.5,-0.62,1.0,1.0,0.4,0.6,0.0,0.5,0.6,0.48,0.8,0.9,0.74,0.74,0.7,1,1.0,0.1,0.15,0.25,0.0,0.0,0.8899500000000001,0.0,0.8899500000000001,0.0,0.0,0.3317535545023697,0.23222748815165878,0.44200000000000006,0.88,0.5687203791469194,0.1405,0.31,0.5,0.3,0.7,0.8,0.602,74.788,0.295,0.2876,0.3565,0.3064,15.2792
NCT02317991,Phase II Study of Nab-Paclitaxel and Ramucirumab for the Second-line Treatment of Patients With Metastatic Gastroesophageal Cancer,COMPLETED,ramucirumab,KDR,antibody,cancer nos,True,2015.0,0,0,0,completed+results+no_positive_signal,1,1.0,0.3,0.2,0.25,0.3,0.4,0.25,0.3,0.0,0.0,0.0,0.0,0.6,,,,1,1,0,606.0,0.0007355808580858086,1.0,1.0,0.7,0.5514285714285714,0.2,1.0,0.7,7.0,0.35,0.14,0.55,0.0,0.0,0.0,0.0,0.0,0.4,0.6,0.0,0.5,0.72,0.576,0.8,0.9,0.71,0.71,0.8,1,1.0,0.2,0.3,0.5,0.0,0.0,0.0,0.295,0.295,1.0,0.0,0.0,0.0,0.32999999999999996,0.3,0.0,0.0,0.1,0.5,0.3,0.7,0.8,0.218,61.0727,0.295,0.2035,0.28,0.0,12.3812
NCT01853618,"A Pilot Study of Tremelimumab - A Monoclonal Antibody Against CTLA-4 in Combination With Trans-Arterial Catheter Chemoembolization (TACE), Radiofrequency Ablation (RFA), or Cryoablation in Subjects With Hepatocellular Carcinoma (HCC) or Biliary Tract Carcinomas (BTC)",COMPLETED,tremelimumab,CTLA4,antibody,hepatocellular carcinoma,True,2013.0,0,0,0,completed+results+no_positive_signal,1,1.0,0.3,0.2,0.25,0.3,0.4,0.25,0.3,0.459,0.06,1.0,0.0,0.55,,,,1,1,0,822.0,0.0007566520681265206,1.0,0.5,0.0,0.0,0.05,0.36,0.7,11.0,0.55,0.22,0.5,0.5,0.5,-0.12,0.0,0.0,0.4,0.6,0.0,0.5,0.62,0.496,0.8,0.9,0.61,0.61,0.8,1,1.0,0.7,0.6,0.8,1.0,1.0,0.0,0.5700000000000001,0.5700000000000001,1.0,0.5,0.130718954248366,0.09150326797385619,0.45,0.3,1.0,0.2595,0.1,0.5,0.3,0.7,0.8,0.428,82.3775,0.295,0.3054,0.28,0.3817,16.7532
NCT00182689,A Phase II Trial of BAY 43-9006 (NSC-724772) in Patients With Platinum-Treated Extensive Stage Small Cell Lung Cancer,COMPLETED,sorafenib,BRAF,small_molecule,cancer nos,False,2005.0,0,0,0,completed+results+no_positive_signal,1,1.0,0.3,0.2,0.25,0.3,0.4,0.25,0.3,0.0,0.0,0.0,0.0,0.75,,,,1,1,1,689.0,0.0007610406386066763,1.0,1.0,1.0,0.5917499999999999,0.05,1.0,0.7,21.0,1.0,0.42,0.7,1.0,1.0,-0.63,1.0,1.0,0.4,0.6,0.0,0.5,0.82,0.656,0.9,1.0,0.85,0.85,0.7,1,1.0,0.4,0.4,0.55,0.0,0.0,0.8779375,0.0,0.8779375,0.0,0.0,0.0,0.0,0.72,0.3,0.0,0.0,0.1,,,,,0.705,69.5163,0.0,0.349,0.28,0.0,14.1913
NCT00313560,Phase II Study of Erlotinib (TarcevaTM) Combined With Chemoradiation and Adjuvant Chemotherapy in Patients With Resectable Pancreatic Cancer,COMPLETED,erlotinib,EGFR,small_molecule,pancreatic cancer,True,2006.0,0,0,0,completed+results+no_positive_signal,1,1.0,0.3,0.2,0.25,0.3,0.4,0.25,0.3,0.978,0.5,0.5879345603271983,0.0,0.9,,,,1,1,0,774.0,0.0007825607235142119,1.0,1.0,1.0,0.6139,0.1,1.0,0.7,56.0,1.0,1.0,0.85,1.0,1.0,-0.82,1.0,1.0,0.4,0.6,0.0,0.5,0.95,0.76,1.0,1.0,0.9,0.9,0.7,1,1.0,0.2,0.3,0.4,0.0,0.0,0.903475,0.0,0.903475,0.0,0.0,0.5112474437627812,0.35787321063394684,0.72,0.3,0.5879345603271983,0.739,0.1,0.5,0.3,0.7,0.8,0.7375,78.0221,0.295,0.5807,0.28,0.6234,16.0388
NCT00360360,A Phase II Study of Paclitaxel/Carboplatin Plus Bevacizumab/Erlotinib in the First Line Treatment of Patients With Carcinoma of Unknown Primary Site,COMPLETED,erlotinib,EGFR,small_molecule,cancer nos,True,2006.0,0,0,0,completed+results+no_positive_signal,1,1.0,0.3,0.2,0.25,0.3,0.4,0.25,0.3,0.001,0.0,0.0,0.0,0.9,,,,1,1,0,774.0,0.0007825607235142119,1.0,1.0,1.0,0.6139,0.1,1.0,0.7,56.0,1.0,1.0,0.85,1.0,1.0,-0.82,1.0,1.0,0.4,0.6,0.0,0.5,0.95,0.76,1.0,1.0,0.9,0.9,0.7,1,1.0,0.2,0.3,0.4,0.0,0.0,0.903475,0.0,0.903475,0.0,0.0,0.0,0.0,0.72,0.3,0.0,0.0005,0.1,0.5,0.3,0.7,0.8,0.7375,78.0221,0.295,0.3591,0.28,0.0003,15.9321
NCT00161213,Phase II Study of Imatinib Mesylate and Gemcitabine for First-line Treatment of Metastatic Pancreatic Cancer,COMPLETED,imatinib,ABL1,small_molecule,pancreatic cancer,True,2005.0,0,0,0,completed+results+no_positive_signal,1,1.0,0.3,0.2,0.25,0.3,0.4,0.25,0.3,0.005,0.0,0.0,0.0,0.8,,,,1,1,0,399.0,0.0007217443609022556,0.798,1.0,1.0,0.5742,0.1,1.0,0.7,13.0,0.65,0.26,0.75,1.0,1.0,-0.77,1.0,1.0,0.4,0.6,0.0,0.5,0.9,0.7200000000000001,1.0,1.0,0.84,0.84,0.7,1,1.0,0.2,0.25,0.35,0.0,0.0,0.8935500000000001,0.0,0.8935500000000001,0.0,0.0,0.0,0.0,0.51,0.3,0.0,0.0025,0.1,0.5,0.3,0.7,0.8,0.7145,40.5161,0.295,0.2652,0.28,0.0014,8.4065
NCT00137423,A Phase 2 Efficacy And Safety Study Of SU011248 Administered In A Continuous Daily Regimen In Patients With Cytokine-Refractory Metastatic Renal Cell Carcinoma,COMPLETED,sunitinib,VEGFR2,small_molecule,renal cell carcinoma,True,2005.0,0,0,0,completed+results+no_positive_signal,1,1.0,0.3,0.2,0.25,0.3,0.4,0.25,0.3,0.2,0.17,0.45,0.0,0.55,,,,1,1,0,606.0,0.0007355808580858086,1.0,0.5,0.0,0.0,0.2,1.0,0.7,7.0,0.35,0.14,0.5,0.5,0.5,-0.31,0.5,0.0,0.4,0.6,0.0,0.5,0.4,0.32000000000000006,0.9,1.0,0.3,0.3,0.7,1,1.0,0.2,0.3,0.4,0.0,0.0,0.33,0.0,0.33,0.0,0.5,0.85,0.595,0.32999999999999996,0.3,0.45,0.185,0.1,0.5,0.3,0.7,0.8,0.4125,60.835,0.295,0.259,0.28,0.4893,12.4424
NCT02311361,A Pilot Study of Immune Checkpoint Inhibition (Durvalumab With or Without Tremelimumab) in Combination With Radiation Therapy in Patients With Unresectable Pancreatic Cancer,COMPLETED,durvalumab,CD274,antibody,pancreatic cancer,True,2015.0,0,0,0,completed+results+no_positive_signal,1,1.0,0.3,0.2,0.25,0.3,0.4,0.25,0.3,0.028,0.0,1.0,0.0,0.45,,,,1,1,0,929.0,0.0007426555435952638,1.0,1.0,1.0,0.688875,0.2,0.6,0.7,27.0,1.0,0.54,0.4,0.5,0.5,-0.18,0.0,0.0,0.4,0.6,0.0,0.5,0.58,0.46399999999999997,0.9,1.0,0.63,0.63,0.8,1,1.0,0.85,0.95,0.8,1.0,1.0,0.0,0.6575,0.6575,1.0,0.0,0.0,0.0,0.72,0.3,1.0,0.014,0.1,0.5,0.3,0.7,0.8,0.409,93.4383,0.295,0.3832,0.28,0.2077,18.9588
NCT03211117,Phase 2 Study of Pembrolizumab Combined With Chemoradiation Therapy in Anaplastic Thyroid Cancer,COMPLETED,pembrolizumab,PDCD1,antibody,thyroid cancer,True,2017.0,0,0,0,completed+results+no_positive_signal,1,1.0,0.3,0.2,0.25,0.3,0.4,0.25,0.3,0.007,0.0,1.0,0.0,0.5,,,,1,1,0,837.0,0.0007509342891278374,1.0,1.0,0.6,0.6553333333333333,0.05,0.36,0.7,9.0,0.45,0.18,0.45,0.5,0.5,-0.15,0.0,0.0,0.4,0.6,0.0,0.5,0.6,0.48,0.9,1.0,0.65,0.65,0.8,1,1.0,0.85,0.8,0.85,1.0,1.0,0.0,0.62,0.62,1.0,0.0,0.0,0.0,0.39,0.3,1.0,0.0035,0.1,0.5,0.3,0.7,0.8,0.42,84.1658,0.295,0.2016,0.28,0.2019,17.0702
NCT01262820,A Multi-Center Open Label Phase II Study of Pazopanib in Stage IIIB/IV Non-Squamous Non-Small Cell Lung Cancer After Progression on First Line Therapy Containing Bevacizumab,COMPLETED,pazopanib,VEGFR2,small_molecule,cancer nos,False,2010.0,0,0,0,completed+results+no_positive_signal,1,1.0,0.3,0.2,0.25,0.3,0.4,0.25,0.3,0.0,0.0,0.0,0.0,0.55,,,,1,1,1,606.0,0.0007355808580858086,1.0,0.5,0.0,0.0,0.2,1.0,0.7,7.0,0.35,0.14,0.5,0.5,0.5,-0.31,0.5,0.0,0.4,0.6,0.0,0.5,0.4,0.32000000000000006,0.9,1.0,0.3,0.3,0.7,1,1.0,0.2,0.3,0.4,0.0,0.0,0.33,0.0,0.33,0.0,0.5,0.0,0.0,0.32999999999999996,0.3,0.0,0.0,0.1,,,,,0.4125,60.835,0.0,0.2035,0.28,0.0,12.3528
NCT00881296,Randomized Phase II Study of Biweekly Chemotherapy With Gemcitabine and Carboplatin in Elder Patients With Previously Untreated Advanced Non-Small Cell Lung Cancer,COMPLETED,gemcitabine,RRM1,small_molecule,nsclc,True,2008.0,1,1,1,completed+positive_text+approved,1,1.0,0.3,0.2,0.25,0.3,0.4,0.25,0.3,0.153,0.15,0.14705882352941177,0.0,0.47,,,,1,1,0,475.0,0.000819562105263158,0.95,1.0,1.0,0.5399499999999999,0.05,0.54,0.7,4.0,0.2,0.08,0.42,0.0,0.0,0.0,0.0,0.0,0.4,0.6,0.0,0.5,0.58,0.46399999999999997,0.6,0.7,0.62,0.62,0.7,1,1.0,0.2,0.3,0.4,0.0,0.0,0.8049875000000001,0.0,0.8049875000000001,0.0,0.0,0.9803921568627451,0.6862745098039215,0.24,0.3,0.14705882352941177,0.1515,0.1,0.5,0.3,0.7,0.8,0.1875,48.0085,0.295,0.1784,0.28,0.4651,9.8023
NCT00345540,Phase 2 Trial of NOV-002 With Carboplatin in Women With Recurrent and Platinum Resistant Tumors of Mullerian Origin,COMPLETED,carboplatin,DNA,small_molecule,ovarian cancer,True,2006.0,0,0,0,completed+results+no_positive_signal,1,1.0,0.3,0.2,0.25,0.3,0.4,0.25,0.3,1.0,1.0,0.5726489790248644,0.0,0.3,,,,1,1,0,578.0,0.0007351176470588234,1.0,1.0,1.0,0.5889090909090909,0.05,0.28,0.7,10.0,0.5,0.2,0.2,0.0,0.0,0.0,0.0,0.0,0.4,0.6,0.0,0.5,0.4,0.32000000000000006,0.2,0.3,0.3,0.3,0.7,1,1.0,0.2,0.3,0.4,0.0,0.0,0.7372272727272728,0.0,0.7372272727272728,0.0,0.0,1.0,0.7,0.42,0.3,0.5726489790248644,1.0,0.1,0.5,0.3,0.7,0.8,0.1325,58.3158,0.295,0.514,0.28,0.8545,11.956
NCT02729896,A Phase Ib/II Study Evaluating the Safety and Efficacy of Obinutuzumab in Combination With Atezolizumab Plus Polatuzumab Vedotin in Patients With Relapsed or Refractory Follicular Lymphoma and Rituximab in Combination With Atezolizumab Plus Polatuzumab Vedotin in Patients With Relapsed or Refractory Diffuse Large B-Cell Lymphoma,COMPLETED,atezolizumab,CD274,antibody,lymphoma,True,2016.0,1,1,1,completed+positive_text+results,1,1.0,0.3,0.2,0.25,0.3,0.4,0.25,0.3,0.097,0.04,0.9278350515463917,0.0,0.45,,,,1,1,0,929.0,0.0007426555435952638,1.0,1.0,1.0,0.688875,0.2,0.6,0.7,27.0,1.0,0.54,0.4,0.5,0.5,-0.18,0.0,0.0,0.4,0.6,0.0,0.5,0.58,0.46399999999999997,0.9,1.0,0.63,0.63,0.8,1,1.0,0.85,0.95,0.8,1.0,1.0,0.0,0.6575,0.6575,1.0,0.0,0.41237113402061853,0.28865979381443296,0.72,0.3,0.9278350515463917,0.0685,0.1,0.5,0.3,0.7,0.8,0.409,93.4383,0.295,0.3996,0.28,0.3761,18.9789
NCT03365882,"S1613, A Randomized Phase II Study of Trastuzumab and Pertuzumab (TP) Compared to Cetuximab and Irinotecan (CETIRI) in Advanced/Metastatic Colorectal Cancer (mCRC) With HER-2 Amplification",COMPLETED,cetuximab,EGFR,antibody,colorectal cancer,True,2017.0,0,0,0,completed+results+no_positive_signal,1,1.0,0.72,0.55,0.65,0.75,0.4,0.55,0.7,1.0,1.0,0.5960482985729967,0.0,0.9,,,,0,1,0,774.0,0.0007825607235142119,1.0,1.0,1.0,0.6139,0.1,1.0,0.7,56.0,1.0,1.0,0.85,1.0,1.0,-0.82,1.0,1.0,0.4,0.6,0.0,0.5,0.95,0.76,1.0,1.0,0.9,0.9,0.8,1,1.0,0.2,0.3,0.4,0.0,0.0,0.0,0.295,0.295,1.0,0.0,1.0,0.7,0.8879999999999999,0.72,0.5960482985729967,1.0,0.275,0.5,0.3,0.7,0.8,0.85,78.1316,0.295,0.7526,0.3362,0.8592,16.1552
NCT01664182,"A Randomized Phase 2 Study of AMG 386 With or Without Continued Anti-Vascular Endothelial Growth Factor (VEGF) Therapy in Patients With Renal Cell Carcinoma Who Have Progressed on Bevacizumab, Pazopanib, Sorafenib, or Sunitinib",COMPLETED,sorafenib,BRAF,small_molecule,renal cell carcinoma,True,2012.0,0,0,0,completed+results+no_positive_signal,1,1.0,0.3,0.2,0.25,0.3,0.4,0.25,0.3,0.094,0.03,0.45212765957446804,0.0,0.75,,,,1,1,0,689.0,0.0007610406386066763,1.0,1.0,1.0,0.5917499999999999,0.05,1.0,0.7,21.0,1.0,0.42,0.7,1.0,1.0,-0.63,1.0,1.0,0.4,0.6,0.0,0.5,0.82,0.656,0.9,1.0,0.85,0.85,0.7,1,1.0,0.4,0.4,0.55,0.0,0.0,0.8779375,0.0,0.8779375,0.0,0.0,0.3191489361702127,0.2234042553191489,0.72,0.3,0.45212765957446804,0.062,0.1,0.5,0.3,0.7,0.8,0.705,69.5163,0.295,0.3676,0.28,0.243,14.2488
NCT00669162,"A Phase I/II Trial of Post-Prostatectomy Radiation Therapy, Hormonal Therapy and Concurrent Docetaxel for High Risk Pathologic T2-T3NO (Tumor-3, Node-0) Prostate Cancer",COMPLETED,docetaxel,TUBB,small_molecule,prostate cancer,False,2012.0,0,0,0,completed+results+no_positive_signal,1,1.0,0.3,0.2,0.25,0.3,0.4,0.25,0.3,0.003,0.0,0.8333333333333333,0.0,0.43,,,,1,1,1,715.0,0.000807165034965035,1.0,1.0,1.0,0.5950000000000001,0.05,0.7,0.7,17.0,0.85,0.34,0.38,0.0,0.0,0.0,0.0,0.0,0.0,0.0,0.0,0.0,0.55,0.44000000000000006,0.6,0.7,0.59,0.59,0.7,1,1.0,0.2,0.3,0.4,0.0,0.0,0.8187500000000001,0.0,0.8187500000000001,0.0,0.0,0.0,0.0,0.63,0.3,0.8333333333333333,0.0015,0.1,,,,,0.178,72.0168,0.0,0.309,0.04,0.1675,14.5324
NCT00387959,A Non-Myeloablative Conditioning Regimen With Peri-Transplant Rituximab and the Transplantation of Unrelated Donor Umbilical Cord Blood in Patients With B Cell Lymphoid Malignancies,COMPLETED,rituximab,MS4A1,antibody,leukemia,True,2006.0,0,0,0,completed+results+no_positive_signal,1,1.0,0.85,0.62,0.68,0.9,0.4,0.65,0.82,0.013,0.01,0.3846153846153846,0.0,0.65,,,,0,1,0,525.0,0.0006596552380952381,1.0,0.5,0.0,0.0,0.05,0.44,0.7,11.0,0.55,0.22,0.6,0.5,0.5,-0.44,0.5,0.0,0.4,0.6,0.0,0.5,0.68,0.544,0.9,1.0,0.73,0.73,0.8,1,1.0,0.25,0.35,0.65,0.0,0.0,0.0,0.3075,0.3075,1.0,0.5,0.7692307692307693,0.5384615384615384,0.67,0.85,0.3846153846153846,0.0115,0.31,0.5,0.3,0.7,0.8,0.5815,52.8725,0.295,0.3529,0.3515,0.3812,10.9108
NCT00267696,"A Phase II Study of Gemcitabine/Carboplatin/Bevacizumab in Platinum Sensitive Recurrent Ovarian, Fallopian Tube, or Primary Peritoneal Cancer Patients.",COMPLETED,bevacizumab,VEGFA,antibody,ovarian cancer,True,2005.0,0,0,0,completed+results+no_positive_signal,1,1.0,0.3,0.2,0.25,0.3,0.4,0.25,0.3,0.204,0.07,0.6004901960784313,0.0,0.75,,,,1,1,0,582.0,0.0006893024054982818,1.0,1.0,1.0,0.83255,0.3,1.0,0.7,30.0,1.0,0.6,0.7,1.0,1.0,-0.22,0.0,0.0,0.4,0.6,0.0,0.5,0.82,0.656,0.7,0.8,0.83,0.83,0.8,1,1.0,0.2,0.3,0.5,0.0,0.0,0.0,0.295,0.295,1.0,0.0,0.34313725490196084,0.24019607843137258,0.72,0.3,0.6004901960784313,0.137,0.1,0.5,0.3,0.7,0.8,0.704,58.7649,0.295,0.4401,0.28,0.3153,12.12
NCT00687297,"A Randomized Phase II Study Evaluating Vandetanib (ZD6474) in Combination With Docetaxel and Carboplatin Followed by Placebo or Maintenance Therapy With Vandetanib in Patients With IIIb, IV or Recurrent Non-Small Cell Lung Cancer (NSCLC)",COMPLETED,carboplatin,DNA,small_molecule,nsclc,True,2008.0,0,0,0,completed+results+no_positive_signal,1,1.0,0.3,0.2,0.25,0.3,0.4,0.25,0.3,1.0,1.0,0.7610274096932292,0.0,0.3,,,,1,1,0,578.0,0.0007351176470588234,1.0,1.0,1.0,0.5889090909090909,0.05,0.28,0.7,10.0,0.5,0.2,0.2,0.0,0.0,0.0,0.0,0.0,0.4,0.6,0.0,0.5,0.4,0.32000000000000006,0.2,0.3,0.3,0.3,0.7,1,1.0,0.2,0.3,0.4,0.0,0.0,0.7372272727272728,0.0,0.7372272727272728,0.0,0.0,1.0,0.7,0.42,0.3,0.7610274096932292,1.0,0.1,0.5,0.3,0.7,0.8,0.1325,58.3158,0.295,0.514,0.28,0.8922,11.9598
NCT00567359,"A Phase II Trial of Adjuvant Erlotinib in Patients With Resected, Early Stage Non-Small Cell Lung Cancer (NSCLC) With Confirmed Mutations in the Epidermal Growth Factor Receptor (EGFR)",COMPLETED,erlotinib,EGFR,small_molecule,nsclc,True,2007.0,0,0,0,completed+results+no_positive_signal,1,1.0,0.92,0.85,0.8,0.95,0.4,0.75,0.9,1.0,1.0,0.8166677488474774,0.0,0.9,,,,0,1,0,774.0,0.0007825607235142119,1.0,1.0,1.0,0.6139,0.1,1.0,0.7,56.0,1.0,1.0,0.85,1.0,1.0,-0.82,1.0,1.0,0.4,0.6,0.0,0.5,0.95,0.76,1.0,1.0,0.9,0.9,0.7,1,1.0,0.2,0.3,0.4,0.0,0.0,0.903475,0.0,0.903475,0.0,0.0,1.0,0.7,0.968,0.92,0.8166677488474774,1.0,0.425,0.5,0.3,0.7,0.8,0.9175,78.1816,0.295,0.7986,0.3788,0.9033,16.2021
NCT00774046,High-dose Cytarabine/Mitoxantrone Followed by Autotransplantation for Therapy-Related Myelodysplastic Syndrome/Therapy -Related Acute Myeloid Leukemia,COMPLETED,etoposide,TOP2A,small_molecule,leukemia,True,2002.0,0,0,0,completed+results+no_positive_signal,1,1.0,0.3,0.2,0.25,0.3,0.4,0.25,0.3,0.035,0.01,0.6428571428571429,0.0,0.63,,,,1,1,0,1111.0,0.000882019801980198,1.0,0.5,0.0,0.0,0.05,0.74,0.7,4.0,0.2,0.08,0.58,0.0,0.0,-0.94,1.0,0.0,0.4,0.6,0.0,0.5,0.72,0.576,0.8,0.9,0.73,0.73,0.7,1,1.0,0.2,0.25,0.35,0.0,0.0,0.31000000000000005,0.0,0.31000000000000005,0.0,0.5,0.2857142857142857,0.19999999999999998,0.24,0.3,0.6428571428571429,0.022500000000000003,0.1,0.5,0.3,0.7,0.8,0.225,111.3775,0.295,0.1398,0.28,0.2504,22.4562
NCT02102490,"A Phase 2 Study of LY2835219 for Patients With Previously Treated Hormone Receptor Positive, HER2 Negative Metastatic Breast Cancer",COMPLETED,abemaciclib,CDK4,small_molecule,breast cancer,True,2014.0,0,0,0,completed+results+no_positive_signal,1,1.0,0.88,0.72,0.75,0.92,0.4,0.68,0.82,1.0,1.0,1.0,0.0,0.65,,,,0,1,0,747.0,0.0007754163319946452,1.0,0.5,0.0,0.0,0.05,0.68,0.7,28.0,1.0,0.56,0.6,1.0,1.0,-0.74,1.0,1.0,0.4,0.6,0.0,0.5,0.72,0.576,0.8,0.9,0.74,0.74,0.7,1,1.0,0.2,0.3,0.4,0.0,0.0,0.31000000000000005,0.0,0.31000000000000005,0.0,0.5,1.0,0.7,0.952,0.88,1.0,1.0,0.36,0.5,0.3,0.7,0.8,0.8325,75.1285,0.295,0.7734,0.362,0.94,15.5663
NCT03369223,A Phase 1/2 First-in-Human Study of BMS-986249 Alone and in Combination With Nivolumab in Advanced Solid Tumors,COMPLETED,nivolumab,PDCD1,antibody,cancer nos,False,2017.0,0,0,0,completed+results+no_positive_signal,1,1.0,0.3,0.2,0.25,0.3,0.4,0.25,0.3,0.0,0.0,0.0,0.0,0.5,,,,1,1,1,837.0,0.0007509342891278374,1.0,1.0,0.6,0.6553333333333333,0.05,0.36,0.7,9.0,0.45,0.18,0.45,0.5,0.5,-0.15,0.0,0.0,0.4,0.6,0.0,0.5,0.6,0.48,0.9,1.0,0.65,0.65,0.8,1,1.0,0.85,0.8,0.85,1.0,1.0,0.0,0.62,0.62,1.0,0.0,0.0,0.0,0.39,0.3,0.0,0.0,0.1,,,,,0.42,84.1658,0.0,0.2005,0.28,0.0,17.0203
NCT02130466,A Phase I/II Study to Assess the Safety and Efficacy of MK-3475 in Combination With Trametinib and Dabrafenib in Subjects With Advanced Melanoma,COMPLETED,pembrolizumab,PDCD1,antibody,solid tumors,True,2014.0,1,1,1,completed+positive_text+results,1,1.0,0.3,0.2,0.25,0.3,0.4,0.25,0.3,0.019,0.0,1.0,0.0,0.5,,,,1,1,0,837.0,0.0007509342891278374,1.0,1.0,0.6,0.6553333333333333,0.05,0.36,0.7,9.0,0.45,0.18,0.45,0.5,0.5,-0.15,0.0,0.0,0.4,0.6,0.0,0.5,0.6,0.48,0.9,1.0,0.65,0.65,0.8,1,1.0,0.85,0.8,0.85,1.0,1.0,0.0,0.62,0.62,1.0,0.0,0.0,0.0,0.39,0.3,1.0,0.0095,0.1,0.5,0.3,0.7,0.8,0.42,84.1658,0.295,0.2034,0.28,0.2052,17.0709
NCT03296137,Adoptive Cell Therapy Across Cancer Diagnoses,COMPLETED,nivolumab,PDCD1,antibody,cancer nos,False,2017.0,0,0,0,completed+results+no_positive_signal,1,1.0,0.3,0.2,0.25,0.3,0.4,0.25,0.3,0.0,0.0,0.0,0.0,0.5,,,,1,1,1,837.0,0.0007509342891278374,1.0,1.0,0.6,0.6553333333333333,0.05,0.36,0.7,9.0,0.45,0.18,0.45,0.5,0.5,-0.15,0.0,0.0,0.4,0.6,0.0,0.5,0.6,0.48,0.9,1.0,0.65,0.65,0.8,1,1.0,0.85,0.8,0.85,1.0,1.0,0.0,0.62,0.62,1.0,0.0,0.0,0.0,0.39,0.3,0.0,0.0,0.1,,,,,0.42,84.1658,0.0,0.2005,0.28,0.0,17.0203
NCT01004003,"A Multicenter, Open Label, Phase I /Randomised Phase II Study to Evaluate Safety, Pharmacokinetics and Efficacy of BIBF 1120 in Comparison With Oral Sorafenib for Advanced Hepatocellular Carcinoma Patients.",COMPLETED,sorafenib,BRAF,small_molecule,hepatocellular carcinoma,True,2009.0,0,0,0,completed+results+no_positive_signal,1,1.0,0.3,0.2,0.25,0.3,0.4,0.25,0.3,0.149,0.04,0.7550335570469798,0.0,0.75,,,,1,1,0,689.0,0.0007610406386066763,1.0,1.0,1.0,0.5917499999999999,0.05,1.0,0.7,21.0,1.0,0.42,0.7,1.0,1.0,-0.63,1.0,1.0,0.4,0.6,0.0,0.5,0.82,0.656,0.9,1.0,0.85,0.85,0.7,1,1.0,0.4,0.4,0.55,0.0,0.0,0.8779375,0.0,0.8779375,0.0,0.0,0.2684563758389262,0.1879194630872483,0.72,0.3,0.7550335570469798,0.0945,0.1,0.5,0.3,0.7,0.8,0.705,69.5163,0.295,0.3773,0.28,0.2997,14.2564
NCT02597322,"An Open-label, Non-randomized, Multicenter, Two Stage Designed Phase II Study of Axitinib for Downstaging Large Renal Tumors Not Primarily Suitable for Partial Nephrectomy (AXIPAN)",COMPLETED,axitinib,VEGFR2,small_molecule,renal cell carcinoma,True,2012.0,1,1,1,completed+positive_text+approved,1,1.0,0.3,0.2,0.25,0.3,0.4,0.25,0.3,0.2,0.17,0.45,0.0,0.55,,,,1,1,0,606.0,0.0007355808580858086,1.0,0.5,0.0,0.0,0.2,1.0,0.7,7.0,0.35,0.14,0.5,0.5,0.5,-0.31,0.5,0.0,0.4,0.6,0.0,0.5,0.4,0.32000000000000006,0.9,1.0,0.3,0.3,0.7,1,1.0,0.2,0.3,0.4,0.0,0.0,0.33,0.0,0.33,0.0,0.5,0.85,0.595,0.32999999999999996,0.3,0.45,0.185,0.1,0.5,0.3,0.7,0.8,0.4125,60.835,0.295,0.259,0.28,0.4893,12.4424
NCT01088529,"A Randomized, Open-Label, Neoadjuvant Prostate Cancer Trial of Abiraterone Acetate Plus LHRHa Versus LHRHa Alone",COMPLETED,abiraterone,CYP17A1,small_molecule,prostate cancer,True,2009.0,0,0,0,completed+results+no_positive_signal,1,1.0,0.9,0.65,0.7,0.95,0.4,0.72,0.85,0.24,0.11,0.53125,0.0,0.7,,,,0,1,0,682.0,0.0007660322580645161,1.0,1.0,1.0,0.6927,0.05,0.34,0.7,3.0,0.15,0.06,0.65,0.5,0.5,-0.71,1.0,1.0,0.4,0.6,0.0,0.5,0.62,0.496,0.8,0.9,0.77,0.77,0.7,1,1.0,0.1,0.15,0.25,0.0,0.0,0.883175,0.0,0.883175,0.0,0.0,0.45833333333333337,0.32083333333333336,0.45000000000000007,0.9,0.53125,0.175,0.325,0.5,0.3,0.7,0.8,0.601,68.9889,0.295,0.3025,0.3608,0.3593,14.1281
NCT03694002,"A Randomized Phase II Trial of Carboplatin-Paclitaxel With or Without Ramucirumab in Patients With Unresectable Locally Advanced, Recurrent, or Metastatic Thymic Carcinoma",COMPLETED,ramucirumab,KDR,antibody,cancer nos,True,2019.0,0,0,0,completed+results+no_positive_signal,1,1.0,0.3,0.2,0.25,0.3,0.4,0.25,0.3,0.0,0.0,0.0,0.0,0.6,,,,1,1,0,606.0,0.0007355808580858086,1.0,1.0,0.7,0.5514285714285714,0.2,1.0,0.7,7.0,0.35,0.14,0.55,0.0,0.0,0.0,0.0,0.0,0.4,0.6,0.0,0.5,0.72,0.576,0.8,0.9,0.71,0.71,0.8,1,1.0,0.2,0.3,0.5,0.0,0.0,0.0,0.295,0.295,1.0,0.0,0.0,0.0,0.32999999999999996,0.3,0.0,0.0,0.1,0.5,0.3,0.7,0.8,0.218,61.0727,0.295,0.2035,0.28,0.0,12.3812
NCT00185588,A Phase 1-2 Study of the VEGF Receptor Tyrosine Kinase Inhibitor PTK787/ZK 222584 <Vatalanib> and Gemcitabine in Patients With Advanced Pancreatic Cancer,COMPLETED,gemcitabine,RRM1,small_molecule,pancreatic cancer,True,2004.0,0,0,0,completed+results+no_positive_signal,1,1.0,0.3,0.2,0.25,0.3,0.4,0.25,0.3,0.068,0.02,0.5147058823529411,0.0,0.47,,,,1,1,0,475.0,0.000819562105263158,0.95,1.0,1.0,0.5399499999999999,0.05,0.54,0.7,4.0,0.2,0.08,0.42,0.0,0.0,0.0,0.0,0.0,0.4,0.6,0.0,0.5,0.58,0.46399999999999997,0.6,0.7,0.62,0.62,0.7,1,1.0,0.2,0.3,0.4,0.0,0.0,0.8049875000000001,0.0,0.8049875000000001,0.0,0.0,0.29411764705882354,0.20588235294117646,0.24,0.3,0.5147058823529411,0.044000000000000004,0.1,0.5,0.3,0.7,0.8,0.1875,48.0085,0.295,0.1462,0.28,0.2378,9.7731
NCT01211483,"Randomized, Placebo-controlled, Double-blind Phase 1b/2 Study of U3-1287 (AMG 888) in Combination With Erlotinib in EGFR Treatment Naïve Subjects With Advanced Non-Small Cell Lung Cancer (NSCLC) Who Have Progressed on at Least One Prior Chemotherapy",COMPLETED,erlotinib,EGFR,small_molecule,nsclc,True,2010.0,0,0,0,completed+results+no_positive_signal,1,1.0,0.92,0.85,0.8,0.95,0.4,0.75,0.9,1.0,1.0,0.8166677488474774,0.0,0.9,,,,0,1,0,774.0,0.0007825607235142119,1.0,1.0,1.0,0.6139,0.1,1.0,0.7,56.0,1.0,1.0,0.85,1.0,1.0,-0.82,1.0,1.0,0.4,0.6,0.0,0.5,0.95,0.76,1.0,1.0,0.9,0.9,0.7,1,1.0,0.2,0.3,0.4,0.0,0.0,0.903475,0.0,0.903475,0.0,0.0,1.0,0.7,0.968,0.92,0.8166677488474774,1.0,0.425,0.5,0.3,0.7,0.8,0.9175,78.1816,0.295,0.7986,0.3788,0.9033,16.2021
NCT01014351,A Phase II Study of Everolimus in Combination With Paclitaxel and Carboplatin in Patients With Metastatic Melanoma,COMPLETED,everolimus,MTOR,small_molecule,melanoma,True,2010.0,0,0,0,completed+results+no_positive_signal,1,1.0,0.3,0.2,0.25,0.3,0.4,0.25,0.3,0.856,0.08,0.7768691588785046,0.0,0.6,,,,1,1,0,557.0,0.0007751023339317773,1.0,1.0,1.0,0.7293,0.05,1.0,0.7,56.0,1.0,1.0,0.55,0.5,0.5,-0.61,1.0,1.0,0.4,0.6,0.0,0.5,0.85,0.68,0.9,1.0,0.8,0.8,0.7,1,1.0,0.15,0.25,0.35,0.0,0.0,0.912325,0.0,0.912325,0.0,0.0,0.09345794392523366,0.06542056074766356,0.72,0.3,0.7768691588785046,0.46799999999999997,0.1,0.5,0.3,0.7,0.8,0.4475,56.3369,0.295,0.4894,0.28,0.4332,11.592
NCT03760666,"A Phase 1b/2a Open-label, Multi-center Study to Assess the Safety, Efficacy and Pharmacokinetics of Intrapatient Dose-adjusted Brequinar and Inhibition of Dihydroorotate Dehydrogenase (DHODH) in Adult Subjects With AML",TERMINATED,unmapped,UNKNOWN,unknown,leukemia,True,2018.0,0,0,0,terminated+efficacy,0,0.0,0.0,0.0,0.0,0.0,0.0,0.0,0.0,0.0,0.0,0.0,0.0,0.0,,,,1,1,0,0.0,0.0,0.0,0.0,0.0,0.0,0.0,0.0,0.0,0.0,0.0,0.0,0.0,0.0,0.0,0.0,0.0,0.0,0.4,0.5,0.0,0.5,0.0,0.0,0.0,0.0,0.0,0.0,0.3,0,0.0,0.2,0.3,0.4,0.0,0.0,0.0,0.0,0.0,0.0,1.0,0.0,0.0,0.0,0.0,0.0,0.0,0.0,0.5,0.3,0.7,0.8,0.0,0.0,0.295,0.0,0.22,0.0,0.0625
NCT00720356,A Phase II Study of Bevacizumab and Erlotinib After Radiation Therapy and Temozolomide in Patients With Newly Diagnosed Glioblastoma Without MGMT Promoter Methylation,COMPLETED,erlotinib,EGFR,small_molecule,cancer nos,True,2009.0,0,0,0,completed+results+no_positive_signal,1,1.0,0.3,0.2,0.25,0.3,0.4,0.25,0.3,0.001,0.0,0.0,0.0,0.9,,,,1,1,0,774.0,0.0007825607235142119,1.0,1.0,1.0,0.6139,0.1,1.0,0.7,56.0,1.0,1.0,0.85,1.0,1.0,-0.82,1.0,1.0,0.4,0.6,0.0,0.5,0.95,0.76,1.0,1.0,0.9,0.9,0.7,1,1.0,0.2,0.3,0.4,0.0,0.0,0.903475,0.0,0.903475,0.0,0.0,0.0,0.0,0.72,0.3,0.0,0.0005,0.1,0.5,0.3,0.7,0.8,0.7375,78.0221,0.295,0.3591,0.28,0.0003,15.9321
NCT00439231,A Phase II Study of Lenalidomide Revlimid(Registered Trademark) in Previously Treated Patients With Chronic Lymphocytic Leukemia/Small Lymphocytic Lymphoma,COMPLETED,lenalidomide,CRBN,small_molecule,leukemia,True,2007.0,0,0,0,completed+results+no_positive_signal,1,1.0,0.3,0.2,0.25,0.3,0.4,0.25,0.3,0.06,0.0,1.0,0.0,0.4,,,,1,1,0,630.0,0.0008394936507936509,1.0,0.5,0.0,0.0,0.05,0.32,0.7,1.0,0.05,0.02,0.35,0.5,0.5,-0.55,1.0,1.0,0.4,0.6,0.0,0.5,0.55,0.44000000000000006,0.6,0.7,0.58,0.58,0.7,1,1.0,0.3,0.4,0.55,0.1,0.0,0.27,0.0,0.27,0.0,0.5,0.0,0.0,0.15,0.3,1.0,0.03,0.1,0.5,0.3,0.7,0.8,0.3965,63.2775,0.295,0.1015,0.28,0.2165,12.8681
NCT03069937,A Phase II Study of Docetaxel Before Medical Castration With Degarelix in Patients With Newly Diagnosed Metastatic Prostatic Adenocarcinoma.,COMPLETED,docetaxel,TUBB,small_molecule,cancer nos,True,2017.0,0,0,0,completed+results+no_positive_signal,1,1.0,0.3,0.2,0.25,0.3,0.4,0.25,0.3,0.0,0.0,0.0,0.0,0.43,,,,1,1,0,715.0,0.000807165034965035,1.0,1.0,1.0,0.5950000000000001,0.05,0.7,0.7,17.0,0.85,0.34,0.38,0.0,0.0,0.0,0.0,0.0,0.0,0.0,0.0,0.0,0.55,0.44000000000000006,0.6,0.7,0.59,0.59,0.7,1,1.0,0.2,0.3,0.4,0.0,0.0,0.8187500000000001,0.0,0.8187500000000001,0.0,0.0,0.0,0.0,0.63,0.3,0.0,0.0,0.1,0.5,0.3,0.7,0.8,0.178,72.0168,0.295,0.3085,0.04,0.0,14.5451
NCT01216683,A 3-Arm Randomized Phase II Trial of Bendamustine-Rituximab (BR) Followed by Rituximab vs Bortezomib-BR (BVR) Followed by Rituximab vs BR Followed by Lenalidomide/Rituximab in High Risk Follicular Lymphoma,COMPLETED,rituximab,MS4A1,antibody,lymphoma,True,2011.0,0,0,0,completed+results+no_positive_signal,1,1.0,0.88,0.65,0.7,0.92,0.4,0.68,0.85,0.028,0.0,0.7142857142857142,0.0,0.65,,,,0,1,0,525.0,0.0006596552380952381,1.0,0.5,0.0,0.0,0.05,0.44,0.7,11.0,0.55,0.22,0.6,0.5,0.5,-0.44,0.5,0.0,0.4,0.6,0.0,0.5,0.68,0.544,0.9,1.0,0.73,0.73,0.8,1,1.0,0.25,0.35,0.65,0.0,0.0,0.0,0.3075,0.3075,1.0,0.5,0.0,0.0,0.682,0.88,0.7142857142857142,0.014,0.325,0.5,0.3,0.7,0.8,0.589,52.8785,0.295,0.3606,0.3568,0.1506,10.8931
NCT03459222,A Phase 1/2 Study of Relatlimab (Anti-LAG-3 Monoclonal Antibody) Administered in Combination With Both Nivolumab (Anti-PD-1 Monoclonal Antibody) and BMS-986205 (IDO1 Inhibitor) or in Combination With Both Nivolumab and Ipilimumab (Anti-CTLA-4 Monoclonal Antibody) in Advanced Malignant Tumors,COMPLETED,nivolumab,PDCD1,antibody,cancer nos,True,2018.0,0,0,0,completed+results+no_positive_signal,1,1.0,0.3,0.2,0.25,0.3,0.4,0.25,0.3,0.0,0.0,0.0,0.0,0.5,,,,1,1,0,837.0,0.0007509342891278374,1.0,1.0,0.6,0.6553333333333333,0.05,0.36,0.7,9.0,0.45,0.18,0.45,0.5,0.5,-0.15,0.0,0.0,0.4,0.6,0.0,0.5,0.6,0.48,0.9,1.0,0.65,0.65,0.8,1,1.0,0.85,0.8,0.85,1.0,1.0,0.0,0.62,0.62,1.0,0.0,0.0,0.0,0.39,0.3,0.0,0.0,0.1,0.5,0.3,0.7,0.8,0.42,84.1658,0.295,0.2005,0.28,0.0,17.0498
NCT01927627,A Phase 2 Study of Enzalutamide in Patients With High-risk Prostate Cancer Who Have Undergone Local Definitive Therapy With Radical Prostatectomy,COMPLETED,enzalutamide,AR,small_molecule,prostate cancer,True,2013.0,0,0,0,completed+results+no_positive_signal,1,1.0,0.98,0.88,0.9,0.98,0.4,0.82,0.95,1.0,1.0,0.5785932721712538,0.0,0.85,,,,0,1,0,557.0,0.0007637253141831239,1.0,0.0,0.0,0.0,0.05,1.0,0.7,22.0,1.0,0.44,0.8,1.0,1.0,-0.69,1.0,1.0,0.4,0.6,0.0,0.5,0.82,0.656,1.0,1.0,0.88,0.88,0.7,1,1.0,0.1,0.2,0.3,0.0,0.0,0.2,0.0,0.2,0.0,1.0,1.0,0.7,0.992,0.98,0.5785932721712538,1.0,0.44,0.5,0.3,0.7,0.8,0.926,56.0475,0.295,0.8009,0.388,0.8557,11.7745
NCT00787761,Pre-administration of Rabbit Antithymocyte Globulin to Optimize Donor T-Cell Engraftment Following Reduced Intensity Allogeneic Peripheral Blood Progenitor Cell Transplantation From Matched-Related Donors,COMPLETED,cyclophosphamide,DNA,small_molecule,multiple myeloma,True,2007.0,0,0,0,completed+results+no_positive_signal,1,1.0,0.3,0.2,0.25,0.3,0.4,0.25,0.3,1.0,0.54,0.49109481403876376,0.0,0.3,,,,1,1,0,578.0,0.0007351176470588234,1.0,1.0,1.0,0.5889090909090909,0.05,0.28,0.7,10.0,0.5,0.2,0.2,0.0,0.0,0.0,0.0,0.0,0.4,0.6,0.0,0.5,0.4,0.32000000000000006,0.2,0.3,0.3,0.3,0.7,1,1.0,0.2,0.3,0.4,0.0,0.0,0.7372272727272728,0.0,0.7372272727272728,0.0,0.0,0.54,0.378,0.42,0.3,0.49109481403876376,0.77,0.1,0.5,0.3,0.7,0.8,0.1325,58.3158,0.295,0.445,0.28,0.6243,11.9192
NCT00859469,Oxaliplatin (Eloxatin®) Plus Gemcitabine as First or Second-line Chemotherapy for Patients With Malignant Pleural or Peritoneal Mesothelioma: A Phase II Clinical Trial,COMPLETED,gemcitabine,RRM1,small_molecule,cancer nos,False,2004.0,0,0,0,completed+results+no_positive_signal,1,1.0,0.3,0.2,0.25,0.3,0.4,0.25,0.3,0.0,0.0,0.0,0.0,0.47,,,,1,1,1,475.0,0.000819562105263158,0.95,1.0,1.0,0.5399499999999999,0.05,0.54,0.7,4.0,0.2,0.08,0.42,0.0,0.0,0.0,0.0,0.0,0.4,0.6,0.0,0.5,0.58,0.46399999999999997,0.6,0.7,0.62,0.62,0.7,1,1.0,0.2,0.3,0.4,0.0,0.0,0.8049875000000001,0.0,0.8049875000000001,0.0,0.0,0.0,0.0,0.24,0.3,0.0,0.0,0.1,,,,,0.1875,48.0085,0.0,0.133,0.28,0.0,9.7172
NCT00271505,A Phase II Evaluation of Avastin in Combination With Docetaxel and Carboplatin as Chemotherapy in Patients With Metastatic Non-Small Cell Lung Cancer,COMPLETED,bevacizumab,VEGFA,antibody,nsclc,True,2005.0,0,0,0,completed+results+no_positive_signal,1,1.0,0.82,0.52,0.58,0.88,0.4,0.7,0.8,0.217,0.03,0.8640552995391704,0.0,0.75,,,,0,1,0,582.0,0.0006893024054982818,1.0,1.0,1.0,0.83255,0.3,1.0,0.7,30.0,1.0,0.6,0.7,1.0,1.0,-0.22,0.0,0.0,0.4,0.6,0.0,0.5,0.82,0.656,0.7,0.8,0.83,0.83,0.8,1,1.0,0.2,0.3,0.5,0.0,0.0,0.0,0.295,0.295,1.0,0.0,0.13824884792626727,0.09677419354838708,0.9279999999999999,0.82,0.8640552995391704,0.1235,0.26,0.5,0.3,0.7,0.8,0.8015,58.9039,0.295,0.5526,0.349,0.2887,12.2024
NCT02453594,A Phase II Clinical Trial of MK-3475 (Pembrolizumab) in Subjects With Relapsed or Refractory (R/R) Classical Hodgkin Lymphoma (cHL),COMPLETED,pembrolizumab,PDCD1,antibody,lymphoma,True,2015.0,1,1,1,completed+positive_text+results,1,1.0,0.85,0.6,0.65,0.9,0.4,0.68,0.82,0.044,0.0,0.9090909090909091,0.0,0.5,,,,0,1,0,837.0,0.0007509342891278374,1.0,1.0,0.6,0.6553333333333333,0.05,0.36,0.7,9.0,0.45,0.18,0.45,0.5,0.5,-0.15,0.0,0.0,0.4,0.6,0.0,0.5,0.6,0.48,0.9,1.0,0.65,0.65,0.8,1,1.0,0.85,0.8,0.85,1.0,1.0,0.0,0.62,0.62,1.0,0.0,0.0,0.0,0.6100000000000001,0.85,0.9090909090909091,0.022,0.3,0.5,0.3,0.7,0.8,0.54,84.3108,0.295,0.3291,0.353,0.1939,17.1648
NCT00520403,An Open-label Study to Assess the Effect of First-line Treatment With Avastin in Combination With Standard Therapy on Progression-free Survival in Patients With Metastatic Renal Cell Cancer.,COMPLETED,bevacizumab,VEGFA,antibody,renal cell carcinoma,True,2007.0,0,0,0,completed+results+no_positive_signal,1,1.0,0.3,0.2,0.25,0.3,0.4,0.25,0.3,0.18,0.15,0.75,0.0,0.75,,,,1,1,0,582.0,0.0006893024054982818,1.0,1.0,1.0,0.83255,0.3,1.0,0.7,30.0,1.0,0.6,0.7,1.0,1.0,-0.22,0.0,0.0,0.4,0.6,0.0,0.5,0.82,0.656,0.7,0.8,0.83,0.83,0.8,1,1.0,0.2,0.3,0.5,0.0,0.0,0.0,0.295,0.295,1.0,0.0,0.8333333333333334,0.5833333333333334,0.72,0.3,0.75,0.16499999999999998,0.1,0.5,0.3,0.7,0.8,0.704,58.7649,0.295,0.4485,0.28,0.5358,12.1438
NCT00004888,A Safety and Efficacy Study of Doxil and Taxotere ± Herceptin in Advanced Breast Cancer,COMPLETED,trastuzumab,ERBB2,antibody,breast cancer,True,2001.0,0,0,0,completed+results+no_positive_signal,1,1.0,0.95,0.88,0.85,0.98,0.4,0.8,0.92,1.0,1.0,0.44339622641509435,0.0,0.85,,,,0,1,0,739.0,0.0007936373477672532,1.0,0.5,0.3,0.7236666666666667,0.2,1.0,0.7,45.0,1.0,0.9,0.8,1.0,1.0,-0.71,1.0,1.0,0.4,0.6,0.0,0.5,0.9,0.7200000000000001,1.0,1.0,0.88,0.88,0.8,1,1.0,0.15,0.35,0.45,0.0,0.0,0.0,0.3075,0.3075,1.0,0.5,1.0,0.7,0.98,0.95,0.44339622641509435,1.0,0.44,0.5,0.3,0.7,0.8,0.9185,74.5055,0.295,0.824,0.386,0.8287,15.4658
NCT02661542,"A Phase 1/2a, Dose-escalation Study of FF-10502-01 for the Treatment of Advanced Solid Tumors and Lymphomas",COMPLETED,unmapped,UNKNOWN,unknown,solid tumors,False,2016.0,1,1,1,completed+positive_text+results,0,0.0,0.0,0.0,0.0,0.0,0.0,0.0,0.0,0.0,0.0,0.0,0.0,0.0,,,,1,1,1,0.0,0.0,0.0,0.0,0.0,0.0,0.0,0.0,0.0,0.0,0.0,0.0,0.0,0.0,0.0,0.0,0.0,0.0,0.4,0.5,0.0,0.5,0.0,0.0,0.0,0.0,0.0,0.0,0.3,0,0.0,0.2,0.3,0.4,0.0,0.0,0.0,0.0,0.0,0.0,1.0,0.0,0.0,0.0,0.0,0.0,0.0,0.0,,,,,0.0,0.0,0.0,0.0,0.22,0.0,0.033
NCT00216021,A Phase II Trial of Capecitabine and Oxaliplatin (CAPOX) in Patients With Metastatic Breast Cancer: Hoosier Oncology Group BRE03-60,COMPLETED,capecitabine,TYMS,small_molecule,breast cancer,True,2004.0,1,1,1,completed+positive_text+approved,1,1.0,0.3,0.2,0.25,0.3,0.4,0.25,0.3,0.073,0.02,0.6506849315068493,0.0,0.6,,,,1,1,0,481.0,0.0008138274428274429,0.962,1.0,1.0,0.82585,0.05,0.32,0.7,6.0,0.3,0.12,0.55,0.0,0.0,-0.91,1.0,0.0,0.4,0.6,0.0,0.5,0.7,0.5599999999999999,0.8,0.9,0.78,0.78,0.7,1,1.0,0.15,0.2,0.3,0.0,0.0,0.9164625000000001,0.0,0.9164625000000001,0.0,0.0,0.27397260273972607,0.19178082191780824,0.3,0.3,0.6506849315068493,0.0465,0.1,0.5,0.3,0.7,0.8,0.2215,48.7514,0.295,0.1739,0.28,0.2586,9.9378
NCT02801578,A Pilot Study of Different Doses of Ibrutinib in Participants With Chronic Lymphocytic Leukemia (CLL),COMPLETED,ibrutinib,BTK,small_molecule,leukemia,True,2016.0,1,1,1,completed+positive_text+results,1,1.0,0.92,0.72,0.78,0.95,0.4,0.68,0.88,1.0,0.72,1.0,0.0,0.65,,,,0,1,0,529.0,0.0007996710775047259,1.0,0.5,0.1,0.796,0.05,1.0,0.7,14.0,0.7,0.28,0.6,1.0,1.0,-0.65,1.0,1.0,0.4,0.6,0.0,0.5,0.75,0.6000000000000001,0.9,1.0,0.77,0.77,0.7,1,1.0,0.3,0.4,0.65,0.0,0.0,0.554,0.0,0.554,0.0,0.5,0.72,0.504,0.788,0.92,1.0,0.86,0.36,0.5,0.3,0.7,0.8,0.8385,53.4714,0.295,0.6626,0.362,0.8098,11.2012
NCT00602771,"A Randomized Phase II Trial of Tipifarnib (R115777, ZARNESTRA, NSC #702818) in Combination With Oral Etoposide (VP-16) in Elderly Adults With Newly Diagnosed, Previously Untreated Acute Myelogenous Leukemia (AML)",COMPLETED,etoposide,TOP2A,small_molecule,leukemia,True,2008.0,0,0,0,completed+results+no_positive_signal,1,1.0,0.3,0.2,0.25,0.3,0.4,0.25,0.3,0.035,0.01,0.6428571428571429,0.0,0.63,,,,1,1,0,1111.0,0.000882019801980198,1.0,0.5,0.0,0.0,0.05,0.74,0.7,4.0,0.2,0.08,0.58,0.0,0.0,-0.94,1.0,0.0,0.4,0.6,0.0,0.5,0.72,0.576,0.8,0.9,0.73,0.73,0.7,1,1.0,0.2,0.25,0.35,0.0,0.0,0.31000000000000005,0.0,0.31000000000000005,0.0,0.5,0.2857142857142857,0.19999999999999998,0.24,0.3,0.6428571428571429,0.022500000000000003,0.1,0.5,0.3,0.7,0.8,0.225,111.3775,0.295,0.1398,0.28,0.2504,22.4562
NCT01256398,"A Phase II Study of Dasatinib (Sprycel&#174;) (NSC #732517) as Primary Therapy Followed by Transplantation for Adults &gt;/= 18 Years With Newly Diagnosed Ph+ Acute Lymphoblastic Leukemia by CALGB, ECOG and SWOG",COMPLETED,dasatinib,ABL1,small_molecule,leukemia,True,2010.0,0,0,0,completed+results+no_positive_signal,1,1.0,0.97,0.88,0.9,0.98,0.4,0.72,0.93,1.0,1.0,0.802469135802469,0.0,0.8,,,,0,1,0,399.0,0.0007217443609022556,0.798,1.0,1.0,0.5742,0.1,1.0,0.7,13.0,0.65,0.26,0.75,1.0,1.0,-0.77,1.0,1.0,0.4,0.6,0.0,0.5,0.9,0.7200000000000001,1.0,1.0,0.84,0.84,0.7,1,1.0,0.2,0.25,0.35,0.0,0.0,0.8935500000000001,0.0,0.8935500000000001,0.0,0.0,1.0,0.7,0.778,0.97,0.802469135802469,1.0,0.44,0.5,0.3,0.7,0.8,0.914,40.6851,0.295,0.7126,0.378,0.9005,8.6843
NCT00269152,A Randomized Phase 2 Study of Pemetrexed in Combination With Cisplatin or Carboplatin as Adjuvant Chemotherapy in Patients With Completely Resected Stage Ib or II Non-Small Cell Lung Cancer,COMPLETED,cisplatin,DNA,small_molecule,nsclc,True,2005.0,0,0,0,completed+results+no_positive_signal,1,1.0,0.3,0.2,0.25,0.3,0.4,0.25,0.3,1.0,1.0,0.7610274096932292,0.0,0.3,,,,1,1,0,578.0,0.0007351176470588234,1.0,1.0,1.0,0.5889090909090909,0.05,0.28,0.7,10.0,0.5,0.2,0.2,0.0,0.0,0.0,0.0,0.0,0.4,0.6,0.0,0.5,0.4,0.32000000000000006,0.2,0.3,0.3,0.3,0.7,1,1.0,0.2,0.3,0.4,0.0,0.0,0.7372272727272728,0.0,0.7372272727272728,0.0,0.0,1.0,0.7,0.42,0.3,0.7610274096932292,1.0,0.1,0.5,0.3,0.7,0.8,0.1325,58.3158,0.295,0.514,0.28,0.8922,11.9598
NCT02768792,LCCC 1522: Phase 2 Study of High Dose Cytarabine Followed by Pembrolizumab in Relapsed and Refractory Acute Myeloid Leukemia,COMPLETED,pembrolizumab,PDCD1,antibody,leukemia,True,2016.0,0,0,0,completed+results+no_positive_signal,1,1.0,0.3,0.2,0.25,0.3,0.4,0.25,0.3,0.031,0.0,1.0,0.0,0.5,,,,1,1,0,837.0,0.0007509342891278374,1.0,1.0,0.6,0.6553333333333333,0.05,0.36,0.7,9.0,0.45,0.18,0.45,0.5,0.5,-0.15,0.0,0.0,0.4,0.6,0.0,0.5,0.6,0.48,0.9,1.0,0.65,0.65,0.8,1,1.0,0.85,0.8,0.85,1.0,1.0,0.0,0.62,0.62,1.0,0.0,0.0,0.0,0.39,0.3,1.0,0.0155,0.1,0.5,0.3,0.7,0.8,0.42,84.1658,0.295,0.2052,0.28,0.2085,17.0715
NCT03043664,Phase Ib/II Study of Pembrolizumab With Lanreotide Depot for Gastroenteropancreatic Neuroendocrine Tumors,COMPLETED,pembrolizumab,PDCD1,antibody,pancreatic cancer,True,2017.0,0,0,0,completed+results+no_positive_signal,1,1.0,0.3,0.2,0.25,0.3,0.4,0.25,0.3,0.012,0.0,1.0,0.0,0.5,,,,1,1,0,837.0,0.0007509342891278374,1.0,1.0,0.6,0.6553333333333333,0.05,0.36,0.7,9.0,0.45,0.18,0.45,0.5,0.5,-0.15,0.0,0.0,0.4,0.6,0.0,0.5,0.6,0.48,0.9,1.0,0.65,0.65,0.8,1,1.0,0.85,0.8,0.85,1.0,1.0,0.0,0.62,0.62,1.0,0.0,0.0,0.0,0.39,0.3,1.0,0.006,0.1,0.5,0.3,0.7,0.8,0.42,84.1658,0.295,0.2023,0.28,0.2033,17.0705
NCT02247349,A Phase 1/2 Multicenter Study of BMS-986012 in Subjects With Relapsed/Refractory Small Cell Lung Cancer,COMPLETED,nivolumab,PDCD1,antibody,cancer nos,True,2014.0,0,0,0,completed+results+no_positive_signal,1,1.0,0.3,0.2,0.25,0.3,0.4,0.25,0.3,0.0,0.0,0.0,0.0,0.5,,,,1,1,0,837.0,0.0007509342891278374,1.0,1.0,0.6,0.6553333333333333,0.05,0.36,0.7,9.0,0.45,0.18,0.45,0.5,0.5,-0.15,0.0,0.0,0.4,0.6,0.0,0.5,0.6,0.48,0.9,1.0,0.65,0.65,0.8,1,1.0,0.85,0.8,0.85,1.0,1.0,0.0,0.62,0.62,1.0,0.0,0.0,0.0,0.39,0.3,0.0,0.0,0.1,0.5,0.3,0.7,0.8,0.42,84.1658,0.295,0.2005,0.28,0.0,17.0498
NCT00436644,A Phase II Trial of Lapatinib in Combination With Weekly Topotecan in Patients With Platinum-Refractory/Resistant Ovarian and Primary Peritoneal Carcinoma,COMPLETED,lapatinib,ERBB2,small_molecule,ovarian cancer,True,2007.0,0,0,0,completed+results+no_positive_signal,1,1.0,0.3,0.2,0.25,0.3,0.4,0.25,0.3,0.289,0.05,0.39792387543252594,0.0,0.85,,,,1,1,0,739.0,0.0007936373477672532,1.0,0.5,0.3,0.7236666666666667,0.2,1.0,0.7,45.0,1.0,0.9,0.8,1.0,1.0,-0.71,1.0,1.0,0.4,0.6,0.0,0.5,0.9,0.7200000000000001,1.0,1.0,0.88,0.88,0.7,1,1.0,0.15,0.35,0.45,0.0,0.0,0.0,0.3075,0.3075,1.0,0.5,0.17301038062283738,0.12110726643598616,0.72,0.3,0.39792387543252594,0.16949999999999998,0.1,0.5,0.3,0.7,0.8,0.7265,74.3386,0.295,0.4298,0.28,0.2303,15.2298
NCT02280252,"Response, Resistance and Metastasis of Locally Advanced Breast Cancer (LABC, Stage 2B-3C) in a Multiethnic Cohort: A Phase II International Multicentric Study of Concurrent Paclitaxel and Radiation",COMPLETED,paclitaxel,TUBB,small_molecule,breast cancer,True,2005.0,0,0,0,completed+results+no_positive_signal,1,1.0,0.3,0.2,0.25,0.3,0.4,0.25,0.3,0.016,0.0,1.0,0.0,0.43,,,,1,1,0,715.0,0.000807165034965035,1.0,1.0,1.0,0.5950000000000001,0.05,0.7,0.7,17.0,0.85,0.34,0.38,0.0,0.0,0.0,0.0,0.0,0.0,0.0,0.0,0.0,0.55,0.44000000000000006,0.6,0.7,0.59,0.59,0.7,1,1.0,0.2,0.3,0.4,0.0,0.0,0.8187500000000001,0.0,0.8187500000000001,0.0,0.0,0.0,0.0,0.63,0.3,1.0,0.008,0.1,0.5,0.3,0.7,0.8,0.178,72.0168,0.295,0.3109,0.04,0.2044,14.566
NCT02795858,"A Phase II Study of Ramucirumab With Somatostatin Analog Therapy in Patients With Advanced, Progressive Carcinoid Tumors",COMPLETED,ramucirumab,KDR,antibody,cancer nos,True,2016.0,0,0,0,completed+results+no_positive_signal,1,1.0,0.3,0.2,0.25,0.3,0.4,0.25,0.3,0.0,0.0,0.0,0.0,0.6,,,,1,1,0,606.0,0.0007355808580858086,1.0,1.0,0.7,0.5514285714285714,0.2,1.0,0.7,7.0,0.35,0.14,0.55,0.0,0.0,0.0,0.0,0.0,0.4,0.6,0.0,0.5,0.72,0.576,0.8,0.9,0.71,0.71,0.8,1,1.0,0.2,0.3,0.5,0.0,0.0,0.0,0.295,0.295,1.0,0.0,0.0,0.0,0.32999999999999996,0.3,0.0,0.0,0.1,0.5,0.3,0.7,0.8,0.218,61.0727,0.295,0.2035,0.28,0.0,12.3812
NCT01801111,"An Open-Label, Non-Randomized, Multicenter Phase I/II Trial of RO5424802 Given Orally to Non-Small Cell Lung Cancer Patients Who Have ALK Mutation and Who Have Failed Crizotinib Treatment",COMPLETED,erlotinib,EGFR,small_molecule,cancer nos,True,2013.0,0,0,0,completed+results+no_positive_signal,1,1.0,0.3,0.2,0.25,0.3,0.4,0.25,0.3,0.001,0.0,0.0,0.0,0.9,,,,1,1,0,774.0,0.0007825607235142119,1.0,1.0,1.0,0.6139,0.1,1.0,0.7,56.0,1.0,1.0,0.85,1.0,1.0,-0.82,1.0,1.0,0.4,0.6,0.0,0.5,0.95,0.76,1.0,1.0,0.9,0.9,0.7,1,1.0,0.2,0.3,0.4,0.0,0.0,0.903475,0.0,0.903475,0.0,0.0,0.0,0.0,0.72,0.3,0.0,0.0005,0.1,0.5,0.3,0.7,0.8,0.7375,78.0221,0.295,0.3591,0.28,0.0003,15.9321
NCT00550771,"Randomized Phase II Multinational Trial to Evaluate the Safety of Two Chemotherapy Plus Trastuzumab Regimens as Adjuvant Therapy in Patients With HER2-positive Breast Cancer: Caelyx + Cyclophosphamide + Trastuzumab (C+C+H) or Doxorubicin + Cyclophosphamide (A+C), Each Followed by Paclitaxel + Trastuzumab (T+H) BACH",COMPLETED,trastuzumab,ERBB2,antibody,breast cancer,True,2007.0,0,0,0,completed+results+no_positive_signal,1,1.0,0.95,0.88,0.85,0.98,0.4,0.8,0.92,1.0,1.0,0.44339622641509435,0.0,0.85,,,,0,1,0,739.0,0.0007936373477672532,1.0,0.5,0.3,0.7236666666666667,0.2,1.0,0.7,45.0,1.0,0.9,0.8,1.0,1.0,-0.71,1.0,1.0,0.4,0.6,0.0,0.5,0.9,0.7200000000000001,1.0,1.0,0.88,0.88,0.8,1,1.0,0.15,0.35,0.45,0.0,0.0,0.0,0.3075,0.3075,1.0,0.5,1.0,0.7,0.98,0.95,0.44339622641509435,1.0,0.44,0.5,0.3,0.7,0.8,0.9185,74.5055,0.295,0.824,0.386,0.8287,15.4658
NCT04761198,A Phase 1b/2 Open-Label Study of the Efficacy and Safety of Etigilimab (MPH313) Administered in Combination With Nivolumab to Subjects With Locally Advanced or Metastatic Solid Tumors (ACTIVATE),COMPLETED,nivolumab,PDCD1,antibody,solid tumors,True,2021.0,0,0,0,completed+results+no_positive_signal,1,1.0,0.3,0.2,0.25,0.3,0.4,0.25,0.3,0.019,0.0,1.0,0.0,0.5,,,,1,1,0,837.0,0.0007509342891278374,1.0,1.0,0.6,0.6553333333333333,0.05,0.36,0.7,9.0,0.45,0.18,0.45,0.5,0.5,-0.15,0.0,0.0,0.4,0.6,0.0,0.5,0.6,0.48,0.9,1.0,0.65,0.65,0.8,1,1.0,0.85,0.8,0.85,1.0,1.0,0.0,0.62,0.62,1.0,0.0,0.0,0.0,0.39,0.3,1.0,0.0095,0.1,0.5,0.3,0.7,0.8,0.42,84.1658,0.295,0.2034,0.28,0.2052,17.0709
NCT02420314,A Phase II Trial of High-Dose Ascorbate in Stage IV Non-Small Cell Lung Cancer,COMPLETED,carboplatin,DNA,small_molecule,cancer nos,True,2015.0,0,0,0,completed+results+no_positive_signal,1,1.0,0.3,0.2,0.25,0.3,0.4,0.25,0.3,0.0,0.0,0.0,0.0,0.3,,,,1,1,0,578.0,0.0007351176470588234,1.0,1.0,1.0,0.5889090909090909,0.05,0.28,0.7,10.0,0.5,0.2,0.2,0.0,0.0,0.0,0.0,0.0,0.4,0.6,0.0,0.5,0.4,0.32000000000000006,0.2,0.3,0.3,0.3,0.7,1,1.0,0.2,0.3,0.4,0.0,0.0,0.7372272727272728,0.0,0.7372272727272728,0.0,0.0,0.0,0.0,0.42,0.3,0.0,0.0,0.1,0.5,0.3,0.7,0.8,0.1325,58.3158,0.295,0.214,0.28,0.0,11.8106
NCT00409006,"A Phase 2 Trial of Pemetrexed and Cisplatin Followed Sequentially by Gefitinib Versus Pemetrexed and Cisplatin in Asian ""Never Smoker"" Patients With Advanced Non-Small Cell Lung Cancer",COMPLETED,gefitinib,EGFR,small_molecule,nsclc,True,2007.0,0,0,0,completed+results+no_positive_signal,1,1.0,0.92,0.85,0.8,0.95,0.4,0.75,0.9,1.0,1.0,0.8166677488474774,0.0,0.9,,,,0,1,0,774.0,0.0007825607235142119,1.0,1.0,1.0,0.6139,0.1,1.0,0.7,56.0,1.0,1.0,0.85,1.0,1.0,-0.82,1.0,1.0,0.4,0.6,0.0,0.5,0.95,0.76,1.0,1.0,0.9,0.9,0.7,1,1.0,0.2,0.3,0.4,0.0,0.0,0.903475,0.0,0.903475,0.0,0.0,1.0,0.7,0.968,0.92,0.8166677488474774,1.0,0.425,0.5,0.3,0.7,0.8,0.9175,78.1816,0.295,0.7986,0.3788,0.9033,16.2021
NCT04518852,"TACE Combined With Sorafenib and PD-1 mAb in the Treatment of BCLC B/C Hepatocellular Carcinoma: Single Arm, Single Center, Open Label Study",COMPLETED,sorafenib,BRAF,small_molecule,hepatocellular carcinoma,True,2020.0,1,1,1,completed+positive_text+approved,1,1.0,0.3,0.2,0.25,0.3,0.4,0.25,0.3,0.149,0.04,0.7550335570469798,0.0,0.75,,,,1,1,0,689.0,0.0007610406386066763,1.0,1.0,1.0,0.5917499999999999,0.05,1.0,0.7,21.0,1.0,0.42,0.7,1.0,1.0,-0.63,1.0,1.0,0.4,0.6,0.0,0.5,0.82,0.656,0.9,1.0,0.85,0.85,0.7,1,1.0,0.4,0.4,0.55,0.0,0.0,0.8779375,0.0,0.8779375,0.0,0.0,0.2684563758389262,0.1879194630872483,0.72,0.3,0.7550335570469798,0.0945,0.1,0.5,0.3,0.7,0.8,0.705,69.5163,0.295,0.3773,0.28,0.2997,14.2564
NCT02305758,"Randomized, Blinded, Multicenter, Phase 2 Study Comparing Veliparib Plus FOLFIRI ± Bevacizumab Versus Placebo Plus FOLFIRI ± Bevacizumab in Previously Untreated Metastatic Colorectal Cancer",COMPLETED,bevacizumab,VEGFA,antibody,colorectal cancer,True,2014.0,0,0,0,completed+results+no_positive_signal,1,1.0,0.85,0.55,0.6,0.9,0.4,0.72,0.82,0.535,0.28,0.7102803738317757,0.0,0.75,,,,0,1,0,582.0,0.0006893024054982818,1.0,1.0,1.0,0.83255,0.3,1.0,0.7,30.0,1.0,0.6,0.7,1.0,1.0,-0.22,0.0,0.0,0.4,0.6,0.0,0.5,0.82,0.656,0.7,0.8,0.83,0.83,0.8,1,1.0,0.2,0.3,0.5,0.0,0.0,0.0,0.295,0.295,1.0,0.0,0.5233644859813085,0.3663551401869159,0.94,0.85,0.7102803738317757,0.40750000000000003,0.275,0.5,0.3,0.7,0.8,0.809,58.9099,0.295,0.6432,0.3533,0.5143,12.2468
NCT00867321,Phase I/II Randomized Trial of Sorafenib and Bevacizumab as First-Line Therapy in Patients With Locally Advanced or Metastatic Hepatocellular Carcinoma,COMPLETED,sorafenib,BRAF,small_molecule,hepatocellular carcinoma,True,2009.0,0,0,0,completed+results+no_positive_signal,1,1.0,0.3,0.2,0.25,0.3,0.4,0.25,0.3,0.149,0.04,0.7550335570469798,0.0,0.75,,,,1,1,0,689.0,0.0007610406386066763,1.0,1.0,1.0,0.5917499999999999,0.05,1.0,0.7,21.0,1.0,0.42,0.7,1.0,1.0,-0.63,1.0,1.0,0.4,0.6,0.0,0.5,0.82,0.656,0.9,1.0,0.85,0.85,0.7,1,1.0,0.4,0.4,0.55,0.0,0.0,0.8779375,0.0,0.8779375,0.0,0.0,0.2684563758389262,0.1879194630872483,0.72,0.3,0.7550335570469798,0.0945,0.1,0.5,0.3,0.7,0.8,0.705,69.5163,0.295,0.3773,0.28,0.2997,14.2564
NCT03801304,Open Label Phase II Trial to Evaluate Safety and Efficacy of Vinorelbine With Metronomic Administration in Combination With Atezolizumab as Second-line Treatment for Patients With Stage IV Non-small Cell Lung Cancer,COMPLETED,atezolizumab,CD274,antibody,nsclc,True,2019.0,1,1,1,completed+positive_text+approved,1,1.0,0.88,0.62,0.68,0.92,0.4,0.72,0.85,0.093,0.02,1.0,0.0,0.45,,,,0,1,0,929.0,0.0007426555435952638,1.0,1.0,1.0,0.688875,0.2,0.6,0.7,27.0,1.0,0.54,0.4,0.5,0.5,-0.18,0.0,0.0,0.4,0.6,0.0,0.5,0.58,0.46399999999999997,0.9,1.0,0.63,0.63,0.8,1,1.0,0.85,0.95,0.8,1.0,1.0,0.0,0.6575,0.6575,1.0,0.0,0.21505376344086022,0.15053763440860216,0.952,0.88,1.0,0.0565,0.31,0.5,0.3,0.7,0.8,0.5365,93.5893,0.295,0.5249,0.3585,0.3109,19.0713
NCT01174238,A Two Arm Phase II Trial of Sequential Axitinib and Carboplatin/Paclitaxel in Melanoma With Correlative FLT PET Scans (3'Deoxy-3'-18F-Fluorothymidine Positron Emission Tomography Scans)(CC# 10852),COMPLETED,axitinib,VEGFR2,small_molecule,melanoma,True,2010.0,0,0,0,completed+results+no_positive_signal,1,1.0,0.3,0.2,0.25,0.3,0.4,0.25,0.3,0.23,0.06,0.5108695652173914,0.0,0.55,,,,1,1,0,606.0,0.0007355808580858086,1.0,0.5,0.0,0.0,0.2,1.0,0.7,7.0,0.35,0.14,0.5,0.5,0.5,-0.31,0.5,0.0,0.4,0.6,0.0,0.5,0.4,0.32000000000000006,0.9,1.0,0.3,0.3,0.7,1,1.0,0.2,0.3,0.4,0.0,0.0,0.33,0.0,0.33,0.0,0.5,0.2608695652173913,0.18260869565217389,0.32999999999999996,0.3,0.5108695652173914,0.14500000000000002,0.1,0.5,0.3,0.7,0.8,0.4125,60.835,0.295,0.247,0.28,0.2717,12.4182
NCT00562978,A Phase I/II Trial of Escalating Dose of Yttrium-90-labeled Anti-CD20 Monoclonal Antibody in Combination With High-Dose Etoposide and Cyclophosphamide Followed by AHSCT for Patients With Relapsed B-Cell Non-Hodgkin's Lymphoma,COMPLETED,etoposide,TOP2A,small_molecule,lymphoma,True,2000.0,0,0,0,completed+results+no_positive_signal,1,1.0,0.3,0.2,0.25,0.3,0.4,0.25,0.3,0.021,0.01,0.7142857142857143,0.0,0.63,,,,1,1,0,1111.0,0.000882019801980198,1.0,0.5,0.0,0.0,0.05,0.74,0.7,4.0,0.2,0.08,0.58,0.0,0.0,-0.94,1.0,0.0,0.4,0.6,0.0,0.5,0.72,0.576,0.8,0.9,0.73,0.73,0.7,1,1.0,0.2,0.25,0.35,0.0,0.0,0.31000000000000005,0.0,0.31000000000000005,0.0,0.5,0.47619047619047616,0.3333333333333333,0.24,0.3,0.7142857142857143,0.0155,0.1,0.5,0.3,0.7,0.8,0.225,111.3775,0.295,0.1376,0.28,0.3351,22.4643
NCT00444678,A Phase II Study of Cetuximab Plus Biweekly Capecitabine and Oxaliplatin (C-CO2) in the Treatment of Patients With KRAS Wild Type Metastatic Colorectal Cancer,COMPLETED,cetuximab,EGFR,antibody,colorectal cancer,True,2004.0,0,0,0,completed+results+no_positive_signal,1,1.0,0.72,0.55,0.65,0.75,0.4,0.55,0.7,1.0,1.0,0.5960482985729967,0.0,0.9,,,,0,1,0,774.0,0.0007825607235142119,1.0,1.0,1.0,0.6139,0.1,1.0,0.7,56.0,1.0,1.0,0.85,1.0,1.0,-0.82,1.0,1.0,0.4,0.6,0.0,0.5,0.95,0.76,1.0,1.0,0.9,0.9,0.8,1,1.0,0.2,0.3,0.4,0.0,0.0,0.0,0.295,0.295,1.0,0.0,1.0,0.7,0.8879999999999999,0.72,0.5960482985729967,1.0,0.275,0.5,0.3,0.7,0.8,0.85,78.1316,0.295,0.7526,0.3362,0.8592,16.1552
NCT01136733,"An Open-Label, Multicenter, Phase 1b/2 Study of E7080 Alone, and in Combination With Everolimus in Subjects With Unresectable Advanced or Metastatic Renal Cell Carcinoma Following One Prior VEGF-Targeted Treatment",COMPLETED,lenvatinib,VEGFR2,small_molecule,renal cell carcinoma,True,2010.0,0,0,0,completed+results+no_positive_signal,1,1.0,0.3,0.2,0.25,0.3,0.4,0.25,0.3,0.2,0.17,0.45,0.0,0.55,,,,1,1,0,606.0,0.0007355808580858086,1.0,0.5,0.0,0.0,0.2,1.0,0.7,7.0,0.35,0.14,0.5,0.5,0.5,-0.31,0.5,0.0,0.4,0.6,0.0,0.5,0.4,0.32000000000000006,0.9,1.0,0.3,0.3,0.7,1,1.0,0.2,0.3,0.4,0.0,0.0,0.33,0.0,0.33,0.0,0.5,0.85,0.595,0.32999999999999996,0.3,0.45,0.185,0.1,0.5,0.3,0.7,0.8,0.4125,60.835,0.295,0.259,0.28,0.4893,12.4424
NCT02659020,"A Phase 1b (Open-Label)/Phase 2 (Randomized, Double-Blinded) Study Evaluating Gemcitabine and Docetaxel With or Without Olaratumab in the Treatment of Advanced Soft Tissue Sarcoma",COMPLETED,gemcitabine,RRM1,small_molecule,cancer nos,True,2016.0,0,0,0,completed+results+no_positive_signal,1,1.0,0.3,0.2,0.25,0.3,0.4,0.25,0.3,0.0,0.0,0.0,0.0,0.47,,,,1,1,0,475.0,0.000819562105263158,0.95,1.0,1.0,0.5399499999999999,0.05,0.54,0.7,4.0,0.2,0.08,0.42,0.0,0.0,0.0,0.0,0.0,0.4,0.6,0.0,0.5,0.58,0.46399999999999997,0.6,0.7,0.62,0.62,0.7,1,1.0,0.2,0.3,0.4,0.0,0.0,0.8049875000000001,0.0,0.8049875000000001,0.0,0.0,0.0,0.0,0.24,0.3,0.0,0.0,0.1,0.5,0.3,0.7,0.8,0.1875,48.0085,0.295,0.133,0.28,0.0,9.7467
NCT02064582,"Phase 2 Study of Enzalutamide and GnRH Agonist Before, During and After Radiation Therapy in Treatment of Patients With High-risk Localized Prostate Cancer",COMPLETED,enzalutamide,AR,small_molecule,prostate cancer,False,2014.0,1,1,1,completed+positive_text+results,1,1.0,0.98,0.88,0.9,0.98,0.4,0.82,0.95,1.0,1.0,0.5785932721712538,0.0,0.85,,,,0,1,1,557.0,0.0007637253141831239,1.0,0.0,0.0,0.0,0.05,1.0,0.7,22.0,1.0,0.44,0.8,1.0,1.0,-0.69,1.0,1.0,0.4,0.6,0.0,0.5,0.82,0.656,1.0,1.0,0.88,0.88,0.7,1,1.0,0.1,0.2,0.3,0.0,0.0,0.2,0.0,0.2,0.0,1.0,1.0,0.7,0.992,0.98,0.5785932721712538,1.0,0.44,,,,,0.926,56.0475,0.0,0.8009,0.388,0.8557,11.745
NCT02061085,"A Phase IIa Prospective, Multicenter, Open and Not Controlled of the Efficacy and Tolerability on the First Line Treatment With Eribulin as a Unic Agent on Patients With HER2 Negative Metastatic Breast Cancer Previously Treated With Taxanes",COMPLETED,unmapped,UNKNOWN,unknown,breast cancer,True,2013.0,1,1,1,completed+positive_text+results,0,0.0,0.0,0.0,0.0,0.0,0.0,0.0,0.0,0.0,0.0,0.0,0.0,0.0,,,,1,1,0,0.0,0.0,0.0,0.0,0.0,0.0,0.0,0.0,0.0,0.0,0.0,0.0,0.0,0.0,0.0,0.0,0.0,0.0,0.4,0.5,0.0,0.5,0.0,0.0,0.0,0.0,0.0,0.0,0.3,0,0.0,0.2,0.3,0.4,0.0,0.0,0.0,0.0,0.0,0.0,1.0,0.0,0.0,0.0,0.0,0.0,0.0,0.0,0.5,0.3,0.7,0.8,0.0,0.0,0.295,0.0,0.22,0.0,0.0625
NCT02716974,A Phase II Study of Definitive Therapy for Newly Diagnosed Men With Oligometastatic Prostate Cancer,COMPLETED,docetaxel,TUBB,small_molecule,prostate cancer,True,2016.0,0,0,0,completed+results+no_positive_signal,1,1.0,0.3,0.2,0.25,0.3,0.4,0.25,0.3,0.003,0.0,0.8333333333333333,0.0,0.43,,,,1,1,0,715.0,0.000807165034965035,1.0,1.0,1.0,0.5950000000000001,0.05,0.7,0.7,17.0,0.85,0.34,0.38,0.0,0.0,0.0,0.0,0.0,0.0,0.0,0.0,0.0,0.55,0.44000000000000006,0.6,0.7,0.59,0.59,0.7,1,1.0,0.2,0.3,0.4,0.0,0.0,0.8187500000000001,0.0,0.8187500000000001,0.0,0.0,0.0,0.0,0.63,0.3,0.8333333333333333,0.0015,0.1,0.5,0.3,0.7,0.8,0.178,72.0168,0.295,0.309,0.04,0.1675,14.5619
NCT00463060,Phase I/II Study of Stereotactic Radiation Therapy and Concurrent and Adjuvant Sutent (SU11248) as Treatment for Oligometastatic Disease,COMPLETED,sunitinib,VEGFR2,small_molecule,cancer nos,True,2007.0,1,1,1,completed+positive_text+results,1,1.0,0.3,0.2,0.25,0.3,0.4,0.25,0.3,0.0,0.0,0.0,0.0,0.55,,,,1,1,0,606.0,0.0007355808580858086,1.0,0.5,0.0,0.0,0.2,1.0,0.7,7.0,0.35,0.14,0.5,0.5,0.5,-0.31,0.5,0.0,0.4,0.6,0.0,0.5,0.4,0.32000000000000006,0.9,1.0,0.3,0.3,0.7,1,1.0,0.2,0.3,0.4,0.0,0.0,0.33,0.0,0.33,0.0,0.5,0.0,0.0,0.32999999999999996,0.3,0.0,0.0,0.1,0.5,0.3,0.7,0.8,0.4125,60.835,0.295,0.2035,0.28,0.0,12.3823
NCT00942825,"Phase II Study of a Triplet Combination of CBP501, Pemetrexed and Cisplatin as First Line Treatment in Patients With Stage IV Non-squamous Non Small Cell Lung Cancer (NSCLC)",COMPLETED,cisplatin,DNA,small_molecule,nsclc,True,2009.0,0,0,0,completed+results+no_positive_signal,1,1.0,0.3,0.2,0.25,0.3,0.4,0.25,0.3,1.0,1.0,0.7610274096932292,0.0,0.3,,,,1,1,0,578.0,0.0007351176470588234,1.0,1.0,1.0,0.5889090909090909,0.05,0.28,0.7,10.0,0.5,0.2,0.2,0.0,0.0,0.0,0.0,0.0,0.4,0.6,0.0,0.5,0.4,0.32000000000000006,0.2,0.3,0.3,0.3,0.7,1,1.0,0.2,0.3,0.4,0.0,0.0,0.7372272727272728,0.0,0.7372272727272728,0.0,0.0,1.0,0.7,0.42,0.3,0.7610274096932292,1.0,0.1,0.5,0.3,0.7,0.8,0.1325,58.3158,0.295,0.514,0.28,0.8922,11.9598
NCT03989115,"Ph1b/2 Open-Label,Multicenter Dose-Esc & Dose-Exp Study of Combo RMC4630 & Cobimetinib in Participants w/Relapsed/Refractory Solid Tumors & Ph1b Study of RMC4630 w/Osimertinib in Participants w/EGFR Mutation+,Locally Adv or Meta NSCLC",COMPLETED,osimertinib,EGFR,small_molecule,solid tumors,True,2019.0,0,0,0,completed+results+no_positive_signal,1,1.0,0.3,0.2,0.25,0.3,0.4,0.25,0.3,1.0,1.0,0.6108757062146893,0.0,0.9,,,,1,1,0,774.0,0.0007825607235142119,1.0,1.0,1.0,0.6139,0.1,1.0,0.7,56.0,1.0,1.0,0.85,1.0,1.0,-0.82,1.0,1.0,0.4,0.6,0.0,0.5,0.95,0.76,1.0,1.0,0.9,0.9,0.7,1,1.0,0.2,0.3,0.4,0.0,0.0,0.903475,0.0,0.903475,0.0,0.0,1.0,0.7,0.72,0.3,0.6108757062146893,1.0,0.1,0.5,0.3,0.7,0.8,0.7375,78.0221,0.295,0.659,0.28,0.8622,16.0783
NCT02631590,Phase II Study of Copanlisib (BAY 80-6946) in Combination With Gemcitabine and Cisplatin in Advanced Cholangiocarcinoma,COMPLETED,gemcitabine,RRM1,small_molecule,bladder cancer,True,2016.0,0,0,0,completed+results+no_positive_signal,1,1.0,0.3,0.2,0.25,0.3,0.4,0.25,0.3,0.012,0.0,0.41666666666666663,0.0,0.47,,,,1,1,0,475.0,0.000819562105263158,0.95,1.0,1.0,0.5399499999999999,0.05,0.54,0.7,4.0,0.2,0.08,0.42,0.0,0.0,0.0,0.0,0.0,0.4,0.6,0.0,0.5,0.58,0.46399999999999997,0.6,0.7,0.62,0.62,0.7,1,1.0,0.2,0.3,0.4,0.0,0.0,0.8049875000000001,0.0,0.8049875000000001,0.0,0.0,0.0,0.0,0.24,0.3,0.41666666666666663,0.006,0.1,0.5,0.3,0.7,0.8,0.1875,48.0085,0.295,0.1348,0.28,0.0866,9.7557
NCT00368355,CD-34 Selection for Ex-vivo T-Cell Depletion of Mobilized Peripheral Blood Stem Cells for Recipients of HLA Haploidentical Related Donor Stem Cell Grafts Receiving Intensive Conditioning,COMPLETED,cyclophosphamide,DNA,small_molecule,leukemia,True,2000.0,0,0,0,completed+results+no_positive_signal,1,1.0,0.3,0.2,0.25,0.3,0.4,0.25,0.3,1.0,1.0,0.28779487613088695,0.0,0.3,,,,1,1,0,578.0,0.0007351176470588234,1.0,1.0,1.0,0.5889090909090909,0.05,0.28,0.7,10.0,0.5,0.2,0.2,0.0,0.0,0.0,0.0,0.0,0.4,0.6,0.0,0.5,0.4,0.32000000000000006,0.2,0.3,0.3,0.3,0.7,1,1.0,0.2,0.3,0.4,0.0,0.0,0.7372272727272728,0.0,0.7372272727272728,0.0,0.0,1.0,0.7,0.42,0.3,0.28779487613088695,1.0,0.1,0.5,0.3,0.7,0.8,0.1325,58.3158,0.295,0.514,0.28,0.7976,11.9503
NCT00921115,Combined Fulvestrant and Anastrozole as Neo-adjuvant Endocrine Therapy in Postmenopausal Women With Hormone Receptor Positive Invasive Breast Cancer,COMPLETED,fulvestrant,ESR1,small_molecule,breast cancer,True,2009.0,0,0,0,completed+results+no_positive_signal,1,1.0,0.97,0.85,0.88,0.98,0.4,0.8,0.93,1.0,1.0,0.8296763576522216,0.0,0.88,,,,0,1,0,714.0,0.0007699285714285715,1.0,1.0,1.0,0.78365,0.15,1.0,0.7,40.0,1.0,0.8,0.85,1.0,1.0,-0.58,1.0,1.0,0.4,0.6,0.0,0.5,0.8,0.6400000000000001,1.0,1.0,0.86,0.86,0.7,1,1.0,0.1,0.25,0.35,0.0,0.0,0.9459124999999999,0.0,0.9459124999999999,0.0,0.0,1.0,0.7,0.988,0.97,0.8296763576522216,1.0,0.425,0.5,0.3,0.7,0.8,0.9255,72.219,0.295,0.8171,0.3838,0.9059,15.0163
NCT00742625,Dose Escalation and Phase II Study of Bortezomib (IND #58443) Added to Standard Daunorubicin and Cytarabine Therapy for Patients With Previously Untreated Acute Myeloid Leukemia Age 60-75 Years,COMPLETED,bortezomib,PSMB5,small_molecule,leukemia,True,2008.0,0,0,0,completed+results+no_positive_signal,1,1.0,0.3,0.2,0.25,0.3,0.4,0.25,0.3,0.012,0.0,0.20833333333333331,0.0,0.45,,,,1,1,0,1170.0,0.0009419982905982905,1.0,1.0,1.0,0.6293333333333334,0.05,0.38,0.7,173.0,1.0,1.0,0.4,0.5,0.5,-0.83,1.0,1.0,0.4,0.6,0.0,0.5,0.65,0.52,0.8,0.9,0.62,0.62,0.7,1,1.0,0.25,0.3,0.45,0.0,0.0,0.8673333333333334,0.0,0.8673333333333334,0.0,0.0,0.0,0.0,0.72,0.3,0.20833333333333331,0.006,0.1,0.5,0.3,0.7,0.8,0.4085,117.6219,0.295,0.3508,0.28,0.045,23.7727
NCT03284424,"A Phase 2, Open-Label, Single Arm Study to Evaluate the Safety and Efficacy of Pembrolizumab in Participants With Recurrent or Metastatic Cutaneous Squamous Cell Carcinoma (R/M cSCC)",COMPLETED,pembrolizumab,PDCD1,antibody,cancer nos,True,2017.0,0,0,0,completed+results+no_positive_signal,1,1.0,0.3,0.2,0.25,0.3,0.4,0.25,0.3,0.0,0.0,0.0,0.0,0.5,,,,1,1,0,837.0,0.0007509342891278374,1.0,1.0,0.6,0.6553333333333333,0.05,0.36,0.7,9.0,0.45,0.18,0.45,0.5,0.5,-0.15,0.0,0.0,0.4,0.6,0.0,0.5,0.6,0.48,0.9,1.0,0.65,0.65,0.8,1,1.0,0.85,0.8,0.85,1.0,1.0,0.0,0.62,0.62,1.0,0.0,0.0,0.0,0.39,0.3,0.0,0.0,0.1,0.5,0.3,0.7,0.8,0.42,84.1658,0.295,0.2005,0.28,0.0,17.0498
NCT00847015,"Phase II Study of Gemcitabine, Cisplatin, and Sunitinib (GC-S) as Neoadjuvant Chemotherapy in Patients With Muscle-Invasive Bladder Cancer",COMPLETED,sunitinib,VEGFR2,small_molecule,bladder cancer,True,2009.0,0,0,0,completed+results+no_positive_signal,1,1.0,0.3,0.2,0.25,0.3,0.4,0.25,0.3,0.043,0.01,0.7558139534883721,0.0,0.55,,,,1,1,0,606.0,0.0007355808580858086,1.0,0.5,0.0,0.0,0.2,1.0,0.7,7.0,0.35,0.14,0.5,0.5,0.5,-0.31,0.5,0.0,0.4,0.6,0.0,0.5,0.4,0.32000000000000006,0.9,1.0,0.3,0.3,0.7,1,1.0,0.2,0.3,0.4,0.0,0.0,0.33,0.0,0.33,0.0,0.5,0.23255813953488375,0.16279069767441862,0.32999999999999996,0.3,0.7558139534883721,0.0265,0.1,0.5,0.3,0.7,0.8,0.4125,60.835,0.295,0.2114,0.28,0.2544,12.4094
NCT00459108,A Phase II Trial of Dasatinib (BMS-354825) in Advanced Hepatocellular Carcinoma,TERMINATED,dasatinib,ABL1,small_molecule,hepatocellular carcinoma,True,2007.0,0,0,0,terminated+efficacy,1,1.0,0.3,0.2,0.25,0.3,0.4,0.25,0.3,0.006,0.0,1.0,0.0,0.8,,,,1,1,0,399.0,0.0007217443609022556,0.798,1.0,1.0,0.5742,0.1,1.0,0.7,13.0,0.65,0.26,0.75,1.0,1.0,-0.77,1.0,1.0,0.4,0.6,0.0,0.5,0.9,0.7200000000000001,1.0,1.0,0.84,0.84,0.7,1,1.0,0.2,0.25,0.35,0.0,0.0,0.8935500000000001,0.0,0.8935500000000001,0.0,0.0,0.0,0.0,0.51,0.3,1.0,0.003,0.1,0.5,0.3,0.7,0.8,0.7145,40.5161,0.295,0.2654,0.28,0.2017,8.4266
NCT01875250,A Phase II Trial of Enzalutamide in Combination With PSA-TRICOM in Patients With Non-Metastatic Castration Sensitive Prostate Cancer,COMPLETED,enzalutamide,AR,small_molecule,prostate cancer,True,2013.0,0,0,0,completed+results+no_positive_signal,1,1.0,0.98,0.88,0.9,0.98,0.4,0.82,0.95,1.0,1.0,0.5785932721712538,0.0,0.85,,,,0,1,0,557.0,0.0007637253141831239,1.0,0.0,0.0,0.0,0.05,1.0,0.7,22.0,1.0,0.44,0.8,1.0,1.0,-0.69,1.0,1.0,0.4,0.6,0.0,0.5,0.82,0.656,1.0,1.0,0.88,0.88,0.7,1,1.0,0.1,0.2,0.3,0.0,0.0,0.2,0.0,0.2,0.0,1.0,1.0,0.7,0.992,0.98,0.5785932721712538,1.0,0.44,0.5,0.3,0.7,0.8,0.926,56.0475,0.295,0.8009,0.388,0.8557,11.7745
NCT01505413,Phase 2 Study of GEMOX-T in Previously Untreated Patients With Advanced Pancreatic Cancer,COMPLETED,erlotinib,EGFR,small_molecule,pancreatic cancer,True,2011.0,1,1,1,completed+positive_text+approved,1,1.0,0.3,0.2,0.25,0.3,0.4,0.25,0.3,0.978,0.5,0.5879345603271983,0.0,0.9,,,,1,1,0,774.0,0.0007825607235142119,1.0,1.0,1.0,0.6139,0.1,1.0,0.7,56.0,1.0,1.0,0.85,1.0,1.0,-0.82,1.0,1.0,0.4,0.6,0.0,0.5,0.95,0.76,1.0,1.0,0.9,0.9,0.7,1,1.0,0.2,0.3,0.4,0.0,0.0,0.903475,0.0,0.903475,0.0,0.0,0.5112474437627812,0.35787321063394684,0.72,0.3,0.5879345603271983,0.739,0.1,0.5,0.3,0.7,0.8,0.7375,78.0221,0.295,0.5807,0.28,0.6234,16.0388
NCT02368691,"A Phase 2 Open Label, Multi-Center, Multinational Study Investigating The Efficacy and Safety Of GTx-024 On Advanced, Androgen Receptor-Positive Triple Negative Breast Cancer (AR+ TNBC)",TERMINATED,unmapped,UNKNOWN,unknown,breast cancer,True,2015.0,0,0,0,terminated+efficacy,0,0.0,0.0,0.0,0.0,0.0,0.0,0.0,0.0,0.0,0.0,0.0,0.0,0.0,,,,1,1,0,0.0,0.0,0.0,0.0,0.0,0.0,0.0,0.0,0.0,0.0,0.0,0.0,0.0,0.0,0.0,0.0,0.0,0.0,0.4,0.5,0.0,0.5,0.0,0.0,0.0,0.0,0.0,0.0,0.3,0,0.0,0.2,0.3,0.4,0.0,0.0,0.0,0.0,0.0,0.0,1.0,0.0,0.0,0.0,0.0,0.0,0.0,0.0,0.5,0.3,0.7,0.8,0.0,0.0,0.295,0.0,0.22,0.0,0.0625
NCT01305213,"A Randomized Phase II Evaluation of Single-Agent Bevacizumab (NSC #704865) and Combination Bevacizumab With Fosbretabulin Tromethamine (CA4P) (NSC #752293) in the Treatment of Recurrent or Persistent Epithelial Ovarian, Fallopian Tube or Primary Peritoneal Carcinoma",COMPLETED,bevacizumab,VEGFA,antibody,ovarian cancer,True,2011.0,0,0,0,completed+results+no_positive_signal,1,1.0,0.3,0.2,0.25,0.3,0.4,0.25,0.3,0.204,0.07,0.6004901960784313,0.0,0.75,,,,1,1,0,582.0,0.0006893024054982818,1.0,1.0,1.0,0.83255,0.3,1.0,0.7,30.0,1.0,0.6,0.7,1.0,1.0,-0.22,0.0,0.0,0.4,0.6,0.0,0.5,0.82,0.656,0.7,0.8,0.83,0.83,0.8,1,1.0,0.2,0.3,0.5,0.0,0.0,0.0,0.295,0.295,1.0,0.0,0.34313725490196084,0.24019607843137258,0.72,0.3,0.6004901960784313,0.137,0.1,0.5,0.3,0.7,0.8,0.704,58.7649,0.295,0.4401,0.28,0.3153,12.12
NCT02055820,"A Phase Ib/II, Open-Label Study Evaluating the Safety, Efficacy and Pharmacokinetics of GDC-0199 (ABT-199) in Combination With Rituximab (R) or Obinutuzumab (G) Plus Cyclophosphamide, Doxorubicin, Vincristine, and Prednisone (CHOP) in Patients With B-Cell Non-Hodgkin's Lymphoma (NHL) and DLBCL",COMPLETED,venetoclax,BCL2,small_molecule,lymphoma,True,2013.0,1,1,1,completed+positive_text+results,1,1.0,0.88,0.72,0.78,0.9,0.4,0.68,0.82,1.0,1.0,0.6022076860179886,0.0,0.7,,,,0,1,0,570.0,0.0007448929824561402,1.0,1.0,1.0,0.7835000000000001,0.05,1.0,0.7,16.0,0.8,0.32,0.65,1.0,1.0,-0.52,1.0,1.0,0.4,0.6,0.0,0.5,0.78,0.6240000000000001,0.8,0.9,0.81,0.81,0.7,1,1.0,0.25,0.4,0.55,0.0,0.0,0.9058750000000001,0.0,0.9058750000000001,0.0,0.0,1.0,0.7,0.8320000000000001,0.88,0.6022076860179886,1.0,0.36,0.5,0.3,0.7,0.8,0.8505,57.793,0.295,0.7194,0.362,0.8604,12.085
NCT02315326,"A Phase I/II Trial of the Bruton's Tyrosine Kinase (BTK) Inhibitor, Ibrutinib, in Patients With Newly Diagnosed or Refractory/Recurrent Primary Central Nervous System Lymphoma (PCNSL) and Refractory/Recurrent Secondary Central Nervous System Lymphoma (SCNSL)",COMPLETED,ibrutinib,BTK,small_molecule,lymphoma,True,2014.0,1,1,1,completed+positive_text+approved,1,1.0,0.9,0.7,0.75,0.93,0.4,0.65,0.85,1.0,0.81,1.0,0.0,0.65,,,,0,1,0,529.0,0.0007996710775047259,1.0,0.5,0.1,0.796,0.05,1.0,0.7,14.0,0.7,0.28,0.6,1.0,1.0,-0.65,1.0,1.0,0.4,0.6,0.0,0.5,0.75,0.6000000000000001,0.9,1.0,0.77,0.77,0.7,1,1.0,0.3,0.4,0.65,0.0,0.0,0.554,0.0,0.554,0.0,0.5,0.81,0.567,0.78,0.9,1.0,0.905,0.35,0.5,0.3,0.7,0.8,0.831,53.4664,0.295,0.67,0.3575,0.8517,11.2033
NCT00118144,Phase II Study of Bortezomib (PS-341) for Patients With Advanced Bronchiolo-Alveolar Carcinoma (BAC) or Adenocarcinoma With BAC Features,COMPLETED,bortezomib,PSMB5,small_molecule,nsclc,True,2005.0,0,0,0,completed+results+no_positive_signal,1,1.0,0.3,0.2,0.25,0.3,0.4,0.25,0.3,0.001,0.0,1.0,0.0,0.45,,,,1,1,0,1170.0,0.0009419982905982905,1.0,1.0,1.0,0.6293333333333334,0.05,0.38,0.7,173.0,1.0,1.0,0.4,0.5,0.5,-0.83,1.0,1.0,0.4,0.6,0.0,0.5,0.65,0.52,0.8,0.9,0.62,0.62,0.7,1,1.0,0.25,0.3,0.45,0.0,0.0,0.8673333333333334,0.0,0.8673333333333334,0.0,0.0,0.0,0.0,0.72,0.3,1.0,0.0005,0.1,0.5,0.3,0.7,0.8,0.4085,117.6219,0.295,0.3491,0.28,0.2003,23.7879
NCT00238121,A Phase II Study of BAY 43-9006 in Advanced/Recurrent Uterine Carcinoma/Carcinosarcoma,COMPLETED,sorafenib,BRAF,small_molecule,endometrial cancer,True,2005.0,0,0,0,completed+results+no_positive_signal,1,1.0,0.3,0.2,0.25,0.3,0.4,0.25,0.3,0.047,0.03,0.5851063829787234,0.0,0.75,,,,1,1,0,689.0,0.0007610406386066763,1.0,1.0,1.0,0.5917499999999999,0.05,1.0,0.7,21.0,1.0,0.42,0.7,1.0,1.0,-0.63,1.0,1.0,0.4,0.6,0.0,0.5,0.82,0.656,0.9,1.0,0.85,0.85,0.7,1,1.0,0.4,0.4,0.55,0.0,0.0,0.8779375,0.0,0.8779375,0.0,0.0,0.6382978723404255,0.4468085106382978,0.72,0.3,0.5851063829787234,0.0385,0.1,0.5,0.3,0.7,0.8,0.705,69.5163,0.295,0.3605,0.28,0.3811,14.2612
NCT00790855,Phase I-II Study of Bendamustine in Patients With Acute Leukemia and High-Risk Myelodysplastic Syndrome (MDS),TERMINATED,unmapped,UNKNOWN,unknown,leukemia,True,2008.0,0,0,0,terminated+efficacy,0,0.0,0.0,0.0,0.0,0.0,0.0,0.0,0.0,0.0,0.0,0.0,0.0,0.0,,,,1,1,0,0.0,0.0,0.0,0.0,0.0,0.0,0.0,0.0,0.0,0.0,0.0,0.0,0.0,0.0,0.0,0.0,0.0,0.0,0.4,0.5,0.0,0.5,0.0,0.0,0.0,0.0,0.0,0.0,0.3,0,0.0,0.2,0.3,0.4,0.0,0.0,0.0,0.0,0.0,0.0,1.0,0.0,0.0,0.0,0.0,0.0,0.0,0.0,0.5,0.3,0.7,0.8,0.0,0.0,0.295,0.0,0.22,0.0,0.0625
NCT00579826,Study of Breast Cancer Prevention by Letrozole in High Risk Women,COMPLETED,letrozole,CYP19A1,small_molecule,breast cancer,True,2006.0,0,0,0,completed+results+no_positive_signal,1,1.0,0.88,0.62,0.68,0.93,0.4,0.7,0.83,0.211,0.07,0.5687203791469194,0.0,0.75,,,,0,1,0,740.0,0.0007961513513513514,1.0,1.0,1.0,0.7198,0.05,0.52,0.7,3.0,0.15,0.06,0.7,0.5,0.5,-0.62,1.0,1.0,0.4,0.6,0.0,0.5,0.6,0.48,0.8,0.9,0.74,0.74,0.7,1,1.0,0.1,0.15,0.25,0.0,0.0,0.8899500000000001,0.0,0.8899500000000001,0.0,0.0,0.3317535545023697,0.23222748815165878,0.44200000000000006,0.88,0.5687203791469194,0.1405,0.31,0.5,0.3,0.7,0.8,0.602,74.788,0.295,0.2876,0.3565,0.3064,15.2792
NCT00885755,A Prospective Study to Evaluate Alterations in Molecular Biomarkers in HER2 Neu Positive Metastatic Breast Cancer Together With Assessment of Trastuzumab Use Beyond Progression After Initial Response to Trastuzumab-taxane Based Treatment,COMPLETED,trastuzumab,ERBB2,antibody,breast cancer,True,2009.0,0,0,0,completed+results+no_positive_signal,1,1.0,0.95,0.88,0.85,0.98,0.4,0.8,0.92,1.0,1.0,0.44339622641509435,0.0,0.85,,,,0,1,0,739.0,0.0007936373477672532,1.0,0.5,0.3,0.7236666666666667,0.2,1.0,0.7,45.0,1.0,0.9,0.8,1.0,1.0,-0.71,1.0,1.0,0.4,0.6,0.0,0.5,0.9,0.7200000000000001,1.0,1.0,0.88,0.88,0.8,1,1.0,0.15,0.35,0.45,0.0,0.0,0.0,0.3075,0.3075,1.0,0.5,1.0,0.7,0.98,0.95,0.44339622641509435,1.0,0.44,0.5,0.3,0.7,0.8,0.9185,74.5055,0.295,0.824,0.386,0.8287,15.4658
NCT01451515,NHL16: Study For Newly Diagnosed Patients With Acute Lymphoblastic Lymphoma,COMPLETED,doxorubicin,TOP2A,small_molecule,lymphoma,True,2012.0,0,0,0,completed+results+no_positive_signal,1,1.0,0.3,0.2,0.25,0.3,0.4,0.25,0.3,0.021,0.01,0.7142857142857143,0.0,0.63,,,,1,1,0,1111.0,0.000882019801980198,1.0,0.5,0.0,0.0,0.05,0.74,0.7,4.0,0.2,0.08,0.58,0.0,0.0,-0.94,1.0,0.0,0.4,0.6,0.0,0.5,0.72,0.576,0.8,0.9,0.73,0.73,0.7,1,1.0,0.2,0.25,0.35,0.0,0.0,0.31000000000000005,0.0,0.31000000000000005,0.0,0.5,0.47619047619047616,0.3333333333333333,0.24,0.3,0.7142857142857143,0.0155,0.1,0.5,0.3,0.7,0.8,0.225,111.3775,0.295,0.1376,0.28,0.3351,22.4643
NCT02302833,A Phase II Study to Evaluate the Effects of Cabozantinib in Patients With Unresectable Metastatic Pheochromocytomas and Paragangliomas,COMPLETED,cabozantinib,MET,small_molecule,renal cell carcinoma,True,2015.0,0,0,0,completed+results+no_positive_signal,1,1.0,0.3,0.2,0.25,0.3,0.4,0.25,0.3,0.902,0.75,0.7317073170731707,0.0,0.7,,,,1,1,0,619.0,0.0007922148626817448,1.0,1.0,1.0,0.7166000000000001,0.1,0.58,0.7,19.0,0.95,0.38,0.65,1.0,1.0,-0.61,1.0,1.0,0.4,0.6,0.0,0.5,0.78,0.6240000000000001,0.8,0.9,0.78,0.78,0.7,1,1.0,0.25,0.35,0.45,0.0,0.0,0.8891500000000001,0.0,0.8891500000000001,0.0,0.0,0.8314855875831485,0.5820399113082039,0.69,0.3,0.7317073170731707,0.8260000000000001,0.1,0.5,0.3,0.7,0.8,0.6915,62.5375,0.295,0.5933,0.28,0.7749,12.948
NCT00924326,An Assessment of the Safety and Feasibility of Administering T-Cells Expressing an Anti-CD19 Chimeric Antigen Receptor to Patients With B-Cell Lymphoma,COMPLETED,cyclophosphamide,DNA,small_molecule,lymphoma,True,2009.0,0,0,0,completed+results+no_positive_signal,1,1.0,0.3,0.2,0.25,0.3,0.4,0.25,0.3,1.0,1.0,0.34801192063367575,0.0,0.3,,,,1,1,0,578.0,0.0007351176470588234,1.0,1.0,1.0,0.5889090909090909,0.05,0.28,0.7,10.0,0.5,0.2,0.2,0.0,0.0,0.0,0.0,0.0,0.4,0.6,0.0,0.5,0.4,0.32000000000000006,0.2,0.3,0.3,0.3,0.7,1,1.0,0.2,0.3,0.4,0.0,0.0,0.7372272727272728,0.0,0.7372272727272728,0.0,0.0,1.0,0.7,0.42,0.3,0.34801192063367575,1.0,0.1,0.5,0.3,0.7,0.8,0.1325,58.3158,0.295,0.514,0.28,0.8096,11.9516
NCT04308785,"A Multicenter, Double-Blind, Placebo-Controlled, Randomized, Phase 2 Study to Investigate the Efficacy and Safety of Atezolizumab With or Without Tiragolumab as Consolidation Therapy in Patients With Limited Stage Small Cell Lung Cancer Who Have Not Progressed After Chemoradiotherapy",TERMINATED,atezolizumab,CD274,antibody,cancer nos,True,2021.0,0,0,0,terminated+negative_text,1,1.0,0.3,0.2,0.25,0.3,0.4,0.25,0.3,0.0,0.0,0.0,0.0,0.45,,,,1,1,0,929.0,0.0007426555435952638,1.0,1.0,1.0,0.688875,0.2,0.6,0.7,27.0,1.0,0.54,0.4,0.5,0.5,-0.18,0.0,0.0,0.4,0.6,0.0,0.5,0.58,0.46399999999999997,0.9,1.0,0.63,0.63,0.8,1,1.0,0.85,0.95,0.8,1.0,1.0,0.0,0.6575,0.6575,1.0,0.0,0.0,0.0,0.72,0.3,0.0,0.0,0.1,0.5,0.3,0.7,0.8,0.409,93.4383,0.295,0.379,0.28,0.0,18.9372
NCT00824746,"Retreatment of Gefitinib in the Patients With Non-small Cell Lung Cancer (NSCLC) Previously Responded to Gefitinib A Single Arm, Open Label, Phase II Study",COMPLETED,gefitinib,EGFR,small_molecule,cancer nos,True,2009.0,0,0,0,completed+results+no_positive_signal,1,1.0,0.3,0.2,0.25,0.3,0.4,0.25,0.3,0.001,0.0,0.0,0.0,0.9,,,,1,1,0,774.0,0.0007825607235142119,1.0,1.0,1.0,0.6139,0.1,1.0,0.7,56.0,1.0,1.0,0.85,1.0,1.0,-0.82,1.0,1.0,0.4,0.6,0.0,0.5,0.95,0.76,1.0,1.0,0.9,0.9,0.7,1,1.0,0.2,0.3,0.4,0.0,0.0,0.903475,0.0,0.903475,0.0,0.0,0.0,0.0,0.72,0.3,0.0,0.0005,0.1,0.5,0.3,0.7,0.8,0.7375,78.0221,0.295,0.3591,0.28,0.0003,15.9321
NCT00499343,A Randomized Study Comparing Chemotherapy Followed by G-CSF Alone Versus G-CSF Plus GM-CSF for Mobilization of Peripheral Blood Stem Cells in Patients With Non-Hodgkin's Lymphomas,COMPLETED,rituximab,MS4A1,antibody,lymphoma,True,2004.0,0,0,0,completed+results+no_positive_signal,1,1.0,0.88,0.65,0.7,0.92,0.4,0.68,0.85,0.028,0.0,0.7142857142857142,0.0,0.65,,,,0,1,0,525.0,0.0006596552380952381,1.0,0.5,0.0,0.0,0.05,0.44,0.7,11.0,0.55,0.22,0.6,0.5,0.5,-0.44,0.5,0.0,0.4,0.6,0.0,0.5,0.68,0.544,0.9,1.0,0.73,0.73,0.8,1,1.0,0.25,0.35,0.65,0.0,0.0,0.0,0.3075,0.3075,1.0,0.5,0.0,0.0,0.682,0.88,0.7142857142857142,0.014,0.325,0.5,0.3,0.7,0.8,0.589,52.8785,0.295,0.3606,0.3568,0.1506,10.8931
NCT04313504,"An Open-label, Phase II Study Evaluating the Efficacy of Niraparib and Dostarlimab (TSR-042) in Recurrent/Metastatic Head and Neck Squamous Cell Carcinoma Patients",COMPLETED,niraparib,PARP1,small_molecule,hnscc,True,2020.0,0,0,0,completed+results+no_positive_signal,1,1.0,0.3,0.2,0.25,0.3,0.4,0.25,0.3,0.027,0.0,0.8333333333333333,0.0,0.65,,,,1,1,0,598.0,0.0007508963210702341,1.0,0.5,0.0,0.0,0.15,1.0,0.7,35.0,1.0,0.7,0.6,1.0,1.0,-0.48,0.5,0.0,0.4,0.6,0.0,0.5,0.7,0.5599999999999999,0.9,1.0,0.79,0.79,0.7,1,1.0,0.6,0.35,0.5,0.0,0.0,0.33,0.0,0.33,0.0,0.5,0.0,0.0,0.72,0.3,0.8333333333333333,0.0135,0.1,0.5,0.3,0.7,0.8,0.682,60.0325,0.295,0.373,0.28,0.1741,12.3405
NCT00796549,A Phase II Single-arm Trial of BIBW 2992 in EGFR FISH Positive Non-small Cell Lung Cancer Patients,COMPLETED,unmapped,UNKNOWN,unknown,cancer nos,True,2008.0,1,1,1,completed+positive_text+results,0,0.0,0.0,0.0,0.0,0.0,0.0,0.0,0.0,0.0,0.0,0.0,0.0,0.0,,,,1,1,0,0.0,0.0,0.0,0.0,0.0,0.0,0.0,0.0,0.0,0.0,0.0,0.0,0.0,0.0,0.0,0.0,0.0,0.0,0.4,0.5,0.0,0.5,0.0,0.0,0.0,0.0,0.0,0.0,0.3,0,0.0,0.2,0.3,0.4,0.0,0.0,0.0,0.0,0.0,0.0,1.0,0.0,0.0,0.0,0.0,0.0,0.0,0.0,0.5,0.3,0.7,0.8,0.0,0.0,0.295,0.0,0.22,0.0,0.0625
NCT04146038,Salsalate + Venetoclax/Decitabine for Patients With Acute Myelogenous Leukemia or Advanced Myelodysplasia/Myeloproliferative Disease,COMPLETED,venetoclax,BCL2,small_molecule,leukemia,True,2020.0,0,0,0,completed+results+no_positive_signal,1,1.0,0.9,0.75,0.8,0.92,0.4,0.7,0.85,1.0,1.0,0.547224709042077,0.0,0.7,,,,0,1,0,570.0,0.0007448929824561402,1.0,1.0,1.0,0.7835000000000001,0.05,1.0,0.7,16.0,0.8,0.32,0.65,1.0,1.0,-0.52,1.0,1.0,0.4,0.6,0.0,0.5,0.78,0.6240000000000001,0.8,0.9,0.81,0.81,0.7,1,1.0,0.25,0.4,0.55,0.0,0.0,0.9058750000000001,0.0,0.9058750000000001,0.0,0.0,1.0,0.7,0.8400000000000001,0.9,0.547224709042077,1.0,0.375,0.5,0.3,0.7,0.8,0.858,57.798,0.295,0.7255,0.3662,0.8494,12.0886
NCT01646125,"A Multicenter, Open-label, Randomized Phase II Study to Evaluate the Efficacy of AUY922 vs Pemetrexed or Docetaxel in NSCLC Patients With EGFR Mutations Who Have Progressed on Prior EGFR TKI Treatment",TERMINATED,docetaxel,TUBB,small_molecule,nsclc,True,2012.0,0,0,0,terminated+efficacy,1,1.0,0.3,0.2,0.25,0.3,0.4,0.25,0.3,0.006,0.0,0.41666666666666663,0.0,0.43,,,,1,1,0,715.0,0.000807165034965035,1.0,1.0,1.0,0.5950000000000001,0.05,0.7,0.7,17.0,0.85,0.34,0.38,0.0,0.0,0.0,0.0,0.0,0.0,0.0,0.0,0.0,0.55,0.44000000000000006,0.6,0.7,0.59,0.59,0.7,1,1.0,0.2,0.3,0.4,0.0,0.0,0.8187500000000001,0.0,0.8187500000000001,0.0,0.0,0.0,0.0,0.63,0.3,0.41666666666666663,0.003,0.1,0.5,0.3,0.7,0.8,0.178,72.0168,0.295,0.3094,0.04,0.085,14.5537
NCT03128359,A Pilot Study of Post-transplant High Dose Cyclophosphamide (PTCY) as Part of Graft-Versus-Host Disease (GVHD) Prophylaxis in T-Cell Replete HLA-Mismatched Unrelated Donor (MMUD) Ablative and Reduced Intensity Hematopoietic Cell Transplantation (HCT) for Hematological Malignancies,COMPLETED,cyclophosphamide,DNA,small_molecule,lymphoma,True,2017.0,0,0,0,completed+results+no_positive_signal,1,1.0,0.3,0.2,0.25,0.3,0.4,0.25,0.3,1.0,1.0,0.34801192063367575,0.0,0.3,,,,1,1,0,578.0,0.0007351176470588234,1.0,1.0,1.0,0.5889090909090909,0.05,0.28,0.7,10.0,0.5,0.2,0.2,0.0,0.0,0.0,0.0,0.0,0.4,0.6,0.0,0.5,0.4,0.32000000000000006,0.2,0.3,0.3,0.3,0.7,1,1.0,0.2,0.3,0.4,0.0,0.0,0.7372272727272728,0.0,0.7372272727272728,0.0,0.0,1.0,0.7,0.42,0.3,0.34801192063367575,1.0,0.1,0.5,0.3,0.7,0.8,0.1325,58.3158,0.295,0.514,0.28,0.8096,11.9516
NCT01264705,A Phase I/II Study of Bavituximab and Sorafenib In Patients With Advanced Hepatocellular Carcinoma,COMPLETED,sorafenib,BRAF,small_molecule,hepatocellular carcinoma,True,2011.0,0,0,0,completed+results+no_positive_signal,1,1.0,0.3,0.2,0.25,0.3,0.4,0.25,0.3,0.149,0.04,0.7550335570469798,0.0,0.75,,,,1,1,0,689.0,0.0007610406386066763,1.0,1.0,1.0,0.5917499999999999,0.05,1.0,0.7,21.0,1.0,0.42,0.7,1.0,1.0,-0.63,1.0,1.0,0.4,0.6,0.0,0.5,0.82,0.656,0.9,1.0,0.85,0.85,0.7,1,1.0,0.4,0.4,0.55,0.0,0.0,0.8779375,0.0,0.8779375,0.0,0.0,0.2684563758389262,0.1879194630872483,0.72,0.3,0.7550335570469798,0.0945,0.1,0.5,0.3,0.7,0.8,0.705,69.5163,0.295,0.3773,0.28,0.2997,14.2564
NCT00438880,"A Phase I/II Trial of CpG 7909, Rituximab Immunotherapy, and Y-90 Zevalin Radioimmunotherapy for Patients With Previously Treated CD20+ Non-Hodgkin Lymphoma",COMPLETED,rituximab,MS4A1,antibody,lymphoma,True,2004.0,0,0,0,completed+results+no_positive_signal,1,1.0,0.88,0.65,0.7,0.92,0.4,0.68,0.85,0.028,0.0,0.7142857142857142,0.0,0.65,,,,0,1,0,525.0,0.0006596552380952381,1.0,0.5,0.0,0.0,0.05,0.44,0.7,11.0,0.55,0.22,0.6,0.5,0.5,-0.44,0.5,0.0,0.4,0.6,0.0,0.5,0.68,0.544,0.9,1.0,0.73,0.73,0.8,1,1.0,0.25,0.35,0.65,0.0,0.0,0.0,0.3075,0.3075,1.0,0.5,0.0,0.0,0.682,0.88,0.7142857142857142,0.014,0.325,0.5,0.3,0.7,0.8,0.589,52.8785,0.295,0.3606,0.3568,0.1506,10.8931
NCT01095094,Phase II Trial of Ritonavir/Lopinavir in Patients With Progressive of Recurrent High-Grade Gliomas,TERMINATED,unmapped,UNKNOWN,unknown,glioblastoma,True,2009.0,0,0,0,terminated+negative_text,0,0.0,0.0,0.0,0.0,0.0,0.0,0.0,0.0,0.0,0.0,0.0,0.0,0.0,,,,1,1,0,0.0,0.0,0.0,0.0,0.0,0.0,0.0,0.0,0.0,0.0,0.0,0.0,0.0,0.0,0.0,0.0,0.0,0.0,0.4,0.5,0.0,0.5,0.0,0.0,0.0,0.0,0.0,0.0,0.3,0,0.0,0.2,0.3,0.4,0.0,0.0,0.0,0.0,0.0,0.0,1.0,0.0,0.0,0.0,0.0,0.0,0.0,0.0,0.5,0.3,0.7,0.8,0.0,0.0,0.295,0.0,0.22,0.0,0.0625
NCT01348919,An Open-Label Study to Determine the Maximum Tolerated Dose and Evaluate the Safety and Efficacy of CEP-18770 in Combination With Lenalidomide and Dexamethasone in Patients With Relapsed or Refractory Multiple Myeloma,COMPLETED,lenalidomide,CRBN,small_molecule,multiple myeloma,True,2011.0,0,0,0,completed+results+no_positive_signal,1,1.0,0.3,0.2,0.25,0.3,0.4,0.25,0.3,0.2,0.05,0.875,0.0,0.4,,,,1,1,0,630.0,0.0008394936507936509,1.0,0.5,0.0,0.0,0.05,0.32,0.7,1.0,0.05,0.02,0.35,0.5,0.5,-0.55,1.0,1.0,0.4,0.6,0.0,0.5,0.55,0.44000000000000006,0.6,0.7,0.58,0.58,0.7,1,1.0,0.3,0.4,0.55,0.1,0.0,0.27,0.0,0.27,0.0,0.5,0.25,0.175,0.15,0.3,0.875,0.125,0.1,0.5,0.3,0.7,0.8,0.3965,63.2775,0.295,0.13,0.28,0.3313,12.8853
NCT01133665,Phase II Study of Cetuximab and Lenalidomide in Recurrent/Metastatic Squamous Cell Carcinoma of the Head and Neck,COMPLETED,cetuximab,EGFR,antibody,cancer nos,True,2010.0,0,0,0,completed+results+no_positive_signal,1,1.0,0.3,0.2,0.25,0.3,0.4,0.25,0.3,0.001,0.0,0.0,0.0,0.9,,,,1,1,0,774.0,0.0007825607235142119,1.0,1.0,1.0,0.6139,0.1,1.0,0.7,56.0,1.0,1.0,0.85,1.0,1.0,-0.82,1.0,1.0,0.4,0.6,0.0,0.5,0.95,0.76,1.0,1.0,0.9,0.9,0.8,1,1.0,0.2,0.3,0.4,0.0,0.0,0.0,0.295,0.295,1.0,0.0,0.0,0.0,0.72,0.3,0.0,0.0005,0.1,0.5,0.3,0.7,0.8,0.7375,78.0221,0.295,0.3591,0.28,0.0003,15.9321
NCT06022692,Water-filtered Infrared A Radiation Whole-body Hyperthermia Combined With Immune Checkpoint Inhibitor Therapy for Advanced Gastrointestinal Tumours: A Prospective Open-label Single-arm Phase 2 Study,COMPLETED,unmapped,UNKNOWN,unknown,cancer nos,True,2020.0,0,0,0,completed+negative_text,0,0.0,0.0,0.0,0.0,0.0,0.0,0.0,0.0,0.0,0.0,0.0,0.0,0.0,,,,1,1,0,0.0,0.0,0.0,0.0,0.0,0.0,0.0,0.0,0.0,0.0,0.0,0.0,0.0,0.0,0.0,0.0,0.0,0.0,0.4,0.5,0.0,0.5,0.0,0.0,0.0,0.0,0.0,0.0,0.3,0,0.0,0.2,0.3,0.4,0.0,0.0,0.0,0.0,0.0,0.0,1.0,0.0,0.0,0.0,0.0,0.0,0.0,0.0,0.5,0.3,0.7,0.8,0.0,0.0,0.295,0.0,0.22,0.0,0.0625
NCT02624492,"An Open Label Multicenter Phase Ib/II Trial to Determine the Dose of BI 836826 in Combination With Gemcitabine and Oxaliplatin (GemOx) and the Efficacy of BI 836826-GemOx Versus Rituximab (R)- GemOx (R-GemOx) in Patients With Relapsed/ Refractory Diffuse Large B-cell Lymphoma (DLBCL) Who Are Not Eligible for, or Have Relapsed/Progressed After Autologous/Allogeneic Stem Cell Transplant",COMPLETED,rituximab,MS4A1,antibody,lymphoma,True,2016.0,0,0,0,completed+results+no_positive_signal,1,1.0,0.88,0.65,0.7,0.92,0.4,0.68,0.85,0.028,0.0,0.7142857142857142,0.0,0.65,,,,0,1,0,525.0,0.0006596552380952381,1.0,0.5,0.0,0.0,0.05,0.44,0.7,11.0,0.55,0.22,0.6,0.5,0.5,-0.44,0.5,0.0,0.4,0.6,0.0,0.5,0.68,0.544,0.9,1.0,0.73,0.73,0.8,1,1.0,0.25,0.35,0.65,0.0,0.0,0.0,0.3075,0.3075,1.0,0.5,0.0,0.0,0.682,0.88,0.7142857142857142,0.014,0.325,0.5,0.3,0.7,0.8,0.589,52.8785,0.295,0.3606,0.3568,0.1506,10.8931
NCT01310036,An Open-Label Multicenter Study of Erlotinib (Tarceva®) as First Line Therapy Until and Beyond RECIST Progression in NSCLC Patients Who Harbour EGFR Mutations,COMPLETED,erlotinib,EGFR,small_molecule,nsclc,True,2011.0,0,0,0,completed+results+no_positive_signal,1,1.0,0.92,0.85,0.8,0.95,0.4,0.75,0.9,1.0,1.0,0.8166677488474774,0.0,0.9,,,,0,1,0,774.0,0.0007825607235142119,1.0,1.0,1.0,0.6139,0.1,1.0,0.7,56.0,1.0,1.0,0.85,1.0,1.0,-0.82,1.0,1.0,0.4,0.6,0.0,0.5,0.95,0.76,1.0,1.0,0.9,0.9,0.7,1,1.0,0.2,0.3,0.4,0.0,0.0,0.903475,0.0,0.903475,0.0,0.0,1.0,0.7,0.968,0.92,0.8166677488474774,1.0,0.425,0.5,0.3,0.7,0.8,0.9175,78.1816,0.295,0.7986,0.3788,0.9033,16.2021
NCT04382664,Efficacy and Safety of UV1 Vaccination in Combination With Nivolumab and Ipilimumab as First Line Treatment of Patients With Unresectable or Metastatic Melanoma (INITIUM Study),COMPLETED,nivolumab,PDCD1,antibody,melanoma,True,2020.0,0,0,0,completed+results+no_positive_signal,1,1.0,0.9,0.65,0.7,0.95,0.4,0.72,0.88,0.073,0.0,1.0,0.0,0.5,,,,0,1,0,837.0,0.0007509342891278374,1.0,1.0,0.6,0.6553333333333333,0.05,0.36,0.7,9.0,0.45,0.18,0.45,0.5,0.5,-0.15,0.0,0.0,0.4,0.6,0.0,0.5,0.6,0.48,0.9,1.0,0.65,0.65,0.8,1,1.0,0.85,0.8,0.85,1.0,1.0,0.0,0.62,0.62,1.0,0.0,0.0,0.0,0.6300000000000001,0.9,1.0,0.0365,0.325,0.5,0.3,0.7,0.8,0.555,84.3233,0.295,0.3465,0.3608,0.2201,17.1783
NCT00813293,"Randomized, Double-Blind, Placebo-Controlled, Phase II Trial Of Short Course Sorafenib Therapy Prior to Radiofrequency Ablation for Intermediate Sized (3.5 to 7cm) Hepatocellular Cancer",COMPLETED,sorafenib,BRAF,small_molecule,hepatocellular carcinoma,True,2009.0,1,1,1,completed+positive_text+results,1,1.0,0.3,0.2,0.25,0.3,0.4,0.25,0.3,0.149,0.04,0.7550335570469798,0.0,0.75,,,,1,1,0,689.0,0.0007610406386066763,1.0,1.0,1.0,0.5917499999999999,0.05,1.0,0.7,21.0,1.0,0.42,0.7,1.0,1.0,-0.63,1.0,1.0,0.4,0.6,0.0,0.5,0.82,0.656,0.9,1.0,0.85,0.85,0.7,1,1.0,0.4,0.4,0.55,0.0,0.0,0.8779375,0.0,0.8779375,0.0,0.0,0.2684563758389262,0.1879194630872483,0.72,0.3,0.7550335570469798,0.0945,0.1,0.5,0.3,0.7,0.8,0.705,69.5163,0.295,0.3773,0.28,0.2997,14.2564
NCT00661193,A Phase II Selection Design of Pharmacodynamic Separation of Carboplatin/Paclitaxel/OSI-774 (Erlotinib; NSC-718781) or OSI-774 Alone in Advanced Non-Small Cell Lung Cancer (NSCLC) Patients With Performance Status 2 (PS-2),COMPLETED,erlotinib,EGFR,small_molecule,cancer nos,True,2008.0,0,0,0,completed+results+no_positive_signal,1,1.0,0.3,0.2,0.25,0.3,0.4,0.25,0.3,0.001,0.0,0.0,0.0,0.9,,,,1,1,0,774.0,0.0007825607235142119,1.0,1.0,1.0,0.6139,0.1,1.0,0.7,56.0,1.0,1.0,0.85,1.0,1.0,-0.82,1.0,1.0,0.4,0.6,0.0,0.5,0.95,0.76,1.0,1.0,0.9,0.9,0.7,1,1.0,0.2,0.3,0.4,0.0,0.0,0.903475,0.0,0.903475,0.0,0.0,0.0,0.0,0.72,0.3,0.0,0.0005,0.1,0.5,0.3,0.7,0.8,0.7375,78.0221,0.295,0.3591,0.28,0.0003,15.9321
NCT00039130,"Phase II Study Of Rituximab And Short Duration, High Intensity Chemotherapy With G-CSF Support In Previously Untreated Patients With Burkitt Lymphoma/Leukemia",COMPLETED,rituximab,MS4A1,antibody,leukemia,True,2002.0,0,0,0,completed+results+no_positive_signal,1,1.0,0.85,0.62,0.68,0.9,0.4,0.65,0.82,0.013,0.01,0.3846153846153846,0.0,0.65,,,,0,1,0,525.0,0.0006596552380952381,1.0,0.5,0.0,0.0,0.05,0.44,0.7,11.0,0.55,0.22,0.6,0.5,0.5,-0.44,0.5,0.0,0.4,0.6,0.0,0.5,0.68,0.544,0.9,1.0,0.73,0.73,0.8,1,1.0,0.25,0.35,0.65,0.0,0.0,0.0,0.3075,0.3075,1.0,0.5,0.7692307692307693,0.5384615384615384,0.67,0.85,0.3846153846153846,0.0115,0.31,0.5,0.3,0.7,0.8,0.5815,52.8725,0.295,0.3529,0.3515,0.3812,10.9108
NCT00537381,"A Randomized, Double-blind, Multicenter, Phase 2 Study of a Human Monoclonal Antibody to Human av Integrins (CNTO 95) in Combination With Docetaxel for the First-Line Treatment of Subjects With Metastatic Hormone Refractory Prostate Cancer",COMPLETED,docetaxel,TUBB,small_molecule,cancer nos,True,2007.0,0,0,0,completed+results+no_positive_signal,1,1.0,0.3,0.2,0.25,0.3,0.4,0.25,0.3,0.0,0.0,0.0,0.0,0.43,,,,1,1,0,715.0,0.000807165034965035,1.0,1.0,1.0,0.5950000000000001,0.05,0.7,0.7,17.0,0.85,0.34,0.38,0.0,0.0,0.0,0.0,0.0,0.0,0.0,0.0,0.0,0.55,0.44000000000000006,0.6,0.7,0.59,0.59,0.7,1,1.0,0.2,0.3,0.4,0.0,0.0,0.8187500000000001,0.0,0.8187500000000001,0.0,0.0,0.0,0.0,0.63,0.3,0.0,0.0,0.1,0.5,0.3,0.7,0.8,0.178,72.0168,0.295,0.3085,0.04,0.0,14.5451
NCT00775593,An Open Label Phase II Trial of Clofarabine and Temsirolimus in Older Patients With Relapsed or Refractory Acute Myeloid Leukemia (AML),COMPLETED,temsirolimus,MTOR,small_molecule,leukemia,True,2008.0,0,0,0,completed+results+no_positive_signal,1,1.0,0.3,0.2,0.25,0.3,0.4,0.25,0.3,1.0,0.25,0.6845436375749501,0.0,0.6,,,,1,1,0,557.0,0.0007751023339317773,1.0,1.0,1.0,0.7293,0.05,1.0,0.7,56.0,1.0,1.0,0.55,0.5,0.5,-0.61,1.0,1.0,0.4,0.6,0.0,0.5,0.85,0.68,0.9,1.0,0.8,0.8,0.7,1,1.0,0.15,0.25,0.35,0.0,0.0,0.912325,0.0,0.912325,0.0,0.0,0.25,0.175,0.72,0.3,0.6845436375749501,0.625,0.1,0.5,0.3,0.7,0.8,0.4475,56.3369,0.295,0.5365,0.28,0.5282,11.6109
NCT01124734,Phase II Trial of High Dose Interleukin-2 Followed by Intermittent Low Dose Temozolomide in Patients With Metastatic Malignant Melanoma,COMPLETED,temozolomide,DNA,small_molecule,melanoma,True,2010.0,1,1,1,completed+positive_text+results,1,1.0,0.3,0.2,0.25,0.3,0.4,0.25,0.3,1.0,1.0,0.442722899653205,0.0,0.3,,,,1,1,0,578.0,0.0007351176470588234,1.0,1.0,1.0,0.5889090909090909,0.05,0.28,0.7,10.0,0.5,0.2,0.2,0.0,0.0,0.0,0.0,0.0,0.4,0.6,0.0,0.5,0.4,0.32000000000000006,0.2,0.3,0.3,0.3,0.7,1,1.0,0.2,0.3,0.4,0.0,0.0,0.7372272727272728,0.0,0.7372272727272728,0.0,0.0,1.0,0.7,0.42,0.3,0.442722899653205,1.0,0.1,0.5,0.3,0.7,0.8,0.1325,58.3158,0.295,0.514,0.28,0.8285,11.9534
NCT02551432,Phase II Study of Pembrolizumab and Paclitaxel in Refractory Small Cell Lung Cancer,COMPLETED,pembrolizumab,PDCD1,antibody,cancer nos,False,2015.0,0,0,0,completed+results+no_positive_signal,1,1.0,0.3,0.2,0.25,0.3,0.4,0.25,0.3,0.0,0.0,0.0,0.0,0.5,,,,1,1,1,837.0,0.0007509342891278374,1.0,1.0,0.6,0.6553333333333333,0.05,0.36,0.7,9.0,0.45,0.18,0.45,0.5,0.5,-0.15,0.0,0.0,0.4,0.6,0.0,0.5,0.6,0.48,0.9,1.0,0.65,0.65,0.8,1,1.0,0.85,0.8,0.85,1.0,1.0,0.0,0.62,0.62,1.0,0.0,0.0,0.0,0.39,0.3,0.0,0.0,0.1,,,,,0.42,84.1658,0.0,0.2005,0.28,0.0,17.0203
NCT02784171,A Phase II/III Randomized Study of Pembrolizumab in Patients With Advanced Malignant Pleural Mesothelioma,COMPLETED,pembrolizumab,PDCD1,antibody,cancer nos,False,2016.0,0,0,0,completed+results+no_positive_signal,1,1.0,0.3,0.2,0.25,0.3,0.4,0.25,0.3,0.0,0.0,0.0,0.0,0.5,,,,1,1,1,837.0,0.0007509342891278374,1.0,1.0,0.6,0.6553333333333333,0.05,0.36,0.7,9.0,0.45,0.18,0.45,0.5,0.5,-0.15,0.0,0.0,0.4,0.6,0.0,0.5,0.6,0.48,0.9,1.0,0.65,0.65,0.8,1,1.0,0.85,0.8,0.85,1.0,1.0,0.0,0.62,0.62,1.0,0.0,0.0,0.0,0.39,0.3,0.0,0.0,0.1,,,,,0.42,84.1658,0.0,0.2005,0.28,0.0,17.0203
NCT00117351,"A Multicenter, Open-Label, Phase 2 Study of VELCADE (Bortezomib) for Injection in Previously Treated Patients With Stage IIIB and IV Bronchioloalveolar Carcinoma and Adenocarcinoma With Bronchioloalveolar Features",TERMINATED,unmapped,UNKNOWN,unknown,cancer nos,True,2005.0,0,0,0,terminated+efficacy,0,0.0,0.0,0.0,0.0,0.0,0.0,0.0,0.0,0.0,0.0,0.0,0.0,0.0,,,,1,1,0,0.0,0.0,0.0,0.0,0.0,0.0,0.0,0.0,0.0,0.0,0.0,0.0,0.0,0.0,0.0,0.0,0.0,0.0,0.4,0.5,0.0,0.5,0.0,0.0,0.0,0.0,0.0,0.0,0.3,0,0.0,0.2,0.3,0.4,0.0,0.0,0.0,0.0,0.0,0.0,1.0,0.0,0.0,0.0,0.0,0.0,0.0,0.0,0.5,0.3,0.7,0.8,0.0,0.0,0.295,0.0,0.22,0.0,0.0625
NCT00459875,Phase II Study of Sunitinib in Patients With Metastatic Papillary Renal Cell Carcinoma,COMPLETED,sunitinib,VEGFR2,small_molecule,renal cell carcinoma,True,2007.0,0,0,0,completed+results+no_positive_signal,1,1.0,0.3,0.2,0.25,0.3,0.4,0.25,0.3,0.2,0.17,0.45,0.0,0.55,,,,1,1,0,606.0,0.0007355808580858086,1.0,0.5,0.0,0.0,0.2,1.0,0.7,7.0,0.35,0.14,0.5,0.5,0.5,-0.31,0.5,0.0,0.4,0.6,0.0,0.5,0.4,0.32000000000000006,0.9,1.0,0.3,0.3,0.7,1,1.0,0.2,0.3,0.4,0.0,0.0,0.33,0.0,0.33,0.0,0.5,0.85,0.595,0.32999999999999996,0.3,0.45,0.185,0.1,0.5,0.3,0.7,0.8,0.4125,60.835,0.295,0.259,0.28,0.4893,12.4424
NCT00309842,Transplantation of Unrelated Umbilical Cord Blood for Patients With Hematological Diseases With Cyclophosphamide/Fludarabine/Total Body Irradiation Myeloablative Preparative Regimen,COMPLETED,cyclophosphamide,DNA,small_molecule,multiple myeloma,True,2005.0,0,0,0,completed+results+no_positive_signal,1,1.0,0.3,0.2,0.25,0.3,0.4,0.25,0.3,1.0,0.54,0.49109481403876376,0.0,0.3,,,,1,1,0,578.0,0.0007351176470588234,1.0,1.0,1.0,0.5889090909090909,0.05,0.28,0.7,10.0,0.5,0.2,0.2,0.0,0.0,0.0,0.0,0.0,0.4,0.6,0.0,0.5,0.4,0.32000000000000006,0.2,0.3,0.3,0.3,0.7,1,1.0,0.2,0.3,0.4,0.0,0.0,0.7372272727272728,0.0,0.7372272727272728,0.0,0.0,0.54,0.378,0.42,0.3,0.49109481403876376,0.77,0.1,0.5,0.3,0.7,0.8,0.1325,58.3158,0.295,0.445,0.28,0.6243,11.9192
NCT01246986,Phase 2 Study of LY2157299 in Patients With Hepatocellular Carcinoma,COMPLETED,sorafenib,BRAF,small_molecule,hepatocellular carcinoma,True,2011.0,0,0,0,completed+results+no_positive_signal,1,1.0,0.3,0.2,0.25,0.3,0.4,0.25,0.3,0.149,0.04,0.7550335570469798,0.0,0.75,,,,1,1,0,689.0,0.0007610406386066763,1.0,1.0,1.0,0.5917499999999999,0.05,1.0,0.7,21.0,1.0,0.42,0.7,1.0,1.0,-0.63,1.0,1.0,0.4,0.6,0.0,0.5,0.82,0.656,0.9,1.0,0.85,0.85,0.7,1,1.0,0.4,0.4,0.55,0.0,0.0,0.8779375,0.0,0.8779375,0.0,0.0,0.2684563758389262,0.1879194630872483,0.72,0.3,0.7550335570469798,0.0945,0.1,0.5,0.3,0.7,0.8,0.705,69.5163,0.295,0.3773,0.28,0.2997,14.2564
NCT00057837,"A Randomized Phase II Study: Sequencing Topoisomerase Inhibitors for Extensive Stage Small Cell Lung Cancer (SCLC): Topotecan Sequenced With Etoposide/Cisplatin, and Irinotecan/Cisplatin Sequenced With Etoposide",COMPLETED,cisplatin,DNA,small_molecule,cancer nos,True,2004.0,0,0,0,completed+results+no_positive_signal,1,1.0,0.3,0.2,0.25,0.3,0.4,0.25,0.3,0.0,0.0,0.0,0.0,0.3,,,,1,1,0,578.0,0.0007351176470588234,1.0,1.0,1.0,0.5889090909090909,0.05,0.28,0.7,10.0,0.5,0.2,0.2,0.0,0.0,0.0,0.0,0.0,0.4,0.6,0.0,0.5,0.4,0.32000000000000006,0.2,0.3,0.3,0.3,0.7,1,1.0,0.2,0.3,0.4,0.0,0.0,0.7372272727272728,0.0,0.7372272727272728,0.0,0.0,0.0,0.0,0.42,0.3,0.0,0.0,0.1,0.5,0.3,0.7,0.8,0.1325,58.3158,0.295,0.214,0.28,0.0,11.8106
NCT04166383,Phase II Trial of VB-111 in Combination With Nivolumab in Patients With Metastatic Colorectal Cancer (mCRC).,TERMINATED,nivolumab,PDCD1,antibody,colorectal cancer,True,2020.0,0,0,0,terminated+efficacy,1,1.0,0.3,0.2,0.25,0.3,0.4,0.25,0.3,0.054,0.0,1.0,0.0,0.5,,,,1,1,0,837.0,0.0007509342891278374,1.0,1.0,0.6,0.6553333333333333,0.05,0.36,0.7,9.0,0.45,0.18,0.45,0.5,0.5,-0.15,0.0,0.0,0.4,0.6,0.0,0.5,0.6,0.48,0.9,1.0,0.65,0.65,0.8,1,1.0,0.85,0.8,0.85,1.0,1.0,0.0,0.62,0.62,1.0,0.0,0.0,0.0,0.39,0.3,1.0,0.027,0.1,0.5,0.3,0.7,0.8,0.42,84.1658,0.295,0.2086,0.28,0.2149,17.0729
NCT00427557,Use of Umbilical Cord Blood Cell in the Preparative Regimen of Patients With Advanced Hematologic Malignancies Undergoing Allogeneic Hematopoietic Stem Cell Transplantation,COMPLETED,rituximab,MS4A1,antibody,multiple myeloma,True,2006.0,0,0,0,completed+results+no_positive_signal,1,1.0,0.3,0.2,0.25,0.3,0.4,0.25,0.3,0.001,0.0,0.0,0.0,0.65,,,,1,1,0,525.0,0.0006596552380952381,1.0,0.5,0.0,0.0,0.05,0.44,0.7,11.0,0.55,0.22,0.6,0.5,0.5,-0.44,0.5,0.0,0.4,0.6,0.0,0.5,0.68,0.544,0.9,1.0,0.73,0.73,0.8,1,1.0,0.25,0.35,0.65,0.0,0.0,0.0,0.3075,0.3075,1.0,0.5,0.0,0.0,0.45,0.3,0.0,0.0005,0.1,0.5,0.3,0.7,0.8,0.454,52.7275,0.295,0.2277,0.28,0.0003,10.7761
NCT03056001,"A Pilot Study Evaluating the Safety, Tolerability, and Efficacy of Doxorubicin and Pembrolizumab in Patients With Metastatic or Unresectable Soft Tissue Sarcoma",COMPLETED,pembrolizumab,PDCD1,antibody,cancer nos,True,2017.0,0,0,0,completed+results+no_positive_signal,1,1.0,0.3,0.2,0.25,0.3,0.4,0.25,0.3,0.0,0.0,0.0,0.0,0.5,,,,1,1,0,837.0,0.0007509342891278374,1.0,1.0,0.6,0.6553333333333333,0.05,0.36,0.7,9.0,0.45,0.18,0.45,0.5,0.5,-0.15,0.0,0.0,0.4,0.6,0.0,0.5,0.6,0.48,0.9,1.0,0.65,0.65,0.8,1,1.0,0.85,0.8,0.85,1.0,1.0,0.0,0.62,0.62,1.0,0.0,0.0,0.0,0.39,0.3,0.0,0.0,0.1,0.5,0.3,0.7,0.8,0.42,84.1658,0.295,0.2005,0.28,0.0,17.0498
NCT04944173,A Phase II Study of Circulating Tumor DNA Directed Consolidation Durvalumab (MEDI4736) Following Induction and Concurrent Durvalumab with SABR for Stage I NSCLC. SCION: SABR and Checkpoint Inhibition of NSCLC,WITHDRAWN,durvalumab,CD274,antibody,nsclc,True,2023.0,0,0,0,withdrawn+negative,1,1.0,0.88,0.62,0.68,0.92,0.4,0.72,0.85,0.093,0.02,1.0,0.0,0.45,,,,0,1,0,929.0,0.0007426555435952638,1.0,1.0,1.0,0.688875,0.2,0.6,0.7,27.0,1.0,0.54,0.4,0.5,0.5,-0.18,0.0,0.0,0.4,0.6,0.0,0.5,0.58,0.46399999999999997,0.9,1.0,0.63,0.63,0.8,1,1.0,0.85,0.95,0.8,1.0,1.0,0.0,0.6575,0.6575,1.0,0.0,0.21505376344086022,0.15053763440860216,0.952,0.88,1.0,0.0565,0.31,0.5,0.3,0.7,0.8,0.5365,93.5893,0.295,0.5249,0.3585,0.3109,19.0713
NCT00323869,Phase II Trial of Bevacizumab in Combination With Gemcitabine and Carboplatin in Patients With Newly Diagnosed Non-Small Cell Lung Cancer (Excluding Squamous Cell Carcinoma),COMPLETED,bevacizumab,VEGFA,antibody,nsclc,True,2006.0,0,0,0,completed+results+no_positive_signal,1,1.0,0.82,0.52,0.58,0.88,0.4,0.7,0.8,0.217,0.03,0.8640552995391704,0.0,0.75,,,,0,1,0,582.0,0.0006893024054982818,1.0,1.0,1.0,0.83255,0.3,1.0,0.7,30.0,1.0,0.6,0.7,1.0,1.0,-0.22,0.0,0.0,0.4,0.6,0.0,0.5,0.82,0.656,0.7,0.8,0.83,0.83,0.8,1,1.0,0.2,0.3,0.5,0.0,0.0,0.0,0.295,0.295,1.0,0.0,0.13824884792626727,0.09677419354838708,0.9279999999999999,0.82,0.8640552995391704,0.1235,0.26,0.5,0.3,0.7,0.8,0.8015,58.9039,0.295,0.5526,0.349,0.2887,12.2024
NCT03090737,"An Open-label, Single-arm Phase II Safety Study of Nivolumab in Participants With Advanced or Metastatic Non-small Cell Lung Cancer Who Have Progressed During or After Receiving at Least One Prior Systemic Regimen (CheckMate 907: CHECKpoint Pathway and nivoluMAb Clinical Trial Evaluation 907)",COMPLETED,nivolumab,PDCD1,antibody,nsclc,True,2017.0,0,0,0,completed+results+no_positive_signal,1,1.0,0.92,0.68,0.72,0.95,0.4,0.75,0.88,0.03,0.0,1.0,0.0,0.5,,,,0,1,0,837.0,0.0007509342891278374,1.0,1.0,0.6,0.6553333333333333,0.05,0.36,0.7,9.0,0.45,0.18,0.45,0.5,0.5,-0.15,0.0,0.0,0.4,0.6,0.0,0.5,0.6,0.48,0.9,1.0,0.65,0.65,0.8,1,1.0,0.85,0.8,0.85,1.0,1.0,0.0,0.62,0.62,1.0,0.0,0.0,0.0,0.6380000000000001,0.92,1.0,0.015,0.34,0.5,0.3,0.7,0.8,0.5625,84.3253,0.295,0.3416,0.366,0.2083,17.1792
NCT02684253,"A Phase II Randomized Controlled Screening Trial of Nivolumab With Image Guided, Stereotactic Body Radiotherapy (SBRT) Versus Nivolumab Alone in Patients With Metastatic Head and Neck Squamous Cell Carcinoma (HNSCC)",COMPLETED,nivolumab,PDCD1,antibody,hnscc,True,2016.0,1,1,1,completed+positive_text+results,1,1.0,0.3,0.2,0.25,0.3,0.4,0.25,0.3,0.017,0.0,1.0,0.0,0.5,,,,1,1,0,837.0,0.0007509342891278374,1.0,1.0,0.6,0.6553333333333333,0.05,0.36,0.7,9.0,0.45,0.18,0.45,0.5,0.5,-0.15,0.0,0.0,0.4,0.6,0.0,0.5,0.6,0.48,0.9,1.0,0.65,0.65,0.8,1,1.0,0.85,0.8,0.85,1.0,1.0,0.0,0.62,0.62,1.0,0.0,0.0,0.0,0.39,0.3,1.0,0.0085,0.1,0.5,0.3,0.7,0.8,0.42,84.1658,0.295,0.2031,0.28,0.2047,17.0707
NCT00432172,"""A Randomized Multicenter Phase II Trial to Evaluate the Effectiveness of Selective Neoadjuvant Treatment According to Immunohistochemical Subtype for HER2 Negative Breast Cancer Patients""",COMPLETED,carboplatin,DNA,small_molecule,breast cancer,True,2007.0,0,0,0,completed+results+no_positive_signal,1,1.0,0.3,0.2,0.25,0.3,0.4,0.25,0.3,1.0,1.0,0.5224914169787764,0.0,0.3,,,,1,1,0,578.0,0.0007351176470588234,1.0,1.0,1.0,0.5889090909090909,0.05,0.28,0.7,10.0,0.5,0.2,0.2,0.0,0.0,0.0,0.0,0.0,0.4,0.6,0.0,0.5,0.4,0.32000000000000006,0.2,0.3,0.3,0.3,0.7,1,1.0,0.2,0.3,0.4,0.0,0.0,0.7372272727272728,0.0,0.7372272727272728,0.0,0.0,1.0,0.7,0.42,0.3,0.5224914169787764,1.0,0.1,0.5,0.3,0.7,0.8,0.1325,58.3158,0.295,0.514,0.28,0.8445,11.955
NCT00890656,Phase II Study of Augmented Hyper-CVAD in Acute Lymphoblastic Leukemia Salvage,COMPLETED,doxorubicin,TOP2A,small_molecule,leukemia,True,2003.0,0,0,0,completed+results+no_positive_signal,1,1.0,0.3,0.2,0.25,0.3,0.4,0.25,0.3,0.035,0.01,0.6428571428571429,0.0,0.63,,,,1,1,0,1111.0,0.000882019801980198,1.0,0.5,0.0,0.0,0.05,0.74,0.7,4.0,0.2,0.08,0.58,0.0,0.0,-0.94,1.0,0.0,0.4,0.6,0.0,0.5,0.72,0.576,0.8,0.9,0.73,0.73,0.7,1,1.0,0.2,0.25,0.35,0.0,0.0,0.31000000000000005,0.0,0.31000000000000005,0.0,0.5,0.2857142857142857,0.19999999999999998,0.24,0.3,0.6428571428571429,0.022500000000000003,0.1,0.5,0.3,0.7,0.8,0.225,111.3775,0.295,0.1398,0.28,0.2504,22.4562
NCT02611037,"A Phase 2 Study of Transarterial Chemoperfusion Treatment With Cisplatin, Methotrexate and Gemcitabine in Patients With Unresectable Pleural Mesothelioma",COMPLETED,gemcitabine,RRM1,small_molecule,cancer nos,True,2016.0,0,0,0,completed+results+no_positive_signal,1,1.0,0.3,0.2,0.25,0.3,0.4,0.25,0.3,0.0,0.0,0.0,0.0,0.47,,,,1,1,0,475.0,0.000819562105263158,0.95,1.0,1.0,0.5399499999999999,0.05,0.54,0.7,4.0,0.2,0.08,0.42,0.0,0.0,0.0,0.0,0.0,0.4,0.6,0.0,0.5,0.58,0.46399999999999997,0.6,0.7,0.62,0.62,0.7,1,1.0,0.2,0.3,0.4,0.0,0.0,0.8049875000000001,0.0,0.8049875000000001,0.0,0.0,0.0,0.0,0.24,0.3,0.0,0.0,0.1,0.5,0.3,0.7,0.8,0.1875,48.0085,0.295,0.133,0.28,0.0,9.7467
NCT03241745,Phase II Trial of Single-Agent Nivolumab in Patients With Microsatellite Unstable/Mismatch Repair Deficient/Hypermutated Uterine Cancer,COMPLETED,nivolumab,PDCD1,antibody,endometrial cancer,True,2017.0,0,0,0,completed+results+no_positive_signal,1,1.0,0.3,0.2,0.25,0.3,0.4,0.25,0.3,0.008,0.0,1.0,0.0,0.5,,,,1,1,0,837.0,0.0007509342891278374,1.0,1.0,0.6,0.6553333333333333,0.05,0.36,0.7,9.0,0.45,0.18,0.45,0.5,0.5,-0.15,0.0,0.0,0.4,0.6,0.0,0.5,0.6,0.48,0.9,1.0,0.65,0.65,0.8,1,1.0,0.85,0.8,0.85,1.0,1.0,0.0,0.62,0.62,1.0,0.0,0.0,0.0,0.39,0.3,1.0,0.004,0.1,0.5,0.3,0.7,0.8,0.42,84.1658,0.295,0.2017,0.28,0.2022,17.0702
NCT00066677,Phase II and Coagulation Study of rhuMAb-VEGF With or Without Docetaxel in Patients With Previously Treated Metastatic Pancreatic Adenocarcinoma,TERMINATED,docetaxel,TUBB,small_molecule,pancreatic cancer,True,2003.0,0,0,0,terminated+efficacy,1,1.0,0.3,0.2,0.25,0.3,0.4,0.25,0.3,0.002,0.0,0.0,0.0,0.43,,,,1,1,0,715.0,0.000807165034965035,1.0,1.0,1.0,0.5950000000000001,0.05,0.7,0.7,17.0,0.85,0.34,0.38,0.0,0.0,0.0,0.0,0.0,0.0,0.0,0.0,0.0,0.55,0.44000000000000006,0.6,0.7,0.59,0.59,0.7,1,1.0,0.2,0.3,0.4,0.0,0.0,0.8187500000000001,0.0,0.8187500000000001,0.0,0.0,0.0,0.0,0.63,0.3,0.0,0.001,0.1,0.5,0.3,0.7,0.8,0.178,72.0168,0.295,0.3088,0.04,0.0006,14.5452
NCT02520154,Matched Paired Pharmacodynamics and Feasibility Study of Pembrolizumab in Combination With Chemotherapy in Frontline Ovarian Cancer,COMPLETED,pembrolizumab,PDCD1,antibody,ovarian cancer,True,2016.0,0,0,0,completed+results+no_positive_signal,1,1.0,0.3,0.2,0.25,0.3,0.4,0.25,0.3,0.015,0.0,1.0,0.0,0.5,,,,1,1,0,837.0,0.0007509342891278374,1.0,1.0,0.6,0.6553333333333333,0.05,0.36,0.7,9.0,0.45,0.18,0.45,0.5,0.5,-0.15,0.0,0.0,0.4,0.6,0.0,0.5,0.6,0.48,0.9,1.0,0.65,0.65,0.8,1,1.0,0.85,0.8,0.85,1.0,1.0,0.0,0.62,0.62,1.0,0.0,0.0,0.0,0.39,0.3,1.0,0.0075,0.1,0.5,0.3,0.7,0.8,0.42,84.1658,0.295,0.2028,0.28,0.2041,17.0706
NCT00633594,"Phase I/II Study Evaluating Rituximab, Lenalidomide, and Bortezomib in the First-Line or Second-Line Treatment of Patients With Mantle Cell Lymphoma",COMPLETED,rituximab,MS4A1,antibody,lymphoma,False,2008.0,0,0,0,completed+results+no_positive_signal,1,1.0,0.88,0.65,0.7,0.92,0.4,0.68,0.85,0.028,0.0,0.7142857142857142,0.0,0.65,,,,0,1,1,525.0,0.0006596552380952381,1.0,0.5,0.0,0.0,0.05,0.44,0.7,11.0,0.55,0.22,0.6,0.5,0.5,-0.44,0.5,0.0,0.4,0.6,0.0,0.5,0.68,0.544,0.9,1.0,0.73,0.73,0.8,1,1.0,0.25,0.35,0.65,0.0,0.0,0.0,0.3075,0.3075,1.0,0.5,0.0,0.0,0.682,0.88,0.7142857142857142,0.014,0.325,,,,,0.589,52.8785,0.0,0.3606,0.3568,0.1506,10.8636
NCT00398086,A Phase I Trial of Gemcitabine (Gemzar) Plus ABI-007 (ABRAXANE) In Patients With Advanced Metastatic Pancreatic Cancer,COMPLETED,gemcitabine,RRM1,small_molecule,pancreatic cancer,True,2006.0,0,0,0,completed+results+no_positive_signal,1,1.0,0.3,0.2,0.25,0.3,0.4,0.25,0.3,0.068,0.02,0.5147058823529411,0.0,0.47,,,,1,1,0,475.0,0.000819562105263158,0.95,1.0,1.0,0.5399499999999999,0.05,0.54,0.7,4.0,0.2,0.08,0.42,0.0,0.0,0.0,0.0,0.0,0.4,0.6,0.0,0.5,0.58,0.46399999999999997,0.6,0.7,0.62,0.62,0.7,1,1.0,0.2,0.3,0.4,0.0,0.0,0.8049875000000001,0.0,0.8049875000000001,0.0,0.0,0.29411764705882354,0.20588235294117646,0.24,0.3,0.5147058823529411,0.044000000000000004,0.1,0.5,0.3,0.7,0.8,0.1875,48.0085,0.295,0.1462,0.28,0.2378,9.7731
NCT01332266,"An Open-Label, Multicenter, Randomized, Phase 1b/2 Study of E7050 in Combination With Cetuximab Versus Cetuximab Alone in the Treatment of Platinum-Resistant Squamous Cell Carcinoma of the Head and Neck",COMPLETED,cetuximab,EGFR,antibody,hnscc,True,2011.0,0,0,0,completed+results+no_positive_signal,1,1.0,0.3,0.2,0.25,0.3,0.4,0.25,0.3,1.0,0.67,0.5491329479768786,0.0,0.9,,,,1,1,0,774.0,0.0007825607235142119,1.0,1.0,1.0,0.6139,0.1,1.0,0.7,56.0,1.0,1.0,0.85,1.0,1.0,-0.82,1.0,1.0,0.4,0.6,0.0,0.5,0.95,0.76,1.0,1.0,0.9,0.9,0.8,1,1.0,0.2,0.3,0.4,0.0,0.0,0.0,0.295,0.295,1.0,0.0,0.67,0.469,0.72,0.3,0.5491329479768786,0.835,0.1,0.5,0.3,0.7,0.8,0.7375,78.0221,0.295,0.6095,0.28,0.6964,16.0518
NCT00129376,Multicenter Phase II Trial of Doxorubicin and Cyclophosphamide (AC) Followed by Weekly Docetaxel (T) as Neoadjuvant Treatment for Operable Stage II and IIIA Breast Cancer Patients,COMPLETED,docetaxel,TUBB,small_molecule,breast cancer,True,2003.0,1,1,1,completed+positive_text+results,1,1.0,0.3,0.2,0.25,0.3,0.4,0.25,0.3,0.016,0.0,1.0,0.0,0.43,,,,1,1,0,715.0,0.000807165034965035,1.0,1.0,1.0,0.5950000000000001,0.05,0.7,0.7,17.0,0.85,0.34,0.38,0.0,0.0,0.0,0.0,0.0,0.0,0.0,0.0,0.0,0.55,0.44000000000000006,0.6,0.7,0.59,0.59,0.7,1,1.0,0.2,0.3,0.4,0.0,0.0,0.8187500000000001,0.0,0.8187500000000001,0.0,0.0,0.0,0.0,0.63,0.3,1.0,0.008,0.1,0.5,0.3,0.7,0.8,0.178,72.0168,0.295,0.3109,0.04,0.2044,14.566
NCT00826241,"A Phase II Study of Dose-Dense Temozolomide and Lapatinib for Recurrent Low-Grade and Anaplastic Supratentorial, Infratentorial and Spinal Cord Ependymoma",COMPLETED,lapatinib,ERBB2,small_molecule,cancer nos,True,2009.0,0,0,0,completed+results+no_positive_signal,1,1.0,0.3,0.2,0.25,0.3,0.4,0.25,0.3,0.0,0.0,0.0,0.0,0.85,,,,1,1,0,739.0,0.0007936373477672532,1.0,0.5,0.3,0.7236666666666667,0.2,1.0,0.7,45.0,1.0,0.9,0.8,1.0,1.0,-0.71,1.0,1.0,0.4,0.6,0.0,0.5,0.9,0.7200000000000001,1.0,1.0,0.88,0.88,0.7,1,1.0,0.15,0.35,0.45,0.0,0.0,0.0,0.3075,0.3075,1.0,0.5,0.0,0.0,0.72,0.3,0.0,0.0,0.1,0.5,0.3,0.7,0.8,0.7265,74.3386,0.295,0.379,0.28,0.0,15.1966
NCT03822351,"A Phase 2 Open-label, Multicenter, Randomized, Multidrug Platform Study of Durvalumab (MEDI4736) Alone or in Combination With Novel Agents in Subjects With Locally Advanced, Unresectable (Stage III) Non-small Cell Lung Cancer (COAST)",COMPLETED,durvalumab,CD274,antibody,nsclc,True,2018.0,0,0,0,completed+results+no_positive_signal,1,1.0,0.88,0.62,0.68,0.92,0.4,0.72,0.85,0.093,0.02,1.0,0.0,0.45,,,,0,1,0,929.0,0.0007426555435952638,1.0,1.0,1.0,0.688875,0.2,0.6,0.7,27.0,1.0,0.54,0.4,0.5,0.5,-0.18,0.0,0.0,0.4,0.6,0.0,0.5,0.58,0.46399999999999997,0.9,1.0,0.63,0.63,0.8,1,1.0,0.85,0.95,0.8,1.0,1.0,0.0,0.6575,0.6575,1.0,0.0,0.21505376344086022,0.15053763440860216,0.952,0.88,1.0,0.0565,0.31,0.5,0.3,0.7,0.8,0.5365,93.5893,0.295,0.5249,0.3585,0.3109,19.0713
NCT03108495,"A Phase 2, Multicenter Study to Evaluate the Efficacy and Safety Using Autologous Tumor Infiltrating Lymphocytes (LN-145) in Patients With Recurrent, Metastatic or Persistent Cervical Carcinoma",TERMINATED,pembrolizumab,PDCD1,antibody,cervical cancer,True,2017.0,0,0,0,terminated+efficacy,1,1.0,0.3,0.2,0.25,0.3,0.4,0.25,0.3,0.017,0.0,1.0,0.0,0.5,,,,1,1,0,837.0,0.0007509342891278374,1.0,1.0,0.6,0.6553333333333333,0.05,0.36,0.7,9.0,0.45,0.18,0.45,0.5,0.5,-0.15,0.0,0.0,0.4,0.6,0.0,0.5,0.6,0.48,0.9,1.0,0.65,0.65,0.8,1,1.0,0.85,0.8,0.85,1.0,1.0,0.0,0.62,0.62,1.0,0.0,0.0,0.0,0.39,0.3,1.0,0.0085,0.1,0.5,0.3,0.7,0.8,0.42,84.1658,0.295,0.2031,0.28,0.2047,17.0707
NCT00517595,A Phase II Study of Pemetrexed and Gemcitabine Plus Bevacizumab as First Line Chemotherapy for Elderly Patients With Stage IIIB/IV Non-Small Cell Lung Cancer,COMPLETED,bevacizumab,VEGFA,antibody,nsclc,True,2007.0,0,0,0,completed+results+no_positive_signal,1,1.0,0.82,0.52,0.58,0.88,0.4,0.7,0.8,0.217,0.03,0.8640552995391704,0.0,0.75,,,,0,1,0,582.0,0.0006893024054982818,1.0,1.0,1.0,0.83255,0.3,1.0,0.7,30.0,1.0,0.6,0.7,1.0,1.0,-0.22,0.0,0.0,0.4,0.6,0.0,0.5,0.82,0.656,0.7,0.8,0.83,0.83,0.8,1,1.0,0.2,0.3,0.5,0.0,0.0,0.0,0.295,0.295,1.0,0.0,0.13824884792626727,0.09677419354838708,0.9279999999999999,0.82,0.8640552995391704,0.1235,0.26,0.5,0.3,0.7,0.8,0.8015,58.9039,0.295,0.5526,0.349,0.2887,12.2024
NCT02793544,"A Multi-Center, Phase II Trial of HLA-Mismatched Unrelated Donor Bone Marrow Transplantation With Post-Transplantation Cyclophosphamide for Patients With Hematologic Malignancies",COMPLETED,cyclophosphamide,DNA,small_molecule,leukemia,True,2016.0,0,0,0,completed+results+no_positive_signal,1,1.0,0.3,0.2,0.25,0.3,0.4,0.25,0.3,1.0,1.0,0.28779487613088695,0.0,0.3,,,,1,1,0,578.0,0.0007351176470588234,1.0,1.0,1.0,0.5889090909090909,0.05,0.28,0.7,10.0,0.5,0.2,0.2,0.0,0.0,0.0,0.0,0.0,0.4,0.6,0.0,0.5,0.4,0.32000000000000006,0.2,0.3,0.3,0.3,0.7,1,1.0,0.2,0.3,0.4,0.0,0.0,0.7372272727272728,0.0,0.7372272727272728,0.0,0.0,1.0,0.7,0.42,0.3,0.28779487613088695,1.0,0.1,0.5,0.3,0.7,0.8,0.1325,58.3158,0.295,0.514,0.28,0.7976,11.9503
NCT00219557,A RANDOMIZED PHASE 2 STUDY OF THE ANTI-ANGIOGENESIS AGENT AG-013736 IN COMBINATION WITH GEMCITABINE IN PATIENTS WITH CHEMOTHERAPY-NAIVE ADVANCED PANCREATIC CANCER PRECEDED BY A PHASE 1 PORTION,COMPLETED,gemcitabine,RRM1,small_molecule,pancreatic cancer,True,2005.0,0,0,0,completed+results+no_positive_signal,1,1.0,0.3,0.2,0.25,0.3,0.4,0.25,0.3,0.068,0.02,0.5147058823529411,0.0,0.47,,,,1,1,0,475.0,0.000819562105263158,0.95,1.0,1.0,0.5399499999999999,0.05,0.54,0.7,4.0,0.2,0.08,0.42,0.0,0.0,0.0,0.0,0.0,0.4,0.6,0.0,0.5,0.58,0.46399999999999997,0.6,0.7,0.62,0.62,0.7,1,1.0,0.2,0.3,0.4,0.0,0.0,0.8049875000000001,0.0,0.8049875000000001,0.0,0.0,0.29411764705882354,0.20588235294117646,0.24,0.3,0.5147058823529411,0.044000000000000004,0.1,0.5,0.3,0.7,0.8,0.1875,48.0085,0.295,0.1462,0.28,0.2378,9.7731
NCT00875667,"A Phase 2, Multicenter, Randomized Open-Label Study To Determine the Efficacy of Lenalidomide (Revlimid®) Versus Investigator's Choice in Patients With Relapsed or Refractory Mantle Cell Lymphoma",COMPLETED,lenalidomide,CRBN,small_molecule,lymphoma,False,2009.0,0,0,0,completed+results+no_positive_signal,1,1.0,0.3,0.2,0.25,0.3,0.4,0.25,0.3,0.04,0.02,1.0,0.0,0.4,,,,1,1,1,630.0,0.0008394936507936509,1.0,0.5,0.0,0.0,0.05,0.32,0.7,1.0,0.05,0.02,0.35,0.5,0.5,-0.55,1.0,1.0,0.4,0.6,0.0,0.5,0.55,0.44000000000000006,0.6,0.7,0.58,0.58,0.7,1,1.0,0.3,0.4,0.55,0.1,0.0,0.27,0.0,0.27,0.0,0.5,0.5,0.35,0.15,0.3,1.0,0.03,0.1,,,,,0.3965,63.2775,0.0,0.1015,0.28,0.4075,12.8577
NCT01340430,Neoadjuvant Therapy With FEC Followed by Weekly Paclitaxel and Concurrent Trastuzumab in Her2 Positive Non Operable Breast Cancer. Phase II Study.,COMPLETED,trastuzumab,ERBB2,antibody,breast cancer,True,2011.0,1,1,1,completed+positive_text+approved,1,1.0,0.95,0.88,0.85,0.98,0.4,0.8,0.92,1.0,1.0,0.44339622641509435,0.0,0.85,,,,0,1,0,739.0,0.0007936373477672532,1.0,0.5,0.3,0.7236666666666667,0.2,1.0,0.7,45.0,1.0,0.9,0.8,1.0,1.0,-0.71,1.0,1.0,0.4,0.6,0.0,0.5,0.9,0.7200000000000001,1.0,1.0,0.88,0.88,0.8,1,1.0,0.15,0.35,0.45,0.0,0.0,0.0,0.3075,0.3075,1.0,0.5,1.0,0.7,0.98,0.95,0.44339622641509435,1.0,0.44,0.5,0.3,0.7,0.8,0.9185,74.5055,0.295,0.824,0.386,0.8287,15.4658
NCT02429375,Phase IB/II Study of Mocetinostat (MGCD0103) Plus Brentuximab Vedotin (SGN-35) in Patients With Relapsed or Refractory Hodgkin Lymphoma,COMPLETED,brentuximab vedotin,TNFRSF8,adc,lymphoma,True,2015.0,1,1,1,completed+positive_text+results,1,1.0,0.3,0.2,0.25,0.3,0.4,0.25,0.3,0.024,0.02,1.0,0.0,0.35,,,,1,1,0,760.0,0.0007145223684210527,1.0,0.5,0.0,0.0,0.1,0.24,0.7,3.0,0.15,0.06,0.3,0.5,0.5,-0.21,0.0,0.0,0.4,0.6,0.0,0.5,0.48,0.384,0.5,0.6,0.5,0.5,0.85,1,1.0,0.35,0.45,0.7,0.2,0.0,0.0,0.37250000000000005,0.37250000000000005,1.0,0.5,0.8333333333333334,0.5833333333333334,0.21,0.3,1.0,0.022,0.1,0.5,0.3,0.7,0.8,0.3825,76.18,0.295,0.1361,0.28,0.5331,15.4837
NCT00473512,"A Phase I/II Open Label Study of the 17α-Hydroxylase/ C17,20 Lyase Inhibitor, Abiraterone Acetate in Patients With Prostate Cancer Who Have Failed Hormone Therapy",COMPLETED,abiraterone,CYP17A1,small_molecule,cancer nos,True,2005.0,0,0,0,completed+results+no_positive_signal,1,1.0,0.3,0.2,0.25,0.3,0.4,0.25,0.3,0.0,0.0,0.0,0.0,0.7,,,,1,1,0,682.0,0.0007660322580645161,1.0,1.0,1.0,0.6927,0.05,0.34,0.7,3.0,0.15,0.06,0.65,0.5,0.5,-0.71,1.0,1.0,0.4,0.6,0.0,0.5,0.62,0.496,0.8,0.9,0.77,0.77,0.7,1,1.0,0.1,0.15,0.25,0.0,0.0,0.883175,0.0,0.883175,0.0,0.0,0.0,0.0,0.21,0.3,0.0,0.0,0.1,0.5,0.3,0.7,0.8,0.466,68.8314,0.295,0.1195,0.28,0.0,13.9782
NCT00369681,"Rituximab and Combination Chemotherapy in Treating Patients With Newly Diagnosed Stage II, Stage III, or Stage IV Hodgkin's Lymphoma",COMPLETED,rituximab,MS4A1,antibody,lymphoma,True,2006.0,0,0,0,completed+results+no_positive_signal,1,1.0,0.88,0.65,0.7,0.92,0.4,0.68,0.85,0.028,0.0,0.7142857142857142,0.0,0.65,,,,0,1,0,525.0,0.0006596552380952381,1.0,0.5,0.0,0.0,0.05,0.44,0.7,11.0,0.55,0.22,0.6,0.5,0.5,-0.44,0.5,0.0,0.4,0.6,0.0,0.5,0.68,0.544,0.9,1.0,0.73,0.73,0.8,1,1.0,0.25,0.35,0.65,0.0,0.0,0.0,0.3075,0.3075,1.0,0.5,0.0,0.0,0.682,0.88,0.7142857142857142,0.014,0.325,0.5,0.3,0.7,0.8,0.589,52.8785,0.295,0.3606,0.3568,0.1506,10.8931
NCT02815995,A Phase II Multi-Arm Study to Test the Efficacy of Immunotherapeutic Agents in Multiple Sarcoma Subtypes,COMPLETED,durvalumab,CD274,antibody,cancer nos,True,2016.0,1,1,1,completed+positive_text+results,1,1.0,0.3,0.2,0.25,0.3,0.4,0.25,0.3,0.0,0.0,0.0,0.0,0.45,,,,1,1,0,929.0,0.0007426555435952638,1.0,1.0,1.0,0.688875,0.2,0.6,0.7,27.0,1.0,0.54,0.4,0.5,0.5,-0.18,0.0,0.0,0.4,0.6,0.0,0.5,0.58,0.46399999999999997,0.9,1.0,0.63,0.63,0.8,1,1.0,0.85,0.95,0.8,1.0,1.0,0.0,0.6575,0.6575,1.0,0.0,0.0,0.0,0.72,0.3,0.0,0.0,0.1,0.5,0.3,0.7,0.8,0.409,93.4383,0.295,0.379,0.28,0.0,18.9372
NCT00778830,"An Asia Pacific Non-randomized, Open-label Phase II Study Evaluating the Safety and Efficacy of FOLFIRI Plus Cetuximab (Erbitux) or FOLFOX Plus Cetuximab as First-line Therapy in Subjects With KRAS Wild-type Metastatic Colorectal Cancer (APEC-Study)",COMPLETED,cetuximab,EGFR,antibody,colorectal cancer,True,2009.0,0,0,0,completed+results+no_positive_signal,1,1.0,0.72,0.55,0.65,0.75,0.4,0.55,0.7,1.0,1.0,0.5960482985729967,0.0,0.9,,,,0,1,0,774.0,0.0007825607235142119,1.0,1.0,1.0,0.6139,0.1,1.0,0.7,56.0,1.0,1.0,0.85,1.0,1.0,-0.82,1.0,1.0,0.4,0.6,0.0,0.5,0.95,0.76,1.0,1.0,0.9,0.9,0.8,1,1.0,0.2,0.3,0.4,0.0,0.0,0.0,0.295,0.295,1.0,0.0,1.0,0.7,0.8879999999999999,0.72,0.5960482985729967,1.0,0.275,0.5,0.3,0.7,0.8,0.85,78.1316,0.295,0.7526,0.3362,0.8592,16.1552
NCT00372619,"A Phase I/II Study of CLOLAR® (Clofarabine, IND# 73, 789) in Combination With Cytarabine in Pediatric Patients With Refractory/Relapsed Leukemia",COMPLETED,methotrexate,DHFR,small_molecule,leukemia,True,2007.0,0,0,0,completed+results+no_positive_signal,1,1.0,0.3,0.2,0.25,0.3,0.4,0.25,0.3,0.178,0.01,0.14044943820224717,0.0,0.5,,,,1,1,0,445.0,0.0007931820224719102,0.89,1.0,1.0,0.7130500000000001,0.05,0.4,0.7,7.0,0.35,0.14,0.45,0.0,0.0,0.0,0.0,0.0,0.4,0.6,0.0,0.5,0.6,0.48,0.7,0.8,0.65,0.65,0.7,1,1.0,0.2,0.3,0.4,0.0,0.0,0.8682625,0.0,0.8682625,0.0,0.0,0.05617977528089888,0.03932584269662921,0.32999999999999996,0.3,0.14044943820224717,0.094,0.1,0.5,0.3,0.7,0.8,0.195,45.0345,0.295,0.2017,0.28,0.0997,9.1775
NCT00411671,A Phase II Study of Sorafenib (BAY 43-9006) in Chemorefractory Patients With Advanced Non-small Cell Lung Cancer (NSCLC),COMPLETED,sorafenib,BRAF,small_molecule,cancer nos,True,2006.0,0,0,0,completed+results+no_positive_signal,1,1.0,0.3,0.2,0.25,0.3,0.4,0.25,0.3,0.0,0.0,0.0,0.0,0.75,,,,1,1,0,689.0,0.0007610406386066763,1.0,1.0,1.0,0.5917499999999999,0.05,1.0,0.7,21.0,1.0,0.42,0.7,1.0,1.0,-0.63,1.0,1.0,0.4,0.6,0.0,0.5,0.82,0.656,0.9,1.0,0.85,0.85,0.7,1,1.0,0.4,0.4,0.55,0.0,0.0,0.8779375,0.0,0.8779375,0.0,0.0,0.0,0.0,0.72,0.3,0.0,0.0,0.1,0.5,0.3,0.7,0.8,0.705,69.5163,0.295,0.349,0.28,0.0,14.2208
NCT00887575,Phase I/II Trial of Neoadjuvant Sunitinib Administered With Weekly Paclitaxel/Carboplatin in Patients With Locally Advanced Triple-Negative Breast Cancer,COMPLETED,sunitinib,VEGFR2,small_molecule,breast cancer,True,2009.0,0,0,0,completed+results+no_positive_signal,1,1.0,0.3,0.2,0.25,0.3,0.4,0.25,0.3,0.649,0.32,0.6779661016949152,0.0,0.55,,,,1,1,0,606.0,0.0007355808580858086,1.0,0.5,0.0,0.0,0.2,1.0,0.7,7.0,0.35,0.14,0.5,0.5,0.5,-0.31,0.5,0.0,0.4,0.6,0.0,0.5,0.4,0.32000000000000006,0.9,1.0,0.3,0.3,0.7,1,1.0,0.2,0.3,0.4,0.0,0.0,0.33,0.0,0.33,0.0,0.5,0.4930662557781202,0.3451463790446841,0.32999999999999996,0.3,0.6779661016949152,0.48450000000000004,0.1,0.5,0.3,0.7,0.8,0.4125,60.835,0.295,0.3488,0.28,0.5304,12.4644
NCT00900757,Phase II Study to Evaluate the Efficacy and Safety of Intravenous Palonosetron in Primary Glioma Patients Receiving Standard Radiotherapy and Concomitant Temozolomide,COMPLETED,unmapped,UNKNOWN,unknown,cancer nos,True,2009.0,1,1,1,completed+positive_text+results,0,0.0,0.0,0.0,0.0,0.0,0.0,0.0,0.0,0.0,0.0,0.0,0.0,0.0,,,,1,1,0,0.0,0.0,0.0,0.0,0.0,0.0,0.0,0.0,0.0,0.0,0.0,0.0,0.0,0.0,0.0,0.0,0.0,0.0,0.4,0.5,0.0,0.5,0.0,0.0,0.0,0.0,0.0,0.0,0.3,0,0.0,0.2,0.3,0.4,0.0,0.0,0.0,0.0,0.0,0.0,1.0,0.0,0.0,0.0,0.0,0.0,0.0,0.0,0.5,0.3,0.7,0.8,0.0,0.0,0.295,0.0,0.22,0.0,0.0625
NCT00124657,A Phase I/II Trial of a New Tyrosine Kinase Inhibitor (Tarceva; Erlotinib Hydrochloride; OSI-774) During and After Radiotherapy in the Treatment of Patients With Newly Diagnosed High Grade Glioma and Unfavorable Low-Grade Glioma,COMPLETED,erlotinib,EGFR,small_molecule,cancer nos,True,2005.0,0,0,0,completed+results+no_positive_signal,1,1.0,0.3,0.2,0.25,0.3,0.4,0.25,0.3,0.001,0.0,0.0,0.0,0.9,,,,1,1,0,774.0,0.0007825607235142119,1.0,1.0,1.0,0.6139,0.1,1.0,0.7,56.0,1.0,1.0,0.85,1.0,1.0,-0.82,1.0,1.0,0.4,0.6,0.0,0.5,0.95,0.76,1.0,1.0,0.9,0.9,0.7,1,1.0,0.2,0.3,0.4,0.0,0.0,0.903475,0.0,0.903475,0.0,0.0,0.0,0.0,0.72,0.3,0.0,0.0005,0.1,0.5,0.3,0.7,0.8,0.7375,78.0221,0.295,0.3591,0.28,0.0003,15.9321
NCT00711828,"A Phase 2 Clinical Trial of Rituximab, Cyclophosphamide, Bortezomib (VELCADE), and Dexamethasone (R-CYBOR-D) in Relapsed Low Grade and Mantle Cell Lymphoma",COMPLETED,rituximab,MS4A1,antibody,lymphoma,True,2008.0,0,0,0,completed+results+no_positive_signal,1,1.0,0.88,0.65,0.7,0.92,0.4,0.68,0.85,0.028,0.0,0.7142857142857142,0.0,0.65,,,,0,1,0,525.0,0.0006596552380952381,1.0,0.5,0.0,0.0,0.05,0.44,0.7,11.0,0.55,0.22,0.6,0.5,0.5,-0.44,0.5,0.0,0.4,0.6,0.0,0.5,0.68,0.544,0.9,1.0,0.73,0.73,0.8,1,1.0,0.25,0.35,0.65,0.0,0.0,0.0,0.3075,0.3075,1.0,0.5,0.0,0.0,0.682,0.88,0.7142857142857142,0.014,0.325,0.5,0.3,0.7,0.8,0.589,52.8785,0.295,0.3606,0.3568,0.1506,10.8931
NCT00113230,"Phase II Trial Of Neoadjuvant Concurrent Capecitabine, RHUMAB VEGF (Avastin) And Radiotherapy In Patients Presenting With Locally Advanced Rectal Cancer",COMPLETED,bevacizumab,VEGFA,antibody,colorectal cancer,True,2005.0,1,1,1,completed+positive_text+results,1,1.0,0.85,0.55,0.6,0.9,0.4,0.72,0.82,0.535,0.28,0.7102803738317757,0.0,0.75,,,,0,1,0,582.0,0.0006893024054982818,1.0,1.0,1.0,0.83255,0.3,1.0,0.7,30.0,1.0,0.6,0.7,1.0,1.0,-0.22,0.0,0.0,0.4,0.6,0.0,0.5,0.82,0.656,0.7,0.8,0.83,0.83,0.8,1,1.0,0.2,0.3,0.5,0.0,0.0,0.0,0.295,0.295,1.0,0.0,0.5233644859813085,0.3663551401869159,0.94,0.85,0.7102803738317757,0.40750000000000003,0.275,0.5,0.3,0.7,0.8,0.809,58.9099,0.295,0.6432,0.3533,0.5143,12.2468
NCT01091428,"Randomized Phase 2 Study of MLN8237, an Aurora A Kinase Inhibitor, Plus Weekly Paclitaxel or Weekly Paclitaxel Alone in Patients With Recurrent Epithelial Ovarian, Fallopian Tube, or Primary Peritoneal Cancer, Preceded by a Phase 1 Portion in Patients With Ovarian or Breast Cancer",COMPLETED,paclitaxel,TUBB,small_molecule,ovarian cancer,True,2010.0,0,0,0,completed+results+no_positive_signal,1,1.0,0.3,0.2,0.25,0.3,0.4,0.25,0.3,0.009,0.0,1.0,0.0,0.43,,,,1,1,0,715.0,0.000807165034965035,1.0,1.0,1.0,0.5950000000000001,0.05,0.7,0.7,17.0,0.85,0.34,0.38,0.0,0.0,0.0,0.0,0.0,0.0,0.0,0.0,0.0,0.55,0.44000000000000006,0.6,0.7,0.59,0.59,0.7,1,1.0,0.2,0.3,0.4,0.0,0.0,0.8187500000000001,0.0,0.8187500000000001,0.0,0.0,0.0,0.0,0.63,0.3,1.0,0.0045,0.1,0.5,0.3,0.7,0.8,0.178,72.0168,0.295,0.3099,0.04,0.2025,14.5656
NCT00545792,A Pilot Study Evaluating The Safety Of Avastin And Pelvic Radiation In Women With Pelvic-Confined Recurrence of Gynecological Cancers,COMPLETED,avastin,VEGFA,antibody,endometrial cancer,True,2007.0,0,0,0,completed+results+no_positive_signal,1,1.0,0.3,0.2,0.25,0.3,0.4,0.25,0.3,0.066,0.03,0.6818181818181818,0.0,0.75,,,,1,1,0,582.0,0.0006893024054982818,1.0,1.0,1.0,0.83255,0.3,1.0,0.7,30.0,1.0,0.6,0.7,1.0,1.0,-0.22,0.0,0.0,0.4,0.6,0.0,0.5,0.82,0.656,0.7,0.8,0.83,0.83,0.8,1,1.0,0.2,0.3,0.5,0.0,0.0,0.0,0.295,0.295,1.0,0.0,0.45454545454545453,0.3181818181818182,0.72,0.3,0.6818181818181818,0.048,0.1,0.5,0.3,0.7,0.8,0.704,58.7649,0.295,0.4134,0.28,0.334,12.1166
NCT02008539,Treatment of Advanced Gastrointestinal Cancer in a Phase I/II Trial With Modified Autologous MSC_apceth_101,TERMINATED,unmapped,UNKNOWN,unknown,cancer nos,False,2013.0,0,0,0,terminated+negative_text,0,0.0,0.0,0.0,0.0,0.0,0.0,0.0,0.0,0.0,0.0,0.0,0.0,0.0,,,,1,1,1,0.0,0.0,0.0,0.0,0.0,0.0,0.0,0.0,0.0,0.0,0.0,0.0,0.0,0.0,0.0,0.0,0.0,0.0,0.4,0.5,0.0,0.5,0.0,0.0,0.0,0.0,0.0,0.0,0.3,0,0.0,0.2,0.3,0.4,0.0,0.0,0.0,0.0,0.0,0.0,1.0,0.0,0.0,0.0,0.0,0.0,0.0,0.0,,,,,0.0,0.0,0.0,0.0,0.22,0.0,0.033
NCT03093428,"A Randomized, Phase II Study Evaluating the Addition of Pembrolizumab (MK-3475) to Radium-223 in Metastatic Castration Resistant Prostate Cancer (mCRPC)",COMPLETED,pembrolizumab,PDCD1,antibody,prostate cancer,True,2017.0,0,0,0,completed+results+no_positive_signal,1,1.0,0.3,0.2,0.25,0.3,0.4,0.25,0.3,0.009,0.0,1.0,0.0,0.5,,,,1,1,0,837.0,0.0007509342891278374,1.0,1.0,0.6,0.6553333333333333,0.05,0.36,0.7,9.0,0.45,0.18,0.45,0.5,0.5,-0.15,0.0,0.0,0.4,0.6,0.0,0.5,0.6,0.48,0.9,1.0,0.65,0.65,0.8,1,1.0,0.85,0.8,0.85,1.0,1.0,0.0,0.62,0.62,1.0,0.0,0.0,0.0,0.39,0.3,1.0,0.0045,0.1,0.5,0.3,0.7,0.8,0.42,84.1658,0.295,0.2019,0.28,0.2025,17.0703
NCT01203267,Phase 2 Study of Weekly Paclitaxel Plus Carboplatin in Preoperative Treatment of Breast Cancer Patients,COMPLETED,carboplatin,DNA,small_molecule,breast cancer,True,2007.0,1,1,1,completed+positive_text+approved,1,1.0,0.3,0.2,0.25,0.3,0.4,0.25,0.3,1.0,1.0,0.5224914169787764,0.0,0.3,,,,1,1,0,578.0,0.0007351176470588234,1.0,1.0,1.0,0.5889090909090909,0.05,0.28,0.7,10.0,0.5,0.2,0.2,0.0,0.0,0.0,0.0,0.0,0.4,0.6,0.0,0.5,0.4,0.32000000000000006,0.2,0.3,0.3,0.3,0.7,1,1.0,0.2,0.3,0.4,0.0,0.0,0.7372272727272728,0.0,0.7372272727272728,0.0,0.0,1.0,0.7,0.42,0.3,0.5224914169787764,1.0,0.1,0.5,0.3,0.7,0.8,0.1325,58.3158,0.295,0.514,0.28,0.8445,11.955
NCT00493467,Phase II Study of Zevalin for the Treatment of Early-Stage Indolent Lymphomas,COMPLETED,rituximab,MS4A1,antibody,lymphoma,True,2006.0,0,0,0,completed+results+no_positive_signal,1,1.0,0.88,0.65,0.7,0.92,0.4,0.68,0.85,0.028,0.0,0.7142857142857142,0.0,0.65,,,,0,1,0,525.0,0.0006596552380952381,1.0,0.5,0.0,0.0,0.05,0.44,0.7,11.0,0.55,0.22,0.6,0.5,0.5,-0.44,0.5,0.0,0.4,0.6,0.0,0.5,0.68,0.544,0.9,1.0,0.73,0.73,0.8,1,1.0,0.25,0.35,0.65,0.0,0.0,0.0,0.3075,0.3075,1.0,0.5,0.0,0.0,0.682,0.88,0.7142857142857142,0.014,0.325,0.5,0.3,0.7,0.8,0.589,52.8785,0.295,0.3606,0.3568,0.1506,10.8931
NCT01397825,"A Multicenter, Phase 1-2 Study of MLN8237, an Oral Aurora A Kinase Inhibitor, in Patients With Relapsed or Refractory Aggressive B-Cell Lymphoma Treated With Rituximab and Vincristine",COMPLETED,rituximab,MS4A1,antibody,lymphoma,True,2011.0,0,0,0,completed+results+no_positive_signal,1,1.0,0.88,0.65,0.7,0.92,0.4,0.68,0.85,0.028,0.0,0.7142857142857142,0.0,0.65,,,,0,1,0,525.0,0.0006596552380952381,1.0,0.5,0.0,0.0,0.05,0.44,0.7,11.0,0.55,0.22,0.6,0.5,0.5,-0.44,0.5,0.0,0.4,0.6,0.0,0.5,0.68,0.544,0.9,1.0,0.73,0.73,0.8,1,1.0,0.25,0.35,0.65,0.0,0.0,0.0,0.3075,0.3075,1.0,0.5,0.0,0.0,0.682,0.88,0.7142857142857142,0.014,0.325,0.5,0.3,0.7,0.8,0.589,52.8785,0.295,0.3606,0.3568,0.1506,10.8931
NCT04009876,"Phase II, Multicenter, Open-label, Non-randomized Study of Neoadjuvant Chemotherapy NALIRINOX (5-FU/LV + Oxaliplatin + Nal-IRI) Followed by Chemoradiotherapy in Patients With Rectal Cancer in a Watch-and-wait Program",COMPLETED,oxaliplatin,DNA,small_molecule,colorectal cancer,True,2019.0,1,1,1,completed+positive_text+approved,1,1.0,0.3,0.2,0.25,0.3,0.4,0.25,0.3,1.0,1.0,0.6099772436353292,0.0,0.3,,,,1,1,0,578.0,0.0007351176470588234,1.0,1.0,1.0,0.5889090909090909,0.05,0.28,0.7,10.0,0.5,0.2,0.2,0.0,0.0,0.0,0.0,0.0,0.4,0.6,0.0,0.5,0.4,0.32000000000000006,0.2,0.3,0.3,0.3,0.7,1,1.0,0.2,0.3,0.4,0.0,0.0,0.7372272727272728,0.0,0.7372272727272728,0.0,0.0,1.0,0.7,0.42,0.3,0.6099772436353292,1.0,0.1,0.5,0.3,0.7,0.8,0.1325,58.3158,0.295,0.514,0.28,0.862,11.9568
NCT02389517,Phase II Randomized Trial of Continuation of Post-Transplant Maintenance With Single-Agent Lenalidomide vs. Consolidation/Maintenance With Ixazomib-Lenalidomide-Dexamethasone in Patients With Residual Myeloma,COMPLETED,lenalidomide,CRBN,small_molecule,multiple myeloma,True,2015.0,0,0,0,completed+results+no_positive_signal,1,1.0,0.3,0.2,0.25,0.3,0.4,0.25,0.3,0.2,0.05,0.875,0.0,0.4,,,,1,1,0,630.0,0.0008394936507936509,1.0,0.5,0.0,0.0,0.05,0.32,0.7,1.0,0.05,0.02,0.35,0.5,0.5,-0.55,1.0,1.0,0.4,0.6,0.0,0.5,0.55,0.44000000000000006,0.6,0.7,0.58,0.58,0.7,1,1.0,0.3,0.4,0.55,0.1,0.0,0.27,0.0,0.27,0.0,0.5,0.25,0.175,0.15,0.3,0.875,0.125,0.1,0.5,0.3,0.7,0.8,0.3965,63.2775,0.295,0.13,0.28,0.3313,12.8853
NCT01131078,"A Randomized, Open-label Study Comparing the Effect of 3 Chemotherapy Regimens Containing Avastin on Time to Disease Progression in Patients With Metastatic Colorectal Cancer",COMPLETED,bevacizumab,VEGFA,antibody,colorectal cancer,True,2005.0,0,0,0,completed+results+no_positive_signal,1,1.0,0.85,0.55,0.6,0.9,0.4,0.72,0.82,0.535,0.28,0.7102803738317757,0.0,0.75,,,,0,1,0,582.0,0.0006893024054982818,1.0,1.0,1.0,0.83255,0.3,1.0,0.7,30.0,1.0,0.6,0.7,1.0,1.0,-0.22,0.0,0.0,0.4,0.6,0.0,0.5,0.82,0.656,0.7,0.8,0.83,0.83,0.8,1,1.0,0.2,0.3,0.5,0.0,0.0,0.0,0.295,0.295,1.0,0.0,0.5233644859813085,0.3663551401869159,0.94,0.85,0.7102803738317757,0.40750000000000003,0.275,0.5,0.3,0.7,0.8,0.809,58.9099,0.295,0.6432,0.3533,0.5143,12.2468
NCT00468585,"A Multicenter, Phase I/II Study of Every Other Week Capecitabine Dosing With Bevacizumab for the Treatment of Metastatic Breast Cancer Based Upon the Norton-Simon Mathematical Model",COMPLETED,bevacizumab,VEGFA,antibody,breast cancer,True,2005.0,1,1,1,completed+positive_text+results,1,1.0,0.3,0.2,0.25,0.3,0.4,0.25,0.3,0.637,0.31,0.6632653061224489,0.0,0.75,,,,1,1,0,582.0,0.0006893024054982818,1.0,1.0,1.0,0.83255,0.3,1.0,0.7,30.0,1.0,0.6,0.7,1.0,1.0,-0.22,0.0,0.0,0.4,0.6,0.0,0.5,0.82,0.656,0.7,0.8,0.83,0.83,0.8,1,1.0,0.2,0.3,0.5,0.0,0.0,0.0,0.295,0.295,1.0,0.0,0.4866562009419152,0.3406593406593406,0.72,0.3,0.6632653061224489,0.47350000000000003,0.1,0.5,0.3,0.7,0.8,0.704,58.7649,0.295,0.5411,0.28,0.5209,12.1608
NCT02399085,"A Phase II, Single-Arm, Open-Label, Multicentre Study to Evaluate the Safety and Efficacy of Lenalidomide Combined With MOR00208 in Patients With Relapsed or Refractory Diffuse Large B-Cell Lymphoma (R-R DLBCL)",COMPLETED,lenalidomide,CRBN,small_molecule,lymphoma,True,2016.0,0,0,0,completed+results+no_positive_signal,1,1.0,0.3,0.2,0.25,0.3,0.4,0.25,0.3,0.04,0.02,1.0,0.0,0.4,,,,1,1,0,630.0,0.0008394936507936509,1.0,0.5,0.0,0.0,0.05,0.32,0.7,1.0,0.05,0.02,0.35,0.5,0.5,-0.55,1.0,1.0,0.4,0.6,0.0,0.5,0.55,0.44000000000000006,0.6,0.7,0.58,0.58,0.7,1,1.0,0.3,0.4,0.55,0.1,0.0,0.27,0.0,0.27,0.0,0.5,0.5,0.35,0.15,0.3,1.0,0.03,0.1,0.5,0.3,0.7,0.8,0.3965,63.2775,0.295,0.1015,0.28,0.4075,12.8872
NCT00737243,A Phase II Study of Chemotherapy Treatment Based on Molecular Profiling Diagnosis for Patients With Carcinoma of Unknown Primary Site,COMPLETED,erlotinib,EGFR,small_molecule,cancer nos,True,2008.0,0,0,0,completed+results+no_positive_signal,1,1.0,0.3,0.2,0.25,0.3,0.4,0.25,0.3,0.001,0.0,0.0,0.0,0.9,,,,1,1,0,774.0,0.0007825607235142119,1.0,1.0,1.0,0.6139,0.1,1.0,0.7,56.0,1.0,1.0,0.85,1.0,1.0,-0.82,1.0,1.0,0.4,0.6,0.0,0.5,0.95,0.76,1.0,1.0,0.9,0.9,0.7,1,1.0,0.2,0.3,0.4,0.0,0.0,0.903475,0.0,0.903475,0.0,0.0,0.0,0.0,0.72,0.3,0.0,0.0005,0.1,0.5,0.3,0.7,0.8,0.7375,78.0221,0.295,0.3591,0.28,0.0003,15.9321
NCT00201240,"A Phase 2 Single Arm Trial of HLA-Matched Transplants, CD34+ Enriched, T-Cell Depleted Peripheral Blood Stem Cells Isolated by CliniMACS System in the Treatment of Patients With AML in 1st or 2nd Morphologic Complete Remission (BMTCTN0303)",COMPLETED,unmapped,UNKNOWN,unknown,leukemia,True,2005.0,1,1,1,completed+positive_text+results,0,0.0,0.0,0.0,0.0,0.0,0.0,0.0,0.0,0.0,0.0,0.0,0.0,0.0,,,,1,1,0,0.0,0.0,0.0,0.0,0.0,0.0,0.0,0.0,0.0,0.0,0.0,0.0,0.0,0.0,0.0,0.0,0.0,0.0,0.4,0.5,0.0,0.5,0.0,0.0,0.0,0.0,0.0,0.0,0.3,0,0.0,0.2,0.3,0.4,0.0,0.0,0.0,0.0,0.0,0.0,1.0,0.0,0.0,0.0,0.0,0.0,0.0,0.0,0.5,0.3,0.7,0.8,0.0,0.0,0.295,0.0,0.22,0.0,0.0625
NCT01232452,"An Open-label, Multicenter, Randomized Phase 2 Study Evaluating the Safety and Efficacy of Cisplatin and Pemetrexed With or Without Cixutumumab as First-Line Therapy in Patients With Advanced Nonsquamous Non-Small Cell Lung Carcinoma",COMPLETED,cisplatin,DNA,small_molecule,cancer nos,True,2011.0,1,1,1,completed+positive_text+results,1,1.0,0.3,0.2,0.25,0.3,0.4,0.25,0.3,0.0,0.0,0.0,0.0,0.3,,,,1,1,0,578.0,0.0007351176470588234,1.0,1.0,1.0,0.5889090909090909,0.05,0.28,0.7,10.0,0.5,0.2,0.2,0.0,0.0,0.0,0.0,0.0,0.4,0.6,0.0,0.5,0.4,0.32000000000000006,0.2,0.3,0.3,0.3,0.7,1,1.0,0.2,0.3,0.4,0.0,0.0,0.7372272727272728,0.0,0.7372272727272728,0.0,0.0,0.0,0.0,0.42,0.3,0.0,0.0,0.1,0.5,0.3,0.7,0.8,0.1325,58.3158,0.295,0.214,0.28,0.0,11.8106
NCT00862784,"An Open Label, Multicenter, Phase 2 Study Evaluating the Safety and Efficacy of IMC-1121B in Combination With 5-FU/FA and Oxaliplatin (Modified FOLFOX-6) as First-line Therapy in Patients With Metastatic Colorectal Cancer",COMPLETED,ramucirumab,KDR,antibody,colorectal cancer,True,2009.0,0,0,0,completed+results+no_positive_signal,1,1.0,0.3,0.2,0.25,0.3,0.4,0.25,0.3,0.067,0.05,0.4104477611940298,0.0,0.6,,,,1,1,0,606.0,0.0007355808580858086,1.0,1.0,0.7,0.5514285714285714,0.2,1.0,0.7,7.0,0.35,0.14,0.55,0.0,0.0,0.0,0.0,0.0,0.4,0.6,0.0,0.5,0.72,0.576,0.8,0.9,0.71,0.71,0.8,1,1.0,0.2,0.3,0.5,0.0,0.0,0.0,0.295,0.295,1.0,0.0,0.746268656716418,0.5223880597014925,0.32999999999999996,0.3,0.4104477611940298,0.0585,0.1,0.5,0.3,0.7,0.8,0.218,61.0727,0.295,0.221,0.28,0.3953,12.4243
NCT00457743,A Phase I/II Study of Sunitinib Malate (SU011248) In The Treatment of Patients With Malignant Gastrointestinal Stromal Tumor (GIST) Previously Treated by Imatinib Mesylate.,COMPLETED,sunitinib,VEGFR2,small_molecule,cancer nos,False,2005.0,0,0,0,completed+results+no_positive_signal,1,1.0,0.3,0.2,0.25,0.3,0.4,0.25,0.3,0.0,0.0,0.0,0.0,0.55,,,,1,1,1,606.0,0.0007355808580858086,1.0,0.5,0.0,0.0,0.2,1.0,0.7,7.0,0.35,0.14,0.5,0.5,0.5,-0.31,0.5,0.0,0.4,0.6,0.0,0.5,0.4,0.32000000000000006,0.9,1.0,0.3,0.3,0.7,1,1.0,0.2,0.3,0.4,0.0,0.0,0.33,0.0,0.33,0.0,0.5,0.0,0.0,0.32999999999999996,0.3,0.0,0.0,0.1,,,,,0.4125,60.835,0.0,0.2035,0.28,0.0,12.3528
NCT00815308,An Open-labeled Study to Evaluate Efficacy of Combining Erbitux Plus Concurrent Chemo-radiotherapy in Locally Advanced Esophageal Squamous Cell Carcinoma (ESCC),COMPLETED,cetuximab,EGFR,antibody,cancer nos,True,2009.0,0,0,0,completed+results+no_positive_signal,1,1.0,0.3,0.2,0.25,0.3,0.4,0.25,0.3,0.001,0.0,0.0,0.0,0.9,,,,1,1,0,774.0,0.0007825607235142119,1.0,1.0,1.0,0.6139,0.1,1.0,0.7,56.0,1.0,1.0,0.85,1.0,1.0,-0.82,1.0,1.0,0.4,0.6,0.0,0.5,0.95,0.76,1.0,1.0,0.9,0.9,0.8,1,1.0,0.2,0.3,0.4,0.0,0.0,0.0,0.295,0.295,1.0,0.0,0.0,0.0,0.72,0.3,0.0,0.0005,0.1,0.5,0.3,0.7,0.8,0.7375,78.0221,0.295,0.3591,0.28,0.0003,15.9321
NCT00244985,A Phase I/II Pilot Study of the Safety and Efficacy of Rituxan (Chimeric Anti-CD20 Antibody) in Combination With Doxil (Liposomal Doxorubicin) Chemotherapy in Patients With Relapsing or Refractory Indolent or Aggressive B-Cell Lymphoma,COMPLETED,rituximab,MS4A1,antibody,lymphoma,True,2005.0,0,0,0,completed+results+no_positive_signal,1,1.0,0.88,0.65,0.7,0.92,0.4,0.68,0.85,0.028,0.0,0.7142857142857142,0.0,0.65,,,,0,1,0,525.0,0.0006596552380952381,1.0,0.5,0.0,0.0,0.05,0.44,0.7,11.0,0.55,0.22,0.6,0.5,0.5,-0.44,0.5,0.0,0.4,0.6,0.0,0.5,0.68,0.544,0.9,1.0,0.73,0.73,0.8,1,1.0,0.25,0.35,0.65,0.0,0.0,0.0,0.3075,0.3075,1.0,0.5,0.0,0.0,0.682,0.88,0.7142857142857142,0.014,0.325,0.5,0.3,0.7,0.8,0.589,52.8785,0.295,0.3606,0.3568,0.1506,10.8931
NCT01111825,A Phase I/II Trial of Temsirolimus Plus Neratinib for Patients With Metastatic HER2-Amplified or Triple Negative Breast Cancer,COMPLETED,neratinib,ERBB2,small_molecule,breast cancer,True,2010.0,0,0,0,completed+results+no_positive_signal,1,1.0,0.95,0.88,0.85,0.98,0.4,0.8,0.92,1.0,1.0,0.44339622641509435,0.0,0.85,,,,0,1,0,739.0,0.0007936373477672532,1.0,0.5,0.3,0.7236666666666667,0.2,1.0,0.7,45.0,1.0,0.9,0.8,1.0,1.0,-0.71,1.0,1.0,0.4,0.6,0.0,0.5,0.9,0.7200000000000001,1.0,1.0,0.88,0.88,0.7,1,1.0,0.15,0.35,0.45,0.0,0.0,0.0,0.3075,0.3075,1.0,0.5,1.0,0.7,0.98,0.95,0.44339622641509435,1.0,0.44,0.5,0.3,0.7,0.8,0.9185,74.5055,0.295,0.824,0.386,0.8287,15.4658
NCT04347226,A Randomized Phase 2 Study of Anti-IL-8 Therapy Versus Standard of Care in the Treatment of Hospitalized Patients With Severe COVID-19,TERMINATED,unmapped,UNKNOWN,unknown,solid tumors,True,2020.0,0,0,0,terminated+efficacy,0,0.0,0.0,0.0,0.0,0.0,0.0,0.0,0.0,0.0,0.0,0.0,0.0,0.0,,,,1,1,0,0.0,0.0,0.0,0.0,0.0,0.0,0.0,0.0,0.0,0.0,0.0,0.0,0.0,0.0,0.0,0.0,0.0,0.0,0.4,0.5,0.0,0.5,0.0,0.0,0.0,0.0,0.0,0.0,0.3,0,0.0,0.2,0.3,0.4,0.0,0.0,0.0,0.0,0.0,0.0,1.0,0.0,0.0,0.0,0.0,0.0,0.0,0.0,0.5,0.3,0.7,0.8,0.0,0.0,0.295,0.0,0.22,0.0,0.0625
NCT01781026,"A Phase 2 Study of Neoadjuvant Vemurafenib in Melanoma Patients With Untreated Brain Metastases, Whose Tumors Harbor B-raf Mutations",COMPLETED,vemurafenib,BRAF,small_molecule,melanoma,True,2013.0,0,0,0,completed+results+no_positive_signal,1,1.0,0.95,0.9,0.88,0.95,0.4,0.72,0.9,1.0,1.0,0.657185628742515,0.0,0.75,,,,0,1,0,689.0,0.0007610406386066763,1.0,1.0,1.0,0.5917499999999999,0.05,1.0,0.7,21.0,1.0,0.42,0.7,1.0,1.0,-0.63,1.0,1.0,0.4,0.6,0.0,0.5,0.82,0.656,0.9,1.0,0.85,0.85,0.7,1,1.0,0.4,0.4,0.55,0.0,0.0,0.8779375,0.0,0.8779375,0.0,0.0,1.0,0.7,0.98,0.95,0.657185628742515,1.0,0.45,0.5,0.3,0.7,0.8,0.9045,69.6788,0.295,0.791,0.3795,0.8714,14.4936
NCT03565835,Abiraterone With Discontinuation of Gonadotropin-Releasing Hormone Analogues in Metastatic Prostate Cancer,COMPLETED,abiraterone,CYP17A1,small_molecule,cancer nos,True,2018.0,0,0,0,completed+results+no_positive_signal,1,1.0,0.3,0.2,0.25,0.3,0.4,0.25,0.3,0.0,0.0,0.0,0.0,0.7,,,,1,1,0,682.0,0.0007660322580645161,1.0,1.0,1.0,0.6927,0.05,0.34,0.7,3.0,0.15,0.06,0.65,0.5,0.5,-0.71,1.0,1.0,0.4,0.6,0.0,0.5,0.62,0.496,0.8,0.9,0.77,0.77,0.7,1,1.0,0.1,0.15,0.25,0.0,0.0,0.883175,0.0,0.883175,0.0,0.0,0.0,0.0,0.21,0.3,0.0,0.0,0.1,0.5,0.3,0.7,0.8,0.466,68.8314,0.295,0.1195,0.28,0.0,13.9782
NCT00288015,An Open Label Multicenter Phase II Study of Bevacizumab for the Treatment of Angiosarcoma,COMPLETED,bevacizumab,VEGFA,antibody,cancer nos,True,2005.0,0,0,0,completed+results+no_positive_signal,1,1.0,0.3,0.2,0.25,0.3,0.4,0.25,0.3,0.0,0.0,0.0,0.0,0.75,,,,1,1,0,582.0,0.0006893024054982818,1.0,1.0,1.0,0.83255,0.3,1.0,0.7,30.0,1.0,0.6,0.7,1.0,1.0,-0.22,0.0,0.0,0.4,0.6,0.0,0.5,0.82,0.656,0.7,0.8,0.83,0.83,0.8,1,1.0,0.2,0.3,0.5,0.0,0.0,0.0,0.295,0.295,1.0,0.0,0.0,0.0,0.72,0.3,0.0,0.0,0.1,0.5,0.3,0.7,0.8,0.704,58.7649,0.295,0.399,0.28,0.0,12.0803
NCT01698879,"Treatment of de Novo Acute Myeloid Leukemia With the Combination of Idarubicin, Cytarabine, and Gemtuzumab Ozogamicin (Mylotarg ®), Associated or Not Priming With G-CSF. Prospective Study of Efficacy and Toxicity",COMPLETED,unmapped,UNKNOWN,unknown,leukemia,True,2009.0,1,1,1,completed+positive_text+results,0,0.0,0.0,0.0,0.0,0.0,0.0,0.0,0.0,0.0,0.0,0.0,0.0,0.0,,,,1,1,0,0.0,0.0,0.0,0.0,0.0,0.0,0.0,0.0,0.0,0.0,0.0,0.0,0.0,0.0,0.0,0.0,0.0,0.0,0.4,0.5,0.0,0.5,0.0,0.0,0.0,0.0,0.0,0.0,0.3,0,0.0,0.2,0.3,0.4,0.0,0.0,0.0,0.0,0.0,0.0,1.0,0.0,0.0,0.0,0.0,0.0,0.0,0.0,0.5,0.3,0.7,0.8,0.0,0.0,0.295,0.0,0.22,0.0,0.0625
NCT00959647,"An Open-Label, Multicenter Extension Study of GDC-0449 (Hedgehog Pathway Inhibitor) in Patients Treated With GDC-0449 in a Previous Genentech-sponsored Phase I or Phase II Cancer Study",COMPLETED,bevacizumab,VEGFA,antibody,colorectal cancer,True,2009.0,0,0,0,completed+results+no_positive_signal,1,1.0,0.85,0.55,0.6,0.9,0.4,0.72,0.82,0.535,0.28,0.7102803738317757,0.0,0.75,,,,0,1,0,582.0,0.0006893024054982818,1.0,1.0,1.0,0.83255,0.3,1.0,0.7,30.0,1.0,0.6,0.7,1.0,1.0,-0.22,0.0,0.0,0.4,0.6,0.0,0.5,0.82,0.656,0.7,0.8,0.83,0.83,0.8,1,1.0,0.2,0.3,0.5,0.0,0.0,0.0,0.295,0.295,1.0,0.0,0.5233644859813085,0.3663551401869159,0.94,0.85,0.7102803738317757,0.40750000000000003,0.275,0.5,0.3,0.7,0.8,0.809,58.9099,0.295,0.6432,0.3533,0.5143,12.2468
NCT01313078,"Phase II Study of Clinical Activity of Pegaspargase in Women With Relapsed or Refractory Epithelial Ovarian Cancer, Fallopian Tube Cancer, and/or Primary Peritoneal Cancer",COMPLETED,unmapped,UNKNOWN,unknown,ovarian cancer,True,2010.0,1,1,1,completed+positive_text+results,0,0.0,0.0,0.0,0.0,0.0,0.0,0.0,0.0,0.0,0.0,0.0,0.0,0.0,,,,1,1,0,0.0,0.0,0.0,0.0,0.0,0.0,0.0,0.0,0.0,0.0,0.0,0.0,0.0,0.0,0.0,0.0,0.0,0.0,0.4,0.5,0.0,0.5,0.0,0.0,0.0,0.0,0.0,0.0,0.3,0,0.0,0.2,0.3,0.4,0.0,0.0,0.0,0.0,0.0,0.0,1.0,0.0,0.0,0.0,0.0,0.0,0.0,0.0,0.5,0.3,0.7,0.8,0.0,0.0,0.295,0.0,0.22,0.0,0.0625
NCT01004250,"A Single-Arm, Phase 2 Trial of Pemetrexed, Cisplatin,and Bevacizumab as Induction, Followed by Pemetrexed and Bevacizumab as Maintenance, in First-Line Treatment of Nonsquamous Advanced NSCLC",COMPLETED,bevacizumab,VEGFA,antibody,nsclc,True,2009.0,0,0,0,completed+results+no_positive_signal,1,1.0,0.82,0.52,0.58,0.88,0.4,0.7,0.8,0.217,0.03,0.8640552995391704,0.0,0.75,,,,0,1,0,582.0,0.0006893024054982818,1.0,1.0,1.0,0.83255,0.3,1.0,0.7,30.0,1.0,0.6,0.7,1.0,1.0,-0.22,0.0,0.0,0.4,0.6,0.0,0.5,0.82,0.656,0.7,0.8,0.83,0.83,0.8,1,1.0,0.2,0.3,0.5,0.0,0.0,0.0,0.295,0.295,1.0,0.0,0.13824884792626727,0.09677419354838708,0.9279999999999999,0.82,0.8640552995391704,0.1235,0.26,0.5,0.3,0.7,0.8,0.8015,58.9039,0.295,0.5526,0.349,0.2887,12.2024
NCT00986674,"Three-Arm Randomized Phase II Study of Carboplatin and Paclitaxel in Combination With Cetuximab, IMC-A12 or Both in Patients With Advanced Non-Small Cell Lung Cancer Who Will Not Receive Bevacizumab-Based Therapy",COMPLETED,cetuximab,EGFR,antibody,nsclc,True,2009.0,0,0,0,completed+results+no_positive_signal,1,1.0,0.92,0.85,0.8,0.95,0.4,0.75,0.9,1.0,1.0,0.8166677488474774,0.0,0.9,,,,0,1,0,774.0,0.0007825607235142119,1.0,1.0,1.0,0.6139,0.1,1.0,0.7,56.0,1.0,1.0,0.85,1.0,1.0,-0.82,1.0,1.0,0.4,0.6,0.0,0.5,0.95,0.76,1.0,1.0,0.9,0.9,0.8,1,1.0,0.2,0.3,0.4,0.0,0.0,0.0,0.295,0.295,1.0,0.0,1.0,0.7,0.968,0.92,0.8166677488474774,1.0,0.425,0.5,0.3,0.7,0.8,0.9175,78.1816,0.295,0.7986,0.3788,0.9033,16.2021
NCT00038610,"Phase II Study of Hyper-CVAD Plus Imatinib Mesylate (Gleevec, STI571) for Philadelphia-Positive Acute Lymphocytic Leukemia",COMPLETED,imatinib,ABL1,small_molecule,leukemia,True,2001.0,0,0,0,completed+results+no_positive_signal,1,1.0,0.97,0.88,0.9,0.98,0.4,0.72,0.93,1.0,1.0,0.802469135802469,0.0,0.8,,,,0,1,0,399.0,0.0007217443609022556,0.798,1.0,1.0,0.5742,0.1,1.0,0.7,13.0,0.65,0.26,0.75,1.0,1.0,-0.77,1.0,1.0,0.4,0.6,0.0,0.5,0.9,0.7200000000000001,1.0,1.0,0.84,0.84,0.7,1,1.0,0.2,0.25,0.35,0.0,0.0,0.8935500000000001,0.0,0.8935500000000001,0.0,0.0,1.0,0.7,0.778,0.97,0.802469135802469,1.0,0.44,0.5,0.3,0.7,0.8,0.914,40.6851,0.295,0.7126,0.378,0.9005,8.6843
NCT01698918,"An Open-label, Phase II, Single-arm Study of Everolimus in Combination With Letrozole in the Treatment of Postmenopausal Women With Estrogen Receptor Positive HER2 Negative Metastatic or Locally Advanced Breast Cancer",COMPLETED,everolimus,MTOR,small_molecule,breast cancer,True,2013.0,0,0,0,completed+results+no_positive_signal,1,1.0,0.75,0.55,0.6,0.8,0.4,0.62,0.75,1.0,1.0,0.7656596452328159,0.0,0.6,,,,0,1,0,557.0,0.0007751023339317773,1.0,1.0,1.0,0.7293,0.05,1.0,0.7,56.0,1.0,1.0,0.55,0.5,0.5,-0.61,1.0,1.0,0.4,0.6,0.0,0.5,0.85,0.68,0.9,1.0,0.8,0.8,0.7,1,1.0,0.15,0.25,0.35,0.0,0.0,0.912325,0.0,0.912325,0.0,0.0,1.0,0.7,0.9,0.75,0.7656596452328159,1.0,0.275,0.5,0.3,0.7,0.8,0.5525,56.4569,0.295,0.7525,0.3432,0.8931,11.7503
NCT01763710,Neurotoxicity Characterization Phase II Randomized Study of Nab-paclitaxel Versus Conventional Paclitaxel as First-line Therapy of Metastatic HER2-negative Breast Cancer.,COMPLETED,paclitaxel,TUBB,small_molecule,breast cancer,True,2012.0,1,1,1,completed+positive_text+approved,1,1.0,0.3,0.2,0.25,0.3,0.4,0.25,0.3,0.016,0.0,1.0,0.0,0.43,,,,1,1,0,715.0,0.000807165034965035,1.0,1.0,1.0,0.5950000000000001,0.05,0.7,0.7,17.0,0.85,0.34,0.38,0.0,0.0,0.0,0.0,0.0,0.0,0.0,0.0,0.0,0.55,0.44000000000000006,0.6,0.7,0.59,0.59,0.7,1,1.0,0.2,0.3,0.4,0.0,0.0,0.8187500000000001,0.0,0.8187500000000001,0.0,0.0,0.0,0.0,0.63,0.3,1.0,0.008,0.1,0.5,0.3,0.7,0.8,0.178,72.0168,0.295,0.3109,0.04,0.2044,14.566
NCT01045460,Randomized Trial of Activated Marrow Infiltrating Lymphocytes Alone or in Conjunction With an Allogeneic GM-CSF-based Myeloma Cellular Vaccine in the Autologous Transplant Setting in Multiple Myeloma,COMPLETED,cyclophosphamide,DNA,small_molecule,multiple myeloma,True,2010.0,0,0,0,completed+results+no_positive_signal,1,1.0,0.3,0.2,0.25,0.3,0.4,0.25,0.3,1.0,0.54,0.49109481403876376,0.0,0.3,,,,1,1,0,578.0,0.0007351176470588234,1.0,1.0,1.0,0.5889090909090909,0.05,0.28,0.7,10.0,0.5,0.2,0.2,0.0,0.0,0.0,0.0,0.0,0.4,0.6,0.0,0.5,0.4,0.32000000000000006,0.2,0.3,0.3,0.3,0.7,1,1.0,0.2,0.3,0.4,0.0,0.0,0.7372272727272728,0.0,0.7372272727272728,0.0,0.0,0.54,0.378,0.42,0.3,0.49109481403876376,0.77,0.1,0.5,0.3,0.7,0.8,0.1325,58.3158,0.295,0.445,0.28,0.6243,11.9192
NCT00881751,A Randomized Open-Label Multi-Institution Phase II Study of the Combination of Bevacizumab and Erlotinib Compared to Sorafenib in the First-Line Treatment of Patients With Advanced Hepatocellular Carcinoma (HCC),COMPLETED,erlotinib,EGFR,small_molecule,hepatocellular carcinoma,True,2009.0,0,0,0,completed+results+no_positive_signal,1,1.0,0.3,0.2,0.25,0.3,0.4,0.25,0.3,0.989,0.16,0.7254802831142568,0.0,0.9,,,,1,1,0,774.0,0.0007825607235142119,1.0,1.0,1.0,0.6139,0.1,1.0,0.7,56.0,1.0,1.0,0.85,1.0,1.0,-0.82,1.0,1.0,0.4,0.6,0.0,0.5,0.95,0.76,1.0,1.0,0.9,0.9,0.7,1,1.0,0.2,0.3,0.4,0.0,0.0,0.903475,0.0,0.903475,0.0,0.0,0.16177957532861476,0.11324570273003032,0.72,0.3,0.7254802831142568,0.5745,0.1,0.5,0.3,0.7,0.8,0.7375,78.0221,0.295,0.5313,0.28,0.4922,16.0158
NCT03416153,A Multi-Center Phase II Trial of Individualized Adaptive De-escalated Radiotherapy Using Pre and Mid-Treatment FDG-PET/CT for HPV-related Oropharynx Cancer,COMPLETED,carboplatin,DNA,small_molecule,cancer nos,True,2018.0,0,0,0,completed+results+no_positive_signal,1,1.0,0.3,0.2,0.25,0.3,0.4,0.25,0.3,0.0,0.0,0.0,0.0,0.3,,,,1,1,0,578.0,0.0007351176470588234,1.0,1.0,1.0,0.5889090909090909,0.05,0.28,0.7,10.0,0.5,0.2,0.2,0.0,0.0,0.0,0.0,0.0,0.4,0.6,0.0,0.5,0.4,0.32000000000000006,0.2,0.3,0.3,0.3,0.7,1,1.0,0.2,0.3,0.4,0.0,0.0,0.7372272727272728,0.0,0.7372272727272728,0.0,0.0,0.0,0.0,0.42,0.3,0.0,0.0,0.1,0.5,0.3,0.7,0.8,0.1325,58.3158,0.295,0.214,0.28,0.0,11.8106
NCT03449901,"A Phase II Trial of ADI-PEG 20 in Combination With Gemcitabine and Docetaxel for the Treatment of Soft Tissue Sarcoma Osteosarcoma, Ewing's Sarcoma, and Small Cell Lung Cancer",COMPLETED,gemcitabine,RRM1,small_molecule,cancer nos,True,2018.0,1,1,1,completed+positive_text+results,1,1.0,0.3,0.2,0.25,0.3,0.4,0.25,0.3,0.0,0.0,0.0,0.0,0.47,,,,1,1,0,475.0,0.000819562105263158,0.95,1.0,1.0,0.5399499999999999,0.05,0.54,0.7,4.0,0.2,0.08,0.42,0.0,0.0,0.0,0.0,0.0,0.4,0.6,0.0,0.5,0.58,0.46399999999999997,0.6,0.7,0.62,0.62,0.7,1,1.0,0.2,0.3,0.4,0.0,0.0,0.8049875000000001,0.0,0.8049875000000001,0.0,0.0,0.0,0.0,0.24,0.3,0.0,0.0,0.1,0.5,0.3,0.7,0.8,0.1875,48.0085,0.295,0.133,0.28,0.0,9.7467
NCT02648477,MK-3475 (Pembrolizumab) in Combination With an Anthracycline or Anti-estrogen Therapy in Patients With Triple Negative and Hormone Receptor Positive (HR+ HER2-) Metastatic Breast Cancer,COMPLETED,pembrolizumab,PDCD1,antibody,breast cancer,True,2016.0,0,0,0,completed+results+no_positive_signal,1,1.0,0.3,0.2,0.25,0.3,0.4,0.25,0.3,0.063,0.01,1.0,0.0,0.5,,,,1,1,0,837.0,0.0007509342891278374,1.0,1.0,0.6,0.6553333333333333,0.05,0.36,0.7,9.0,0.45,0.18,0.45,0.5,0.5,-0.15,0.0,0.0,0.4,0.6,0.0,0.5,0.6,0.48,0.9,1.0,0.65,0.65,0.8,1,1.0,0.85,0.8,0.85,1.0,1.0,0.0,0.62,0.62,1.0,0.0,0.15873015873015872,0.11111111111111109,0.39,0.3,1.0,0.0365,0.1,0.5,0.3,0.7,0.8,0.42,84.1658,0.295,0.2115,0.28,0.28,17.0799
NCT00800839,Busulfan (IV) and Fludarabine Followed by Post-allogeneic Transplantation Cyclophosphamide for Graft-versus-Host Disease Prophylaxis in Patients With Hematologic Malignancies.,COMPLETED,cyclophosphamide,DNA,small_molecule,leukemia,True,2008.0,0,0,0,completed+results+no_positive_signal,1,1.0,0.3,0.2,0.25,0.3,0.4,0.25,0.3,1.0,1.0,0.28779487613088695,0.0,0.3,,,,1,1,0,578.0,0.0007351176470588234,1.0,1.0,1.0,0.5889090909090909,0.05,0.28,0.7,10.0,0.5,0.2,0.2,0.0,0.0,0.0,0.0,0.0,0.4,0.6,0.0,0.5,0.4,0.32000000000000006,0.2,0.3,0.3,0.3,0.7,1,1.0,0.2,0.3,0.4,0.0,0.0,0.7372272727272728,0.0,0.7372272727272728,0.0,0.0,1.0,0.7,0.42,0.3,0.28779487613088695,1.0,0.1,0.5,0.3,0.7,0.8,0.1325,58.3158,0.295,0.514,0.28,0.7976,11.9503
NCT03730012,Phase 1/2 Study of ASP2215 (Gilteritinib) Combined With Atezolizumab in Patients With Relapsed or Treatment Refractory FLT3 Mutated Acute Myeloid Leukemia (AML),COMPLETED,atezolizumab,CD274,antibody,leukemia,True,2019.0,0,0,0,completed+results+no_positive_signal,1,1.0,0.3,0.2,0.25,0.3,0.4,0.25,0.3,0.037,0.01,1.0,0.0,0.45,,,,1,1,0,929.0,0.0007426555435952638,1.0,1.0,1.0,0.688875,0.2,0.6,0.7,27.0,1.0,0.54,0.4,0.5,0.5,-0.18,0.0,0.0,0.4,0.6,0.0,0.5,0.58,0.46399999999999997,0.9,1.0,0.63,0.63,0.8,1,1.0,0.85,0.95,0.8,1.0,1.0,0.0,0.6575,0.6575,1.0,0.0,0.2702702702702703,0.1891891891891892,0.72,0.3,1.0,0.0235,0.1,0.5,0.3,0.7,0.8,0.409,93.4383,0.295,0.3861,0.28,0.3163,18.9703
NCT00517829,Phase II Trial of Docetaxel Plus Oxaliplatin (DOCOX) With or Without Cetuximab in Patients With Metastatic Gastric and/or Gastroesophageal Junction Adenocarcinoma,COMPLETED,cetuximab,EGFR,antibody,gastric cancer,True,2007.0,0,0,0,completed+results+no_positive_signal,1,1.0,0.3,0.2,0.25,0.3,0.4,0.25,0.3,0.939,0.27,0.5005324813631522,0.0,0.9,,,,1,1,0,774.0,0.0007825607235142119,1.0,1.0,1.0,0.6139,0.1,1.0,0.7,56.0,1.0,1.0,0.85,1.0,1.0,-0.82,1.0,1.0,0.4,0.6,0.0,0.5,0.95,0.76,1.0,1.0,0.9,0.9,0.8,1,1.0,0.2,0.3,0.4,0.0,0.0,0.0,0.295,0.295,1.0,0.0,0.28753993610223644,0.2012779552715655,0.72,0.3,0.5005324813631522,0.6045,0.1,0.5,0.3,0.7,0.8,0.7375,78.0221,0.295,0.5403,0.28,0.4907,16.0174
NCT00537095,"A Randomized, Double Blind, Placebo-controlled Phase II, Multi-Centre Study to Assess the Efficacy and Safety of Vandetanib (ZD6474) in Patients With Locally Advanced or Metastatic Papillary or Follicular Thyroid Carcinoma Failing or Unsuitable for Radioiodine Therapy",COMPLETED,unmapped,UNKNOWN,unknown,thyroid cancer,True,2007.0,1,1,1,completed+positive_text+results,0,0.0,0.0,0.0,0.0,0.0,0.0,0.0,0.0,0.0,0.0,0.0,0.0,0.0,,,,1,1,0,0.0,0.0,0.0,0.0,0.0,0.0,0.0,0.0,0.0,0.0,0.0,0.0,0.0,0.0,0.0,0.0,0.0,0.0,0.4,0.5,0.0,0.5,0.0,0.0,0.0,0.0,0.0,0.0,0.3,0,0.0,0.2,0.3,0.4,0.0,0.0,0.0,0.0,0.0,0.0,1.0,0.0,0.0,0.0,0.0,0.0,0.0,0.0,0.5,0.3,0.7,0.8,0.0,0.0,0.295,0.0,0.22,0.0,0.0625
NCT01534637,A Feasibility Study to Discern the Tolerability of 5-FU/Gemcitabine Based Chemotherapy Concurrent With Upper Abdominal Radiation and the Utility of Aprepitant/5HT-3 Antagonist (EMEND) for the Prevention of ChemoRadiation-Induced Nausea and Vomiting (CRINV),COMPLETED,capecitabine,TYMS,small_molecule,pancreatic cancer,True,2006.0,0,0,0,completed+results+no_positive_signal,1,1.0,0.3,0.2,0.25,0.3,0.4,0.25,0.3,0.009,0.01,0.5555555555555556,0.0,0.6,,,,1,1,0,481.0,0.0008138274428274429,0.962,1.0,1.0,0.82585,0.05,0.32,0.7,6.0,0.3,0.12,0.55,0.0,0.0,-0.91,1.0,0.0,0.4,0.6,0.0,0.5,0.7,0.5599999999999999,0.8,0.9,0.78,0.78,0.7,1,1.0,0.15,0.2,0.3,0.0,0.0,0.9164625000000001,0.0,0.9164625000000001,0.0,0.0,1.0,0.7,0.3,0.3,0.5555555555555556,0.0095,0.1,0.5,0.3,0.7,0.8,0.2215,48.7514,0.295,0.1628,0.28,0.5043,9.9602
NCT02899195,"Open Label, Phase II Study of Anti - Programmed Death - Ligand 1 Antibody, Durvalumab (MEDI4736), in Combination With Chemotherapy for the First-Line Treatment of Unresectable Mesothelioma",COMPLETED,durvalumab,CD274,antibody,cancer nos,True,2017.0,0,0,0,completed+results+no_positive_signal,1,1.0,0.3,0.2,0.25,0.3,0.4,0.25,0.3,0.0,0.0,0.0,0.0,0.45,,,,1,1,0,929.0,0.0007426555435952638,1.0,1.0,1.0,0.688875,0.2,0.6,0.7,27.0,1.0,0.54,0.4,0.5,0.5,-0.18,0.0,0.0,0.4,0.6,0.0,0.5,0.58,0.46399999999999997,0.9,1.0,0.63,0.63,0.8,1,1.0,0.85,0.95,0.8,1.0,1.0,0.0,0.6575,0.6575,1.0,0.0,0.0,0.0,0.72,0.3,0.0,0.0,0.1,0.5,0.3,0.7,0.8,0.409,93.4383,0.295,0.379,0.28,0.0,18.9372
NCT00532129,An Open-Label Study to Characterize the Safety and Response Rate of MabThera (Rituximab) Plus Chlorambucil in Previously Untreated Patients With CD20-Positive B-Cell Chronic Lymphocytic Leukemia,COMPLETED,rituximab,MS4A1,antibody,leukemia,True,2007.0,0,0,0,completed+results+no_positive_signal,1,1.0,0.85,0.62,0.68,0.9,0.4,0.65,0.82,0.013,0.01,0.3846153846153846,0.0,0.65,,,,0,1,0,525.0,0.0006596552380952381,1.0,0.5,0.0,0.0,0.05,0.44,0.7,11.0,0.55,0.22,0.6,0.5,0.5,-0.44,0.5,0.0,0.4,0.6,0.0,0.5,0.68,0.544,0.9,1.0,0.73,0.73,0.8,1,1.0,0.25,0.35,0.65,0.0,0.0,0.0,0.3075,0.3075,1.0,0.5,0.7692307692307693,0.5384615384615384,0.67,0.85,0.3846153846153846,0.0115,0.31,0.5,0.3,0.7,0.8,0.5815,52.8725,0.295,0.3529,0.3515,0.3812,10.9108
NCT02091531,A Phase 2 Study of the Dual mTOR Inhibitor MLN0128 in Patients With Metastatic Castration-Resistant Prostate Cancer (CRPC),COMPLETED,unmapped,UNKNOWN,unknown,prostate cancer,True,2014.0,1,1,1,completed+positive_text+results,0,0.0,0.0,0.0,0.0,0.0,0.0,0.0,0.0,0.0,0.0,0.0,0.0,0.0,,,,1,1,0,0.0,0.0,0.0,0.0,0.0,0.0,0.0,0.0,0.0,0.0,0.0,0.0,0.0,0.0,0.0,0.0,0.0,0.0,0.4,0.5,0.0,0.5,0.0,0.0,0.0,0.0,0.0,0.0,0.3,0,0.0,0.2,0.3,0.4,0.0,0.0,0.0,0.0,0.0,0.0,1.0,0.0,0.0,0.0,0.0,0.0,0.0,0.0,0.5,0.3,0.7,0.8,0.0,0.0,0.295,0.0,0.22,0.0,0.0625
NCT03164772,A Phase 1/2 Study of Combination Immunotherapy and mRNA Vaccine in Subjects With Non-small Cell Lung Cancer (NSCLC),COMPLETED,durvalumab,CD274,antibody,nsclc,True,2017.0,0,0,0,completed+results+no_positive_signal,1,1.0,0.88,0.62,0.68,0.92,0.4,0.72,0.85,0.093,0.02,1.0,0.0,0.45,,,,0,1,0,929.0,0.0007426555435952638,1.0,1.0,1.0,0.688875,0.2,0.6,0.7,27.0,1.0,0.54,0.4,0.5,0.5,-0.18,0.0,0.0,0.4,0.6,0.0,0.5,0.58,0.46399999999999997,0.9,1.0,0.63,0.63,0.8,1,1.0,0.85,0.95,0.8,1.0,1.0,0.0,0.6575,0.6575,1.0,0.0,0.21505376344086022,0.15053763440860216,0.952,0.88,1.0,0.0565,0.31,0.5,0.3,0.7,0.8,0.5365,93.5893,0.295,0.5249,0.3585,0.3109,19.0713
NCT00553202,"Killer Immunoglobulin-like Receptor (KIR) Incompatible Unrelated Donor Hematopoietic Cell Transplantation (SCT) for AML With Monosomy 7, -5/5q-, High FLT3-ITD AR, or Refractory and Relapsed Acute Myelogenous Leukemia (AML) in Children: A Children's Oncology Group (COG) Study",COMPLETED,cyclophosphamide,DNA,small_molecule,leukemia,True,2008.0,0,0,0,completed+results+no_positive_signal,1,1.0,0.3,0.2,0.25,0.3,0.4,0.25,0.3,1.0,1.0,0.28779487613088695,0.0,0.3,,,,1,1,0,578.0,0.0007351176470588234,1.0,1.0,1.0,0.5889090909090909,0.05,0.28,0.7,10.0,0.5,0.2,0.2,0.0,0.0,0.0,0.0,0.0,0.4,0.6,0.0,0.5,0.4,0.32000000000000006,0.2,0.3,0.3,0.3,0.7,1,1.0,0.2,0.3,0.4,0.0,0.0,0.7372272727272728,0.0,0.7372272727272728,0.0,0.0,1.0,0.7,0.42,0.3,0.28779487613088695,1.0,0.1,0.5,0.3,0.7,0.8,0.1325,58.3158,0.295,0.514,0.28,0.7976,11.9503
NCT04828486,Phase II Study of FGFR Inhibitor Futibatinib in Combination With Anti-PD-1 Antibody Pembrolizumab in Patients With Advanced or Metastatic Hepatocellular Carcinoma With FGF19 Expression After First Line Therapy,COMPLETED,pembrolizumab,PDCD1,antibody,hepatocellular carcinoma,True,2021.0,0,0,0,completed+results+no_positive_signal,1,1.0,0.3,0.2,0.25,0.3,0.4,0.25,0.3,0.089,0.0,1.0,0.0,0.5,,,,1,1,0,837.0,0.0007509342891278374,1.0,1.0,0.6,0.6553333333333333,0.05,0.36,0.7,9.0,0.45,0.18,0.45,0.5,0.5,-0.15,0.0,0.0,0.4,0.6,0.0,0.5,0.6,0.48,0.9,1.0,0.65,0.65,0.8,1,1.0,0.85,0.8,0.85,1.0,1.0,0.0,0.62,0.62,1.0,0.0,0.0,0.0,0.39,0.3,1.0,0.0445,0.1,0.5,0.3,0.7,0.8,0.42,84.1658,0.295,0.2139,0.28,0.2245,17.0749
NCT01298570,"Multi-Center, Randomized, Placebo-Controlled Phase II Study of Regorafenib in Combination With FOLFIRI Versus Placebo With FOLFIRI as Second-Line Therapy in Patients With Metastatic Colorectal Cancer",COMPLETED,regorafenib,VEGFR2,small_molecule,colorectal cancer,True,2011.0,0,0,0,completed+results+no_positive_signal,1,1.0,0.3,0.2,0.25,0.3,0.4,0.25,0.3,0.278,0.24,0.5665467625899281,0.0,0.55,,,,1,1,0,606.0,0.0007355808580858086,1.0,0.5,0.0,0.0,0.2,1.0,0.7,7.0,0.35,0.14,0.5,0.5,0.5,-0.31,0.5,0.0,0.4,0.6,0.0,0.5,0.4,0.32000000000000006,0.9,1.0,0.3,0.3,0.7,1,1.0,0.2,0.3,0.4,0.0,0.0,0.33,0.0,0.33,0.0,0.5,0.8633093525179855,0.6043165467625898,0.32999999999999996,0.3,0.5665467625899281,0.259,0.1,0.5,0.3,0.7,0.8,0.4125,60.835,0.295,0.2812,0.28,0.5444,12.4523
NCT02273973,"A Phase II Randomized, Double-Blind Study of Neoadjuvant Letrozole Plus GDC-0032 Versus Letrozole Plus Placebo in Postmenopausal Women With ER-positive/HER2-negative, Early Stage Breast Cancer",COMPLETED,letrozole,CYP19A1,small_molecule,breast cancer,True,2014.0,0,0,0,completed+results+no_positive_signal,1,1.0,0.88,0.62,0.68,0.93,0.4,0.7,0.83,0.211,0.07,0.5687203791469194,0.0,0.75,,,,0,1,0,740.0,0.0007961513513513514,1.0,1.0,1.0,0.7198,0.05,0.52,0.7,3.0,0.15,0.06,0.7,0.5,0.5,-0.62,1.0,1.0,0.4,0.6,0.0,0.5,0.6,0.48,0.8,0.9,0.74,0.74,0.7,1,1.0,0.1,0.15,0.25,0.0,0.0,0.8899500000000001,0.0,0.8899500000000001,0.0,0.0,0.3317535545023697,0.23222748815165878,0.44200000000000006,0.88,0.5687203791469194,0.1405,0.31,0.5,0.3,0.7,0.8,0.602,74.788,0.295,0.2876,0.3565,0.3064,15.2792
NCT00329641,Phase II Trial of BAY 43-9006 (Sorafenib; NSC-724772) in Combination With Carboplatin and Paclitaxel in Patients With Metastatic Uveal Melanoma,COMPLETED,sorafenib,BRAF,small_molecule,melanoma,True,2011.0,0,0,0,completed+results+no_positive_signal,1,1.0,0.95,0.9,0.88,0.95,0.4,0.72,0.9,1.0,1.0,0.657185628742515,0.0,0.75,,,,0,1,0,689.0,0.0007610406386066763,1.0,1.0,1.0,0.5917499999999999,0.05,1.0,0.7,21.0,1.0,0.42,0.7,1.0,1.0,-0.63,1.0,1.0,0.4,0.6,0.0,0.5,0.82,0.656,0.9,1.0,0.85,0.85,0.7,1,1.0,0.4,0.4,0.55,0.0,0.0,0.8779375,0.0,0.8779375,0.0,0.0,1.0,0.7,0.98,0.95,0.657185628742515,1.0,0.45,0.5,0.3,0.7,0.8,0.9045,69.6788,0.295,0.791,0.3795,0.8714,14.4936
NCT00515073,A Phase II Study: Paclitaxel and Pelvic Radiation for Stage I-IIIA Papillary Serous Carcinoma of the Endometrium,COMPLETED,paclitaxel,TUBB,small_molecule,endometrial cancer,True,2001.0,0,0,0,completed+results+no_positive_signal,1,1.0,0.3,0.2,0.25,0.3,0.4,0.25,0.3,0.0,0.0,0.0,0.0,0.43,,,,1,1,0,715.0,0.000807165034965035,1.0,1.0,1.0,0.5950000000000001,0.05,0.7,0.7,17.0,0.85,0.34,0.38,0.0,0.0,0.0,0.0,0.0,0.0,0.0,0.0,0.0,0.55,0.44000000000000006,0.6,0.7,0.59,0.59,0.7,1,1.0,0.2,0.3,0.4,0.0,0.0,0.8187500000000001,0.0,0.8187500000000001,0.0,0.0,0.0,0.0,0.63,0.3,0.0,0.0,0.1,0.5,0.3,0.7,0.8,0.178,72.0168,0.295,0.3085,0.04,0.0,14.5451
NCT02354586,"A Phase 2, Open-Label, Single-Arm Study to Evaluate the Safety and Efficacy of Niraparib in Patients With Advanced, Relapsed, High-Grade Serous Epithelial Ovarian, Fallopian Tube, or Primary Peritoneal Cancer Who Have Received Three or Four Previous Chemotherapy Regimens",COMPLETED,niraparib,PARP1,small_molecule,ovarian cancer,True,2015.0,0,0,0,completed+results+no_positive_signal,1,1.0,0.92,0.85,0.8,0.93,0.4,0.68,0.85,0.299,0.08,0.6939799331103679,0.0,0.65,,,,0,1,0,598.0,0.0007508963210702341,1.0,0.5,0.0,0.0,0.15,1.0,0.7,35.0,1.0,0.7,0.6,1.0,1.0,-0.48,0.5,0.0,0.4,0.6,0.0,0.5,0.7,0.5599999999999999,0.9,1.0,0.79,0.79,0.7,1,1.0,0.6,0.35,0.5,0.0,0.0,0.33,0.0,0.33,0.0,0.5,0.2675585284280937,0.18729096989966557,0.968,0.92,0.6939799331103679,0.1895,0.425,0.5,0.3,0.7,0.8,0.862,60.189,0.295,0.5579,0.3718,0.3314,12.4833
NCT01633541,Concomitant Chemotherapy AND Bcl-xL Inhibitor (AT-101) For Bio-selection For Organ Preservation In Patients With Advanced Laryngeal Cancer,COMPLETED,cisplatin,DNA,small_molecule,cancer nos,True,2012.0,0,0,0,completed+results+no_positive_signal,1,1.0,0.3,0.2,0.25,0.3,0.4,0.25,0.3,0.0,0.0,0.0,0.0,0.3,,,,1,1,0,578.0,0.0007351176470588234,1.0,1.0,1.0,0.5889090909090909,0.05,0.28,0.7,10.0,0.5,0.2,0.2,0.0,0.0,0.0,0.0,0.0,0.4,0.6,0.0,0.5,0.4,0.32000000000000006,0.2,0.3,0.3,0.3,0.7,1,1.0,0.2,0.3,0.4,0.0,0.0,0.7372272727272728,0.0,0.7372272727272728,0.0,0.0,0.0,0.0,0.42,0.3,0.0,0.0,0.1,0.5,0.3,0.7,0.8,0.1325,58.3158,0.295,0.214,0.28,0.0,11.8106
NCT00709761,"LPT 111111- A Single-arm, Multicenter Phase II Study to Evaluate The Combination of Weekly Nanoparticle Albumin Bound Paclitaxel (Nab-Paclitaxel or ABRAXANE®) and Lapatinib (TYKERB®) in Women With No More Than One Prior Treatment for ErbB2 Overexpressing Metastatic Breast Cancer",COMPLETED,lapatinib,ERBB2,small_molecule,breast cancer,True,2008.0,0,0,0,completed+results+no_positive_signal,1,1.0,0.95,0.88,0.85,0.98,0.4,0.8,0.92,1.0,1.0,0.44339622641509435,0.0,0.85,,,,0,1,0,739.0,0.0007936373477672532,1.0,0.5,0.3,0.7236666666666667,0.2,1.0,0.7,45.0,1.0,0.9,0.8,1.0,1.0,-0.71,1.0,1.0,0.4,0.6,0.0,0.5,0.9,0.7200000000000001,1.0,1.0,0.88,0.88,0.7,1,1.0,0.15,0.35,0.45,0.0,0.0,0.0,0.3075,0.3075,1.0,0.5,1.0,0.7,0.98,0.95,0.44339622641509435,1.0,0.44,0.5,0.3,0.7,0.8,0.9185,74.5055,0.295,0.824,0.386,0.8287,15.4658
NCT00378703,"The BeST Trial: A Randomized Phase II Study of VEGF, RAF Kinase, and mTOR Combination Targeted Therapy (CTT) With Bevacizumab, Sorafenib, and Temsirolimus in Advanced Renal Cell Carcinoma",COMPLETED,sorafenib,BRAF,small_molecule,renal cell carcinoma,True,2007.0,0,0,0,completed+results+no_positive_signal,1,1.0,0.3,0.2,0.25,0.3,0.4,0.25,0.3,0.094,0.03,0.45212765957446804,0.0,0.75,,,,1,1,0,689.0,0.0007610406386066763,1.0,1.0,1.0,0.5917499999999999,0.05,1.0,0.7,21.0,1.0,0.42,0.7,1.0,1.0,-0.63,1.0,1.0,0.4,0.6,0.0,0.5,0.82,0.656,0.9,1.0,0.85,0.85,0.7,1,1.0,0.4,0.4,0.55,0.0,0.0,0.8779375,0.0,0.8779375,0.0,0.0,0.3191489361702127,0.2234042553191489,0.72,0.3,0.45212765957446804,0.062,0.1,0.5,0.3,0.7,0.8,0.705,69.5163,0.295,0.3676,0.28,0.243,14.2488
NCT00821327,"Phase II Trial of Gemcitabine, Cisplatin, and Sunitinib in Patients With Advanced/Metastatic Urothelial Carcinoma",COMPLETED,sunitinib,VEGFR2,small_molecule,bladder cancer,True,2008.0,1,1,1,completed+positive_text+results,1,1.0,0.3,0.2,0.25,0.3,0.4,0.25,0.3,0.043,0.01,0.7558139534883721,0.0,0.55,,,,1,1,0,606.0,0.0007355808580858086,1.0,0.5,0.0,0.0,0.2,1.0,0.7,7.0,0.35,0.14,0.5,0.5,0.5,-0.31,0.5,0.0,0.4,0.6,0.0,0.5,0.4,0.32000000000000006,0.9,1.0,0.3,0.3,0.7,1,1.0,0.2,0.3,0.4,0.0,0.0,0.33,0.0,0.33,0.0,0.5,0.23255813953488375,0.16279069767441862,0.32999999999999996,0.3,0.7558139534883721,0.0265,0.1,0.5,0.3,0.7,0.8,0.4125,60.835,0.295,0.2114,0.28,0.2544,12.4094
NCT00179673,"A Phase II, Multicenter, Single-Arm, Open-Label Study to Evaluate the Safety and Efficacy of Single-Agent Lenalidomide (Revlimid®, CC-5013) in Subjects With Relapsed or Refractory Indolent Non-Hodgkin's Lymphoma",COMPLETED,lenalidomide,CRBN,small_molecule,lymphoma,True,2005.0,1,1,1,completed+positive_text+results,1,1.0,0.3,0.2,0.25,0.3,0.4,0.25,0.3,0.04,0.02,1.0,0.0,0.4,,,,1,1,0,630.0,0.0008394936507936509,1.0,0.5,0.0,0.0,0.05,0.32,0.7,1.0,0.05,0.02,0.35,0.5,0.5,-0.55,1.0,1.0,0.4,0.6,0.0,0.5,0.55,0.44000000000000006,0.6,0.7,0.58,0.58,0.7,1,1.0,0.3,0.4,0.55,0.1,0.0,0.27,0.0,0.27,0.0,0.5,0.5,0.35,0.15,0.3,1.0,0.03,0.1,0.5,0.3,0.7,0.8,0.3965,63.2775,0.295,0.1015,0.28,0.4075,12.8872
NCT03184870,A Phase 1b/2 Study of BMS-813160 in Combination With Chemotherapy or Nivolumab in Patients With Advanced Solid Tumors,COMPLETED,nivolumab,PDCD1,antibody,colorectal cancer,True,2017.0,0,0,0,completed+results+no_positive_signal,1,1.0,0.3,0.2,0.25,0.3,0.4,0.25,0.3,0.054,0.0,1.0,0.0,0.5,,,,1,1,0,837.0,0.0007509342891278374,1.0,1.0,0.6,0.6553333333333333,0.05,0.36,0.7,9.0,0.45,0.18,0.45,0.5,0.5,-0.15,0.0,0.0,0.4,0.6,0.0,0.5,0.6,0.48,0.9,1.0,0.65,0.65,0.8,1,1.0,0.85,0.8,0.85,1.0,1.0,0.0,0.62,0.62,1.0,0.0,0.0,0.0,0.39,0.3,1.0,0.027,0.1,0.5,0.3,0.7,0.8,0.42,84.1658,0.295,0.2086,0.28,0.2149,17.0729
NCT00516841,"A Phase 2, Single-Arm Study of Volociximab Monotherapy in Subjects With Platinum-Resistant Advanced Epithelial Ovarian Cancer or Primary Peritoneal Cancer",TERMINATED,unmapped,UNKNOWN,unknown,ovarian cancer,True,2007.0,0,0,0,terminated+efficacy,0,0.0,0.0,0.0,0.0,0.0,0.0,0.0,0.0,0.0,0.0,0.0,0.0,0.0,,,,1,1,0,0.0,0.0,0.0,0.0,0.0,0.0,0.0,0.0,0.0,0.0,0.0,0.0,0.0,0.0,0.0,0.0,0.0,0.0,0.4,0.5,0.0,0.5,0.0,0.0,0.0,0.0,0.0,0.0,0.3,0,0.0,0.2,0.3,0.4,0.0,0.0,0.0,0.0,0.0,0.0,1.0,0.0,0.0,0.0,0.0,0.0,0.0,0.0,0.5,0.3,0.7,0.8,0.0,0.0,0.295,0.0,0.22,0.0,0.0625
NCT02772588,"ARN-509+Abiraterone Acetate+Leuprolide With Stereotactic, Ultra-Hypofractionated Radiation (AASUR) in Very High Risk Prostate Cancer: A Single Arm, Phase II Study",COMPLETED,abiraterone,CYP17A1,small_molecule,prostate cancer,True,2016.0,0,0,0,completed+results+no_positive_signal,1,1.0,0.9,0.65,0.7,0.95,0.4,0.72,0.85,0.24,0.11,0.53125,0.0,0.7,,,,0,1,0,682.0,0.0007660322580645161,1.0,1.0,1.0,0.6927,0.05,0.34,0.7,3.0,0.15,0.06,0.65,0.5,0.5,-0.71,1.0,1.0,0.4,0.6,0.0,0.5,0.62,0.496,0.8,0.9,0.77,0.77,0.7,1,1.0,0.1,0.15,0.25,0.0,0.0,0.883175,0.0,0.883175,0.0,0.0,0.45833333333333337,0.32083333333333336,0.45000000000000007,0.9,0.53125,0.175,0.325,0.5,0.3,0.7,0.8,0.601,68.9889,0.295,0.3025,0.3608,0.3593,14.1281
NCT03698227,"Efficacy of Olaratumab and Rechallenge With Doxorubicin in Anthracycline Pretreated, Advanced Soft Tissue Sarcoma Patients. An Exploratory Phase-II Study",TERMINATED,doxorubicin,TOP2A,small_molecule,cancer nos,True,2018.0,0,0,0,terminated+efficacy,1,1.0,0.3,0.2,0.25,0.3,0.4,0.25,0.3,0.0,0.0,0.0,0.0,0.63,,,,1,1,0,1111.0,0.000882019801980198,1.0,0.5,0.0,0.0,0.05,0.74,0.7,4.0,0.2,0.08,0.58,0.0,0.0,-0.94,1.0,0.0,0.4,0.6,0.0,0.5,0.72,0.576,0.8,0.9,0.73,0.73,0.7,1,1.0,0.2,0.25,0.35,0.0,0.0,0.31000000000000005,0.0,0.31000000000000005,0.0,0.5,0.0,0.0,0.24,0.3,0.0,0.0,0.1,0.5,0.3,0.7,0.8,0.225,111.3775,0.295,0.133,0.28,0.0,22.4299
NCT04220866,"A Phase 2 Study in First Line Metastatic or Unresectable, Recurrent Head and Neck Squamous Cell Carcinoma to Evaluate Intratumoral MK-1454 in Combination With IV Pembrolizumab vs IV Pembrolizumab Monotherapy",COMPLETED,pembrolizumab,PDCD1,antibody,hnscc,True,2020.0,1,1,1,completed+positive_text+results,1,1.0,0.3,0.2,0.25,0.3,0.4,0.25,0.3,0.017,0.0,1.0,0.0,0.5,,,,1,1,0,837.0,0.0007509342891278374,1.0,1.0,0.6,0.6553333333333333,0.05,0.36,0.7,9.0,0.45,0.18,0.45,0.5,0.5,-0.15,0.0,0.0,0.4,0.6,0.0,0.5,0.6,0.48,0.9,1.0,0.65,0.65,0.8,1,1.0,0.85,0.8,0.85,1.0,1.0,0.0,0.62,0.62,1.0,0.0,0.0,0.0,0.39,0.3,1.0,0.0085,0.1,0.5,0.3,0.7,0.8,0.42,84.1658,0.295,0.2031,0.28,0.2047,17.0707
NCT00112827,Tandem High-Dose Therapy With Melphalan and Total Marrow Irradiation (TMI) With Peripheral Blood Progenitor Cell Support and Lenalidomide Maintenance in Multiple Myeloma: A Phase I/II Trial,COMPLETED,lenalidomide,CRBN,small_molecule,multiple myeloma,True,2004.0,1,1,1,completed+positive_text+results,1,1.0,0.3,0.2,0.25,0.3,0.4,0.25,0.3,0.2,0.05,0.875,0.0,0.4,,,,1,1,0,630.0,0.0008394936507936509,1.0,0.5,0.0,0.0,0.05,0.32,0.7,1.0,0.05,0.02,0.35,0.5,0.5,-0.55,1.0,1.0,0.4,0.6,0.0,0.5,0.55,0.44000000000000006,0.6,0.7,0.58,0.58,0.7,1,1.0,0.3,0.4,0.55,0.1,0.0,0.27,0.0,0.27,0.0,0.5,0.25,0.175,0.15,0.3,0.875,0.125,0.1,0.5,0.3,0.7,0.8,0.3965,63.2775,0.295,0.13,0.28,0.3313,12.8853
NCT00081861,A Phase II Study of Avastin Plus Rituximab for Patients With Relapsed and Chemotherapy- or Rituxan-Refractory Aggressive B-Cell Non-Hodgkin's Lymphoma,COMPLETED,avastin,VEGFA,antibody,lymphoma,False,2004.0,0,0,0,completed+results+no_positive_signal,1,1.0,0.3,0.2,0.25,0.3,0.4,0.25,0.3,0.125,0.05,0.68,0.0,0.75,,,,1,1,1,582.0,0.0006893024054982818,1.0,1.0,1.0,0.83255,0.3,1.0,0.7,30.0,1.0,0.6,0.7,1.0,1.0,-0.22,0.0,0.0,0.4,0.6,0.0,0.5,0.82,0.656,0.7,0.8,0.83,0.83,0.8,1,1.0,0.2,0.3,0.5,0.0,0.0,0.0,0.295,0.295,1.0,0.0,0.4,0.27999999999999997,0.72,0.3,0.68,0.0875,0.1,,,,,0.704,58.7649,0.0,0.4252,0.28,0.3301,12.089
NCT00318370,A Study of the Efficacy of MORAb-003 in Subjects With Platinum-Sensitive Epithelial Ovarian Cancer in First Relapse,COMPLETED,unmapped,UNKNOWN,unknown,ovarian cancer,True,2006.0,1,1,1,completed+positive_text+results,0,0.0,0.0,0.0,0.0,0.0,0.0,0.0,0.0,0.0,0.0,0.0,0.0,0.0,,,,1,1,0,0.0,0.0,0.0,0.0,0.0,0.0,0.0,0.0,0.0,0.0,0.0,0.0,0.0,0.0,0.0,0.0,0.0,0.0,0.4,0.5,0.0,0.5,0.0,0.0,0.0,0.0,0.0,0.0,0.3,0,0.0,0.2,0.3,0.4,0.0,0.0,0.0,0.0,0.0,0.0,1.0,0.0,0.0,0.0,0.0,0.0,0.0,0.0,0.5,0.3,0.7,0.8,0.0,0.0,0.295,0.0,0.22,0.0,0.0625
NCT03677141,"A Phase Ib/II, Open-Label, Multicenter, Randomized, Controlled Study Investigating the Safety, Tolerability, Pharmacokinetics, and Efficacy of Mosunetuzumab (BTCT4465A) in Combination With CHOP or CHP-Polatuzumab Vedotin in Patients With B-Cell Non-Hodgkin Lymphoma",COMPLETED,doxorubicin,TOP2A,small_molecule,lymphoma,True,2019.0,0,0,0,completed+results+no_positive_signal,1,1.0,0.3,0.2,0.25,0.3,0.4,0.25,0.3,0.021,0.01,0.7142857142857143,0.0,0.63,,,,1,1,0,1111.0,0.000882019801980198,1.0,0.5,0.0,0.0,0.05,0.74,0.7,4.0,0.2,0.08,0.58,0.0,0.0,-0.94,1.0,0.0,0.4,0.6,0.0,0.5,0.72,0.576,0.8,0.9,0.73,0.73,0.7,1,1.0,0.2,0.25,0.35,0.0,0.0,0.31000000000000005,0.0,0.31000000000000005,0.0,0.5,0.47619047619047616,0.3333333333333333,0.24,0.3,0.7142857142857143,0.0155,0.1,0.5,0.3,0.7,0.8,0.225,111.3775,0.295,0.1376,0.28,0.3351,22.4643
NCT02447003,A Phase II Clinical Trial of Pembrolizumab (MK-3475) as Monotherapy for Metastatic Triple-Negative Breast Cancer (mTNBC) - (KEYNOTE-086),COMPLETED,pembrolizumab,PDCD1,antibody,breast cancer,True,2015.0,0,0,0,completed+results+no_positive_signal,1,1.0,0.3,0.2,0.25,0.3,0.4,0.25,0.3,0.063,0.01,1.0,0.0,0.5,,,,1,1,0,837.0,0.0007509342891278374,1.0,1.0,0.6,0.6553333333333333,0.05,0.36,0.7,9.0,0.45,0.18,0.45,0.5,0.5,-0.15,0.0,0.0,0.4,0.6,0.0,0.5,0.6,0.48,0.9,1.0,0.65,0.65,0.8,1,1.0,0.85,0.8,0.85,1.0,1.0,0.0,0.62,0.62,1.0,0.0,0.15873015873015872,0.11111111111111109,0.39,0.3,1.0,0.0365,0.1,0.5,0.3,0.7,0.8,0.42,84.1658,0.295,0.2115,0.28,0.28,17.0799
NCT01108341,An Open-Label Study to Evaluate the Efficacy and Safety of Treatment With Bendamustine in Combination With Ofatumumab in Previously Untreated Patients With Indolent B-Cell Non-Hodgkin's Lymphoma (NHL),COMPLETED,unmapped,UNKNOWN,unknown,lymphoma,True,2010.0,1,1,1,completed+positive_text+results,0,0.0,0.0,0.0,0.0,0.0,0.0,0.0,0.0,0.0,0.0,0.0,0.0,0.0,,,,1,1,0,0.0,0.0,0.0,0.0,0.0,0.0,0.0,0.0,0.0,0.0,0.0,0.0,0.0,0.0,0.0,0.0,0.0,0.0,0.4,0.5,0.0,0.5,0.0,0.0,0.0,0.0,0.0,0.0,0.3,0,0.0,0.2,0.3,0.4,0.0,0.0,0.0,0.0,0.0,0.0,1.0,0.0,0.0,0.0,0.0,0.0,0.0,0.0,0.5,0.3,0.7,0.8,0.0,0.0,0.295,0.0,0.22,0.0,0.0625
NCT00284154,A Phase II Trial of VInflunine in the Treatment of Patients With Relapsed Extensive Small Cell Lung Cancer,COMPLETED,unmapped,UNKNOWN,unknown,cancer nos,True,2006.0,1,1,1,completed+positive_text+results,0,0.0,0.0,0.0,0.0,0.0,0.0,0.0,0.0,0.0,0.0,0.0,0.0,0.0,,,,1,1,0,0.0,0.0,0.0,0.0,0.0,0.0,0.0,0.0,0.0,0.0,0.0,0.0,0.0,0.0,0.0,0.0,0.0,0.0,0.4,0.5,0.0,0.5,0.0,0.0,0.0,0.0,0.0,0.0,0.3,0,0.0,0.2,0.3,0.4,0.0,0.0,0.0,0.0,0.0,0.0,1.0,0.0,0.0,0.0,0.0,0.0,0.0,0.0,0.5,0.3,0.7,0.8,0.0,0.0,0.295,0.0,0.22,0.0,0.0625
NCT01256359,A Double Blind Randomised Phase 2 Trial of Docetaxel With or Without AZD6244 in wt BRAF Advanced Melanoma,COMPLETED,docetaxel,TUBB,small_molecule,melanoma,True,2010.0,0,0,0,completed+results+no_positive_signal,1,1.0,0.3,0.2,0.25,0.3,0.4,0.25,0.3,0.002,0.0,1.0,0.0,0.43,,,,1,1,0,715.0,0.000807165034965035,1.0,1.0,1.0,0.5950000000000001,0.05,0.7,0.7,17.0,0.85,0.34,0.38,0.0,0.0,0.0,0.0,0.0,0.0,0.0,0.0,0.0,0.55,0.44000000000000006,0.6,0.7,0.59,0.59,0.7,1,1.0,0.2,0.3,0.4,0.0,0.0,0.8187500000000001,0.0,0.8187500000000001,0.0,0.0,0.0,0.0,0.63,0.3,1.0,0.001,0.1,0.5,0.3,0.7,0.8,0.178,72.0168,0.295,0.3088,0.04,0.2006,14.5652
NCT03617679,"A Phase II, Randomized, Double-Blind Study of the Use of Rucaparib vs. Placebo Maintenance Therapy in Metastatic and Recurrent Endometrial Cancer",COMPLETED,rucaparib,PARP1,small_molecule,endometrial cancer,True,2019.0,0,0,0,completed+results+no_positive_signal,1,1.0,0.3,0.2,0.25,0.3,0.4,0.25,0.3,0.019,0.0,0.9210526315789473,0.0,0.65,,,,1,1,0,598.0,0.0007508963210702341,1.0,0.5,0.0,0.0,0.15,1.0,0.7,35.0,1.0,0.7,0.6,1.0,1.0,-0.48,0.5,0.0,0.4,0.6,0.0,0.5,0.7,0.5599999999999999,0.9,1.0,0.79,0.79,0.7,1,1.0,0.6,0.35,0.5,0.0,0.0,0.33,0.0,0.33,0.0,0.5,0.0,0.0,0.72,0.3,0.9210526315789473,0.0095,0.1,0.5,0.3,0.7,0.8,0.682,60.0325,0.295,0.3718,0.28,0.1894,12.3418
NCT02722668,Transplantation of Umbilical Cord Blood From Unrelated Donors in Patients With Hematological Diseases Using a Non-Myeloablative Preparative Regimen,COMPLETED,cyclophosphamide,DNA,small_molecule,multiple myeloma,True,2017.0,0,0,0,completed+results+no_positive_signal,1,1.0,0.3,0.2,0.25,0.3,0.4,0.25,0.3,1.0,0.54,0.49109481403876376,0.0,0.3,,,,1,1,0,578.0,0.0007351176470588234,1.0,1.0,1.0,0.5889090909090909,0.05,0.28,0.7,10.0,0.5,0.2,0.2,0.0,0.0,0.0,0.0,0.0,0.4,0.6,0.0,0.5,0.4,0.32000000000000006,0.2,0.3,0.3,0.3,0.7,1,1.0,0.2,0.3,0.4,0.0,0.0,0.7372272727272728,0.0,0.7372272727272728,0.0,0.0,0.54,0.378,0.42,0.3,0.49109481403876376,0.77,0.1,0.5,0.3,0.7,0.8,0.1325,58.3158,0.295,0.445,0.28,0.6243,11.9192
NCT00861913,Phase II Trial of Pazopanib (GW786034) in Pre-Treated and Untreated Metastatic Melanoma Patients,COMPLETED,pazopanib,VEGFR2,small_molecule,melanoma,True,2009.0,0,0,0,completed+results+no_positive_signal,1,1.0,0.3,0.2,0.25,0.3,0.4,0.25,0.3,0.23,0.06,0.5108695652173914,0.0,0.55,,,,1,1,0,606.0,0.0007355808580858086,1.0,0.5,0.0,0.0,0.2,1.0,0.7,7.0,0.35,0.14,0.5,0.5,0.5,-0.31,0.5,0.0,0.4,0.6,0.0,0.5,0.4,0.32000000000000006,0.9,1.0,0.3,0.3,0.7,1,1.0,0.2,0.3,0.4,0.0,0.0,0.33,0.0,0.33,0.0,0.5,0.2608695652173913,0.18260869565217389,0.32999999999999996,0.3,0.5108695652173914,0.14500000000000002,0.1,0.5,0.3,0.7,0.8,0.4125,60.835,0.295,0.247,0.28,0.2717,12.4182
NCT00462423,"Abraxane and Avastin as Therapy for Patients With Malignant Melanoma, a Phase II Study",COMPLETED,avastin,VEGFA,antibody,melanoma,True,2007.0,0,0,0,completed+results+no_positive_signal,1,1.0,0.3,0.2,0.25,0.3,0.4,0.25,0.3,0.248,0.08,0.564516129032258,0.0,0.75,,,,1,1,0,582.0,0.0006893024054982818,1.0,1.0,1.0,0.83255,0.3,1.0,0.7,30.0,1.0,0.6,0.7,1.0,1.0,-0.22,0.0,0.0,0.4,0.6,0.0,0.5,0.82,0.656,0.7,0.8,0.83,0.83,0.8,1,1.0,0.2,0.3,0.5,0.0,0.0,0.0,0.295,0.295,1.0,0.0,0.3225806451612903,0.2258064516129032,0.72,0.3,0.564516129032258,0.164,0.1,0.5,0.3,0.7,0.8,0.704,58.7649,0.295,0.4482,0.28,0.3129,12.1214
NCT00068380,A Phase II Trial of STI571 in the Treatment of Metastatic Gastric Cancer,COMPLETED,imatinib,ABL1,small_molecule,gastric cancer,True,2004.0,0,0,0,completed+results+no_positive_signal,1,1.0,0.3,0.2,0.25,0.3,0.4,0.25,0.3,0.009,0.0,0.8333333333333333,0.0,0.8,,,,1,1,0,399.0,0.0007217443609022556,0.798,1.0,1.0,0.5742,0.1,1.0,0.7,13.0,0.65,0.26,0.75,1.0,1.0,-0.77,1.0,1.0,0.4,0.6,0.0,0.5,0.9,0.7200000000000001,1.0,1.0,0.84,0.84,0.7,1,1.0,0.2,0.25,0.35,0.0,0.0,0.8935500000000001,0.0,0.8935500000000001,0.0,0.0,0.0,0.0,0.51,0.3,0.8333333333333333,0.0045,0.1,0.5,0.3,0.7,0.8,0.7145,40.5161,0.295,0.2659,0.28,0.1691,8.4234
NCT01421017,"Phase I/II Study of TLR7 Agonist Imiquimod, Cyclophosphamide, and Radiotherapy in Breast Cancer Patients With Chest Wall Recurrence or Skin Metastases",COMPLETED,cyclophosphamide,DNA,small_molecule,breast cancer,True,2011.0,0,0,0,completed+results+no_positive_signal,1,1.0,0.3,0.2,0.25,0.3,0.4,0.25,0.3,1.0,1.0,0.5224914169787764,0.0,0.3,,,,1,1,0,578.0,0.0007351176470588234,1.0,1.0,1.0,0.5889090909090909,0.05,0.28,0.7,10.0,0.5,0.2,0.2,0.0,0.0,0.0,0.0,0.0,0.4,0.6,0.0,0.5,0.4,0.32000000000000006,0.2,0.3,0.3,0.3,0.7,1,1.0,0.2,0.3,0.4,0.0,0.0,0.7372272727272728,0.0,0.7372272727272728,0.0,0.0,1.0,0.7,0.42,0.3,0.5224914169787764,1.0,0.1,0.5,0.3,0.7,0.8,0.1325,58.3158,0.295,0.514,0.28,0.8445,11.955
NCT00705250,A Phase II Study of Bendamustine HCL in Relapsed and Primary Refractory Hodgkin Lymphoma.,COMPLETED,unmapped,UNKNOWN,unknown,lymphoma,True,2008.0,1,1,1,completed+positive_text+results,0,0.0,0.0,0.0,0.0,0.0,0.0,0.0,0.0,0.0,0.0,0.0,0.0,0.0,,,,1,1,0,0.0,0.0,0.0,0.0,0.0,0.0,0.0,0.0,0.0,0.0,0.0,0.0,0.0,0.0,0.0,0.0,0.0,0.0,0.4,0.5,0.0,0.5,0.0,0.0,0.0,0.0,0.0,0.0,0.3,0,0.0,0.2,0.3,0.4,0.0,0.0,0.0,0.0,0.0,0.0,1.0,0.0,0.0,0.0,0.0,0.0,0.0,0.0,0.5,0.3,0.7,0.8,0.0,0.0,0.295,0.0,0.22,0.0,0.0625
NCT04154189,"A Multicenter, Open-label, Randomized Phase 2 Study to Compare the Efficacy and Safety of Lenvatinib in Combination With Ifosfamide and Etoposide Versus Ifosfamide and Etoposide in Children, Adolescents and Young Adults With Relapsed or Refractory Osteosarcoma (OLIE)",COMPLETED,lenvatinib,VEGFR2,small_molecule,cancer nos,True,2020.0,0,0,0,completed+results+no_positive_signal,1,1.0,0.3,0.2,0.25,0.3,0.4,0.25,0.3,0.0,0.0,0.0,0.0,0.55,,,,1,1,0,606.0,0.0007355808580858086,1.0,0.5,0.0,0.0,0.2,1.0,0.7,7.0,0.35,0.14,0.5,0.5,0.5,-0.31,0.5,0.0,0.4,0.6,0.0,0.5,0.4,0.32000000000000006,0.9,1.0,0.3,0.3,0.7,1,1.0,0.2,0.3,0.4,0.0,0.0,0.33,0.0,0.33,0.0,0.5,0.0,0.0,0.32999999999999996,0.3,0.0,0.0,0.1,0.5,0.3,0.7,0.8,0.4125,60.835,0.295,0.2035,0.28,0.0,12.3823
NCT00905060,"PHASE 2, Multi-center, Single Arm Investigation of HSPPC-96 Vaccine With Temozolomide in Patients With Newly Diagnosed Glioblastoma Multiforme",COMPLETED,temozolomide,DNA,small_molecule,cancer nos,True,2009.0,0,0,0,completed+results+no_positive_signal,1,1.0,0.3,0.2,0.25,0.3,0.4,0.25,0.3,0.0,0.0,0.0,0.0,0.3,,,,1,1,0,578.0,0.0007351176470588234,1.0,1.0,1.0,0.5889090909090909,0.05,0.28,0.7,10.0,0.5,0.2,0.2,0.0,0.0,0.0,0.0,0.0,0.4,0.6,0.0,0.5,0.4,0.32000000000000006,0.2,0.3,0.3,0.3,0.7,1,1.0,0.2,0.3,0.4,0.0,0.0,0.7372272727272728,0.0,0.7372272727272728,0.0,0.0,0.0,0.0,0.42,0.3,0.0,0.0,0.1,0.5,0.3,0.7,0.8,0.1325,58.3158,0.295,0.214,0.28,0.0,11.8106
NCT02530489,"Triple-Negative First-Line Study: Neoadjuvant Trial of Nab-Paclitaxel and MPDL3280A, a PDL-1 Inhibitor in Patients With Triple Negative Breast Cancer",COMPLETED,atezolizumab,CD274,antibody,breast cancer,True,2016.0,0,0,0,completed+results+no_positive_signal,1,1.0,0.3,0.2,0.25,0.3,0.4,0.25,0.3,0.111,0.04,1.0,0.0,0.45,,,,1,1,0,929.0,0.0007426555435952638,1.0,1.0,1.0,0.688875,0.2,0.6,0.7,27.0,1.0,0.54,0.4,0.5,0.5,-0.18,0.0,0.0,0.4,0.6,0.0,0.5,0.58,0.46399999999999997,0.9,1.0,0.63,0.63,0.8,1,1.0,0.85,0.95,0.8,1.0,1.0,0.0,0.6575,0.6575,1.0,0.0,0.36036036036036034,0.25225225225225223,0.72,0.3,1.0,0.0755,0.1,0.5,0.3,0.7,0.8,0.409,93.4383,0.295,0.4017,0.28,0.3741,18.9792
NCT01950390,A Randomized Phase II Trial of Ipilimumab With or Without Bevacizumab in Patients With Unresectable Stage III or Stage IV Melanoma,COMPLETED,ipilimumab,CTLA4,antibody,melanoma,False,2014.0,0,0,0,completed+results+no_positive_signal,1,1.0,0.3,0.2,0.25,0.3,0.4,0.25,0.3,1.0,0.94,0.7076653306613225,0.0,0.55,,,,1,1,1,822.0,0.0007566520681265206,1.0,0.5,0.0,0.0,0.05,0.36,0.7,11.0,0.55,0.22,0.5,0.5,0.5,-0.12,0.0,0.0,0.4,0.6,0.0,0.5,0.62,0.496,0.8,0.9,0.61,0.61,0.8,1,1.0,0.7,0.6,0.8,1.0,1.0,0.0,0.5700000000000001,0.5700000000000001,1.0,0.5,0.94,0.6579999999999999,0.45,0.3,0.7076653306613225,0.97,0.1,,,,,0.428,82.3775,0.0,0.5185,0.28,0.8536,16.8136
NCT00112489,"A Phase II Evaluation of Paclitaxel (Taxol, NSC # 673089) and Carboplatin (Paraplatin, NSC #241240) in the Treatment of Advanced, Persistent, or Recurrent Uterine Carcinosarcoma",COMPLETED,carboplatin,DNA,small_molecule,cancer nos,True,2005.0,0,0,0,completed+results+no_positive_signal,1,1.0,0.3,0.2,0.25,0.3,0.4,0.25,0.3,0.0,0.0,0.0,0.0,0.3,,,,1,1,0,578.0,0.0007351176470588234,1.0,1.0,1.0,0.5889090909090909,0.05,0.28,0.7,10.0,0.5,0.2,0.2,0.0,0.0,0.0,0.0,0.0,0.4,0.6,0.0,0.5,0.4,0.32000000000000006,0.2,0.3,0.3,0.3,0.7,1,1.0,0.2,0.3,0.4,0.0,0.0,0.7372272727272728,0.0,0.7372272727272728,0.0,0.0,0.0,0.0,0.42,0.3,0.0,0.0,0.1,0.5,0.3,0.7,0.8,0.1325,58.3158,0.295,0.214,0.28,0.0,11.8106
NCT01498289,"A Randomized Phase II Pilot Study Prospectively Evaluating Treatment for Patients Based on ERCC1(Excision Repair Cross-Complementing 1) for Advanced/Metastatic Esophageal, Gastric or Gastroesophageal Junction (GEJ) Cancer",COMPLETED,oxaliplatin,DNA,small_molecule,gastric cancer,True,2012.0,0,0,0,completed+results+no_positive_signal,1,1.0,0.3,0.2,0.25,0.3,0.4,0.25,0.3,1.0,0.61,0.5149934810951761,0.0,0.3,,,,1,1,0,578.0,0.0007351176470588234,1.0,1.0,1.0,0.5889090909090909,0.05,0.28,0.7,10.0,0.5,0.2,0.2,0.0,0.0,0.0,0.0,0.0,0.4,0.6,0.0,0.5,0.4,0.32000000000000006,0.2,0.3,0.3,0.3,0.7,1,1.0,0.2,0.3,0.4,0.0,0.0,0.7372272727272728,0.0,0.7372272727272728,0.0,0.0,0.61,0.427,0.42,0.3,0.5149934810951761,0.8049999999999999,0.1,0.5,0.3,0.7,0.8,0.1325,58.3158,0.295,0.4555,0.28,0.6616,11.9251
NCT04282018,"A Phase 1/2, Dose Escalation and Expansion Study of BGB-10188, a Phosphatidylinositol 3-Kinase Delta (PI3Kδ) Inhibitor, Combined With Zanubrutinib in Patients With Mature B-Cell Malignancies and Combined With Tislelizumab in Patients With Solid Tumors",COMPLETED,zanubrutinib,BTK,small_molecule,solid tumors,True,2020.0,0,0,0,completed+results+no_positive_signal,1,1.0,0.3,0.2,0.25,0.3,0.4,0.25,0.3,0.039,0.02,1.0,0.0,0.65,,,,1,1,0,529.0,0.0007996710775047259,1.0,0.5,0.1,0.796,0.05,1.0,0.7,14.0,0.7,0.28,0.6,1.0,1.0,-0.65,1.0,1.0,0.4,0.6,0.0,0.5,0.75,0.6000000000000001,0.9,1.0,0.77,0.77,0.7,1,1.0,0.3,0.4,0.65,0.0,0.0,0.554,0.0,0.554,0.0,0.5,0.5128205128205129,0.358974358974359,0.54,0.3,1.0,0.0295,0.1,0.5,0.3,0.7,0.8,0.681,53.3119,0.295,0.2768,0.28,0.4122,11.0007
NCT02213289,PANGEA: Personalized Antibodies for Gastro-Esophageal Adenocarcinoma,COMPLETED,nivolumab,PDCD1,antibody,cancer nos,True,2015.0,0,0,0,completed+results+no_positive_signal,1,1.0,0.3,0.2,0.25,0.3,0.4,0.25,0.3,0.0,0.0,0.0,0.0,0.5,,,,1,1,0,837.0,0.0007509342891278374,1.0,1.0,0.6,0.6553333333333333,0.05,0.36,0.7,9.0,0.45,0.18,0.45,0.5,0.5,-0.15,0.0,0.0,0.4,0.6,0.0,0.5,0.6,0.48,0.9,1.0,0.65,0.65,0.8,1,1.0,0.85,0.8,0.85,1.0,1.0,0.0,0.62,0.62,1.0,0.0,0.0,0.0,0.39,0.3,0.0,0.0,0.1,0.5,0.3,0.7,0.8,0.42,84.1658,0.295,0.2005,0.28,0.0,17.0498
NCT03733990,"A Phase I/II Open-Label, Three-Part, Dose-Finding and Separate Cohort Expansion Trial to Assess the Safety, Tolerability and Preliminary Efficacy of Repeated Doses of CLEVER-1 Antibody FP-1305, in Subjects With Advanced Solid Tumours",COMPLETED,unmapped,UNKNOWN,unknown,cancer nos,True,2018.0,0,0,0,completed+negative_text,0,0.0,0.0,0.0,0.0,0.0,0.0,0.0,0.0,0.0,0.0,0.0,0.0,0.0,,,,1,1,0,0.0,0.0,0.0,0.0,0.0,0.0,0.0,0.0,0.0,0.0,0.0,0.0,0.0,0.0,0.0,0.0,0.0,0.0,0.4,0.5,0.0,0.5,0.0,0.0,0.0,0.0,0.0,0.0,0.3,0,0.0,0.2,0.3,0.4,0.0,0.0,0.0,0.0,0.0,0.0,1.0,0.0,0.0,0.0,0.0,0.0,0.0,0.0,0.5,0.3,0.7,0.8,0.0,0.0,0.295,0.0,0.22,0.0,0.0625
NCT00439517,"A Randomized, Open-label Phase II Study Evaluating the Efficacy and Safety of FOLFOX-4 Plus Cetuximab Versus UFOX Plus Cetuximab as First-line Therapy in Subjects With Metastatic Colorectal Cancer.",COMPLETED,cetuximab,EGFR,antibody,colorectal cancer,True,2007.0,0,0,0,completed+results+no_positive_signal,1,1.0,0.72,0.55,0.65,0.75,0.4,0.55,0.7,1.0,1.0,0.5960482985729967,0.0,0.9,,,,0,1,0,774.0,0.0007825607235142119,1.0,1.0,1.0,0.6139,0.1,1.0,0.7,56.0,1.0,1.0,0.85,1.0,1.0,-0.82,1.0,1.0,0.4,0.6,0.0,0.5,0.95,0.76,1.0,1.0,0.9,0.9,0.8,1,1.0,0.2,0.3,0.4,0.0,0.0,0.0,0.295,0.295,1.0,0.0,1.0,0.7,0.8879999999999999,0.72,0.5960482985729967,1.0,0.275,0.5,0.3,0.7,0.8,0.85,78.1316,0.295,0.7526,0.3362,0.8592,16.1552
NCT00096018,A Phase I/II Study of Fludarabine Plus Thalidomide as Frontline Therapy for Newly Diagnosed Patients With Chronic Lymphocytic Leukemia,COMPLETED,thalidomide,CRBN,small_molecule,leukemia,True,2002.0,0,0,0,completed+results+no_positive_signal,1,1.0,0.3,0.2,0.25,0.3,0.4,0.25,0.3,0.06,0.0,1.0,0.0,0.4,,,,1,1,0,630.0,0.0008394936507936509,1.0,0.5,0.0,0.0,0.05,0.32,0.7,1.0,0.05,0.02,0.35,0.5,0.5,-0.55,1.0,1.0,0.4,0.6,0.0,0.5,0.55,0.44000000000000006,0.6,0.7,0.58,0.58,0.7,1,1.0,0.3,0.4,0.55,0.1,0.0,0.27,0.0,0.27,0.0,0.5,0.0,0.0,0.15,0.3,1.0,0.03,0.1,0.5,0.3,0.7,0.8,0.3965,63.2775,0.295,0.1015,0.28,0.2165,12.8681
NCT00599313,Phase II Trial of Sunitinib Malate for the Therapy of Progressive Metastatic Androgen Independent Prostate Cancer (AIPC) Following Docetaxel-based Chemotherapy,COMPLETED,sunitinib,VEGFR2,small_molecule,prostate cancer,True,2007.0,0,0,0,completed+results+no_positive_signal,1,1.0,0.3,0.2,0.25,0.3,0.4,0.25,0.3,0.17,0.08,0.45588235294117646,0.0,0.55,,,,1,1,0,606.0,0.0007355808580858086,1.0,0.5,0.0,0.0,0.2,1.0,0.7,7.0,0.35,0.14,0.5,0.5,0.5,-0.31,0.5,0.0,0.4,0.6,0.0,0.5,0.4,0.32000000000000006,0.9,1.0,0.3,0.3,0.7,1,1.0,0.2,0.3,0.4,0.0,0.0,0.33,0.0,0.33,0.0,0.5,0.47058823529411764,0.32941176470588235,0.32999999999999996,0.3,0.45588235294117646,0.125,0.1,0.5,0.3,0.7,0.8,0.4125,60.835,0.295,0.241,0.28,0.3275,12.4226
NCT00617409,A Randomized Phase II Trial Using Dendritic Cells Transduced With an Adenoviral Vector Containing the p53 Gene to Immunize Patients With Extensive Stage Small Cell Lung Cancer in Combination With Chemotherapy With or Without All Trans Retinoic Acid,COMPLETED,paclitaxel,TUBB,small_molecule,cancer nos,True,2007.0,0,0,0,completed+results+no_positive_signal,1,1.0,0.3,0.2,0.25,0.3,0.4,0.25,0.3,0.0,0.0,0.0,0.0,0.43,,,,1,1,0,715.0,0.000807165034965035,1.0,1.0,1.0,0.5950000000000001,0.05,0.7,0.7,17.0,0.85,0.34,0.38,0.0,0.0,0.0,0.0,0.0,0.0,0.0,0.0,0.0,0.55,0.44000000000000006,0.6,0.7,0.59,0.59,0.7,1,1.0,0.2,0.3,0.4,0.0,0.0,0.8187500000000001,0.0,0.8187500000000001,0.0,0.0,0.0,0.0,0.63,0.3,0.0,0.0,0.1,0.5,0.3,0.7,0.8,0.178,72.0168,0.295,0.3085,0.04,0.0,14.5451
NCT01868893,"An Expanded Access, Open-Label Study of Obinutuzumab (GA101) Plus Chlorambucil in Patients With Previously Untreated Chronic Lymphocytic Leukemia",COMPLETED,obinutuzumab,MS4A1,antibody,leukemia,True,2013.0,0,0,0,completed+results+no_positive_signal,1,1.0,0.85,0.62,0.68,0.9,0.4,0.65,0.82,0.013,0.01,0.3846153846153846,0.0,0.65,,,,0,1,0,525.0,0.0006596552380952381,1.0,0.5,0.0,0.0,0.05,0.44,0.7,11.0,0.55,0.22,0.6,0.5,0.5,-0.44,0.5,0.0,0.4,0.6,0.0,0.5,0.68,0.544,0.9,1.0,0.73,0.73,0.8,1,1.0,0.25,0.35,0.65,0.0,0.0,0.0,0.3075,0.3075,1.0,0.5,0.7692307692307693,0.5384615384615384,0.67,0.85,0.3846153846153846,0.0115,0.31,0.5,0.3,0.7,0.8,0.5815,52.8725,0.295,0.3529,0.3515,0.3812,10.9108
NCT01020006,Phase II Study of Coagulation Factor VIIa Inhibitor PCI-27483 in Pancreatic Cancer Patients Receiving Treatment With Gemcitabine,COMPLETED,gemcitabine,RRM1,small_molecule,pancreatic cancer,True,2009.0,0,0,0,completed+results+no_positive_signal,1,1.0,0.3,0.2,0.25,0.3,0.4,0.25,0.3,0.068,0.02,0.5147058823529411,0.0,0.47,,,,1,1,0,475.0,0.000819562105263158,0.95,1.0,1.0,0.5399499999999999,0.05,0.54,0.7,4.0,0.2,0.08,0.42,0.0,0.0,0.0,0.0,0.0,0.4,0.6,0.0,0.5,0.58,0.46399999999999997,0.6,0.7,0.62,0.62,0.7,1,1.0,0.2,0.3,0.4,0.0,0.0,0.8049875000000001,0.0,0.8049875000000001,0.0,0.0,0.29411764705882354,0.20588235294117646,0.24,0.3,0.5147058823529411,0.044000000000000004,0.1,0.5,0.3,0.7,0.8,0.1875,48.0085,0.295,0.1462,0.28,0.2378,9.7731
NCT00867087,"An Open-label, Single-arm, Phase 2 Study Of Inotuzumab Ozogamicin Plus Rituximab In Subjects With Relapsed/Refractory Cd22-positive Diffuse Large B-cell Lymphoma, Eligible For Autologous Stem Cell Transplantation",COMPLETED,rituximab,MS4A1,antibody,lymphoma,True,2009.0,0,0,0,completed+results+no_positive_signal,1,1.0,0.88,0.65,0.7,0.92,0.4,0.68,0.85,0.028,0.0,0.7142857142857142,0.0,0.65,,,,0,1,0,525.0,0.0006596552380952381,1.0,0.5,0.0,0.0,0.05,0.44,0.7,11.0,0.55,0.22,0.6,0.5,0.5,-0.44,0.5,0.0,0.4,0.6,0.0,0.5,0.68,0.544,0.9,1.0,0.73,0.73,0.8,1,1.0,0.25,0.35,0.65,0.0,0.0,0.0,0.3075,0.3075,1.0,0.5,0.0,0.0,0.682,0.88,0.7142857142857142,0.014,0.325,0.5,0.3,0.7,0.8,0.589,52.8785,0.295,0.3606,0.3568,0.1506,10.8931
NCT02654132,"An Open Label, Randomized Phase 2 Trial of Pomalidomide/Dexamethasone With or Without Elotuzumab in Relapsed and Refractory Multiple Myeloma (ELOQUENT-3)",COMPLETED,pomalidomide,CRBN,small_molecule,multiple myeloma,True,2016.0,0,0,0,completed+results+no_positive_signal,1,1.0,0.3,0.2,0.25,0.3,0.4,0.25,0.3,0.2,0.05,0.875,0.0,0.4,,,,1,1,0,630.0,0.0008394936507936509,1.0,0.5,0.0,0.0,0.05,0.32,0.7,1.0,0.05,0.02,0.35,0.5,0.5,-0.55,1.0,1.0,0.4,0.6,0.0,0.5,0.55,0.44000000000000006,0.6,0.7,0.58,0.58,0.7,1,1.0,0.3,0.4,0.55,0.1,0.0,0.27,0.0,0.27,0.0,0.5,0.25,0.175,0.15,0.3,0.875,0.125,0.1,0.5,0.3,0.7,0.8,0.3965,63.2775,0.295,0.13,0.28,0.3313,12.8853
NCT00332163,"A Phase 2, Open-label, Randomized Clinical Trial of Skin Toxicity Treatment in Subjects Receiving Second-line FOLFIRI or Irinotecan Only Chemotherapy Concomitantly With Panitumumab",COMPLETED,panitumumab,EGFR,antibody,colorectal cancer,True,2006.0,0,0,0,completed+results+no_positive_signal,1,1.0,0.72,0.55,0.65,0.75,0.4,0.55,0.7,1.0,1.0,0.5960482985729967,0.0,0.9,,,,0,1,0,774.0,0.0007825607235142119,1.0,1.0,1.0,0.6139,0.1,1.0,0.7,56.0,1.0,1.0,0.85,1.0,1.0,-0.82,1.0,1.0,0.4,0.6,0.0,0.5,0.95,0.76,1.0,1.0,0.9,0.9,0.8,1,1.0,0.2,0.3,0.4,0.0,0.0,0.0,0.295,0.295,1.0,0.0,1.0,0.7,0.8879999999999999,0.72,0.5960482985729967,1.0,0.275,0.5,0.3,0.7,0.8,0.85,78.1316,0.295,0.7526,0.3362,0.8592,16.1552
NCT02466009,Regorafenib in Adults 70 Years or Older With Metastatic Colorectal Cancer: A Phase II Study,COMPLETED,regorafenib,VEGFR2,small_molecule,colorectal cancer,True,2015.0,0,0,0,completed+results+no_positive_signal,1,1.0,0.3,0.2,0.25,0.3,0.4,0.25,0.3,0.278,0.24,0.5665467625899281,0.0,0.55,,,,1,1,0,606.0,0.0007355808580858086,1.0,0.5,0.0,0.0,0.2,1.0,0.7,7.0,0.35,0.14,0.5,0.5,0.5,-0.31,0.5,0.0,0.4,0.6,0.0,0.5,0.4,0.32000000000000006,0.9,1.0,0.3,0.3,0.7,1,1.0,0.2,0.3,0.4,0.0,0.0,0.33,0.0,0.33,0.0,0.5,0.8633093525179855,0.6043165467625898,0.32999999999999996,0.3,0.5665467625899281,0.259,0.1,0.5,0.3,0.7,0.8,0.4125,60.835,0.295,0.2812,0.28,0.5444,12.4523
NCT00179309,A Randomized Pilot Phase II Study of Docetaxel Alone or in Combination With PANVAC(Trademark)-V (Vaccinia) and PANVAC(Trademark)-F (Fowlpox) in Adults With Metastatic Breast Cancer,COMPLETED,docetaxel,TUBB,small_molecule,breast cancer,True,2005.0,1,1,1,completed+positive_text+results,1,1.0,0.3,0.2,0.25,0.3,0.4,0.25,0.3,0.016,0.0,1.0,0.0,0.43,,,,1,1,0,715.0,0.000807165034965035,1.0,1.0,1.0,0.5950000000000001,0.05,0.7,0.7,17.0,0.85,0.34,0.38,0.0,0.0,0.0,0.0,0.0,0.0,0.0,0.0,0.0,0.55,0.44000000000000006,0.6,0.7,0.59,0.59,0.7,1,1.0,0.2,0.3,0.4,0.0,0.0,0.8187500000000001,0.0,0.8187500000000001,0.0,0.0,0.0,0.0,0.63,0.3,1.0,0.008,0.1,0.5,0.3,0.7,0.8,0.178,72.0168,0.295,0.3109,0.04,0.2044,14.566
NCT02164916,Randomized Phase II Study of Irinotecan and Cetuximab With or Without Vemurafenib in BRAF Mutant Metastatic Colorectal Cancer,COMPLETED,cetuximab,EGFR,antibody,colorectal cancer,True,2014.0,0,0,0,completed+results+no_positive_signal,1,1.0,0.72,0.55,0.65,0.75,0.4,0.55,0.7,1.0,1.0,0.5960482985729967,0.0,0.9,,,,0,1,0,774.0,0.0007825607235142119,1.0,1.0,1.0,0.6139,0.1,1.0,0.7,56.0,1.0,1.0,0.85,1.0,1.0,-0.82,1.0,1.0,0.4,0.6,0.0,0.5,0.95,0.76,1.0,1.0,0.9,0.9,0.8,1,1.0,0.2,0.3,0.4,0.0,0.0,0.0,0.295,0.295,1.0,0.0,1.0,0.7,0.8879999999999999,0.72,0.5960482985729967,1.0,0.275,0.5,0.3,0.7,0.8,0.85,78.1316,0.295,0.7526,0.3362,0.8592,16.1552
NCT01165021,An Exploratory Phase 2 Study of Pemetrexed/Cisplatin as Pre-operative Chemotherapy in the Treatment of Stage IIIAN2 Nonsquamous Non-Small Cell Lung Cancer,COMPLETED,cisplatin,DNA,small_molecule,nsclc,True,2010.0,0,0,0,completed+results+no_positive_signal,1,1.0,0.3,0.2,0.25,0.3,0.4,0.25,0.3,1.0,1.0,0.7610274096932292,0.0,0.3,,,,1,1,0,578.0,0.0007351176470588234,1.0,1.0,1.0,0.5889090909090909,0.05,0.28,0.7,10.0,0.5,0.2,0.2,0.0,0.0,0.0,0.0,0.0,0.4,0.6,0.0,0.5,0.4,0.32000000000000006,0.2,0.3,0.3,0.3,0.7,1,1.0,0.2,0.3,0.4,0.0,0.0,0.7372272727272728,0.0,0.7372272727272728,0.0,0.0,1.0,0.7,0.42,0.3,0.7610274096932292,1.0,0.1,0.5,0.3,0.7,0.8,0.1325,58.3158,0.295,0.514,0.28,0.8922,11.9598
NCT00114140,A Phase II Study of a Temozolomide-Based Chemoradiotherapy Regimen for High-Risk Low-Grade Gliomas,COMPLETED,temozolomide,DNA,small_molecule,cancer nos,False,2005.0,0,0,0,completed+results+no_positive_signal,1,1.0,0.3,0.2,0.25,0.3,0.4,0.25,0.3,0.0,0.0,0.0,0.0,0.3,,,,1,1,1,578.0,0.0007351176470588234,1.0,1.0,1.0,0.5889090909090909,0.05,0.28,0.7,10.0,0.5,0.2,0.2,0.0,0.0,0.0,0.0,0.0,0.4,0.6,0.0,0.5,0.4,0.32000000000000006,0.2,0.3,0.3,0.3,0.7,1,1.0,0.2,0.3,0.4,0.0,0.0,0.7372272727272728,0.0,0.7372272727272728,0.0,0.0,0.0,0.0,0.42,0.3,0.0,0.0,0.1,,,,,0.1325,58.3158,0.0,0.214,0.28,0.0,11.7811
NCT01460940,A Phase II Trial of Panobinostat and Lenalidomide in Patients With Relapsed or Refractory Hodgkin's Lymphoma,COMPLETED,lenalidomide,CRBN,small_molecule,lymphoma,True,2011.0,0,0,0,completed+results+no_positive_signal,1,1.0,0.3,0.2,0.25,0.3,0.4,0.25,0.3,0.04,0.02,1.0,0.0,0.4,,,,1,1,0,630.0,0.0008394936507936509,1.0,0.5,0.0,0.0,0.05,0.32,0.7,1.0,0.05,0.02,0.35,0.5,0.5,-0.55,1.0,1.0,0.4,0.6,0.0,0.5,0.55,0.44000000000000006,0.6,0.7,0.58,0.58,0.7,1,1.0,0.3,0.4,0.55,0.1,0.0,0.27,0.0,0.27,0.0,0.5,0.5,0.35,0.15,0.3,1.0,0.03,0.1,0.5,0.3,0.7,0.8,0.3965,63.2775,0.295,0.1015,0.28,0.4075,12.8872
NCT01530997,Phase II Study of De-intensification of Radiation and Chemotherapy for Low-Risk HPV-related Oropharyngeal Squamous Cell Carcinoma,COMPLETED,cisplatin,DNA,small_molecule,hnscc,True,2012.0,0,0,0,completed+results+no_positive_signal,1,1.0,0.3,0.2,0.25,0.3,0.4,0.25,0.3,1.0,0.3,0.6134969325153374,0.0,0.3,,,,1,1,0,578.0,0.0007351176470588234,1.0,1.0,1.0,0.5889090909090909,0.05,0.28,0.7,10.0,0.5,0.2,0.2,0.0,0.0,0.0,0.0,0.0,0.4,0.6,0.0,0.5,0.4,0.32000000000000006,0.2,0.3,0.3,0.3,0.7,1,1.0,0.2,0.3,0.4,0.0,0.0,0.7372272727272728,0.0,0.7372272727272728,0.0,0.0,0.3,0.21,0.42,0.3,0.6134969325153374,0.65,0.1,0.5,0.3,0.7,0.8,0.1325,58.3158,0.295,0.409,0.28,0.5372,11.9033
NCT03531840,Phase II Study of Olaparib in Subjects With Malignant Mesothelioma,COMPLETED,olaparib,PARP1,small_molecule,cancer nos,True,2018.0,1,1,1,completed+positive_text+results,1,1.0,0.3,0.2,0.25,0.3,0.4,0.25,0.3,0.0,0.0,0.0,0.0,0.65,,,,1,1,0,598.0,0.0007508963210702341,1.0,0.5,0.0,0.0,0.15,1.0,0.7,35.0,1.0,0.7,0.6,1.0,1.0,-0.48,0.5,0.0,0.4,0.6,0.0,0.5,0.7,0.5599999999999999,0.9,1.0,0.79,0.79,0.7,1,1.0,0.6,0.35,0.5,0.0,0.0,0.33,0.0,0.33,0.0,0.5,0.0,0.0,0.72,0.3,0.0,0.0,0.1,0.5,0.3,0.7,0.8,0.682,60.0325,0.295,0.369,0.28,0.0,12.3223
NCT03255018,"Phase 2 Trial of Pembrolizumab in Relapsed and Refractory Gray-Zone Lymphoma (GZL), Primary Central Nervous System Lymphoma (PCNSL), and Other Extranodal Diffuse Large B-cell Lymphomas",COMPLETED,pembrolizumab,PDCD1,antibody,lymphoma,True,2018.0,0,0,0,completed+results+no_positive_signal,1,1.0,0.85,0.6,0.65,0.9,0.4,0.68,0.82,0.044,0.0,0.9090909090909091,0.0,0.5,,,,0,1,0,837.0,0.0007509342891278374,1.0,1.0,0.6,0.6553333333333333,0.05,0.36,0.7,9.0,0.45,0.18,0.45,0.5,0.5,-0.15,0.0,0.0,0.4,0.6,0.0,0.5,0.6,0.48,0.9,1.0,0.65,0.65,0.8,1,1.0,0.85,0.8,0.85,1.0,1.0,0.0,0.62,0.62,1.0,0.0,0.0,0.0,0.6100000000000001,0.85,0.9090909090909091,0.022,0.3,0.5,0.3,0.7,0.8,0.54,84.3108,0.295,0.3291,0.353,0.1939,17.1648
NCT01554397,Phase II/III Clinical Trial of Intensity Modulated Radiation Therapy With Concurrent Cisplatin for Stage I-IVA Cervical Carcinoma,COMPLETED,cisplatin,DNA,small_molecule,cervical cancer,True,2011.0,0,0,0,completed+results+no_positive_signal,1,1.0,0.3,0.2,0.25,0.3,0.4,0.25,0.3,1.0,1.0,0.4642951425554382,0.0,0.3,,,,1,1,0,578.0,0.0007351176470588234,1.0,1.0,1.0,0.5889090909090909,0.05,0.28,0.7,10.0,0.5,0.2,0.2,0.0,0.0,0.0,0.0,0.0,0.4,0.6,0.0,0.5,0.4,0.32000000000000006,0.2,0.3,0.3,0.3,0.7,1,1.0,0.2,0.3,0.4,0.0,0.0,0.7372272727272728,0.0,0.7372272727272728,0.0,0.0,1.0,0.7,0.42,0.3,0.4642951425554382,1.0,0.1,0.5,0.3,0.7,0.8,0.1325,58.3158,0.295,0.514,0.28,0.8329,11.9539
NCT00551460,"S0535, A Phase II Study of ATRA, Arsenic Trioxide and Gemtuzumab Ozogamicin in Patients With Previously Untreated High-Risk Acute Promyelocytic Leukemia",COMPLETED,methotrexate,DHFR,small_molecule,leukemia,True,2007.0,0,0,0,completed+results+no_positive_signal,1,1.0,0.3,0.2,0.25,0.3,0.4,0.25,0.3,0.178,0.01,0.14044943820224717,0.0,0.5,,,,1,1,0,445.0,0.0007931820224719102,0.89,1.0,1.0,0.7130500000000001,0.05,0.4,0.7,7.0,0.35,0.14,0.45,0.0,0.0,0.0,0.0,0.0,0.4,0.6,0.0,0.5,0.6,0.48,0.7,0.8,0.65,0.65,0.7,1,1.0,0.2,0.3,0.4,0.0,0.0,0.8682625,0.0,0.8682625,0.0,0.0,0.05617977528089888,0.03932584269662921,0.32999999999999996,0.3,0.14044943820224717,0.094,0.1,0.5,0.3,0.7,0.8,0.195,45.0345,0.295,0.2017,0.28,0.0997,9.1775
NCT02878785,Multicenter Phase 1/2 Study of Combination Therapy w/ DNA Methyltransferase Inhibitor Decitabine & Poly ADP Ribose Polymerase Inhibitor Talazoparib for Untreated AML in Adults Unfit for Cytotoxic Chemotherapy or R/R AML,COMPLETED,talazoparib,PARP1,small_molecule,leukemia,True,2016.0,1,1,1,completed+positive_text+results,1,1.0,0.3,0.2,0.25,0.3,0.4,0.25,0.3,0.285,0.03,0.8596491228070176,0.0,0.65,,,,1,1,0,598.0,0.0007508963210702341,1.0,0.5,0.0,0.0,0.15,1.0,0.7,35.0,1.0,0.7,0.6,1.0,1.0,-0.48,0.5,0.0,0.4,0.6,0.0,0.5,0.7,0.5599999999999999,0.9,1.0,0.79,0.79,0.7,1,1.0,0.6,0.35,0.5,0.0,0.0,0.33,0.0,0.33,0.0,0.5,0.10526315789473685,0.0736842105263158,0.72,0.3,0.8596491228070176,0.15749999999999997,0.1,0.5,0.3,0.7,0.8,0.682,60.0325,0.295,0.4162,0.28,0.2936,12.3611
NCT03006848,"A Phase II Trial of Avelumab, A Fully Human Antibody That Targets Cells Expressing PD-L1, in Patients With Recurrent or Progressive Osteosarcoma",COMPLETED,avelumab,CD274,antibody,cancer nos,True,2017.0,0,0,0,completed+results+no_positive_signal,1,1.0,0.3,0.2,0.25,0.3,0.4,0.25,0.3,0.0,0.0,0.0,0.0,0.45,,,,1,1,0,929.0,0.0007426555435952638,1.0,1.0,1.0,0.688875,0.2,0.6,0.7,27.0,1.0,0.54,0.4,0.5,0.5,-0.18,0.0,0.0,0.4,0.6,0.0,0.5,0.58,0.46399999999999997,0.9,1.0,0.63,0.63,0.8,1,1.0,0.85,0.95,0.8,1.0,1.0,0.0,0.6575,0.6575,1.0,0.0,0.0,0.0,0.72,0.3,0.0,0.0,0.1,0.5,0.3,0.7,0.8,0.409,93.4383,0.295,0.379,0.28,0.0,18.9372
NCT01470248,"A Single Arm, Two-Stage Phase II Study of Arsenic Trioxide in Previously Treated Small Cell Lung Cancer",COMPLETED,unmapped,UNKNOWN,unknown,cancer nos,True,2011.0,1,1,1,completed+positive_text+results,0,0.0,0.0,0.0,0.0,0.0,0.0,0.0,0.0,0.0,0.0,0.0,0.0,0.0,,,,1,1,0,0.0,0.0,0.0,0.0,0.0,0.0,0.0,0.0,0.0,0.0,0.0,0.0,0.0,0.0,0.0,0.0,0.0,0.0,0.4,0.5,0.0,0.5,0.0,0.0,0.0,0.0,0.0,0.0,0.3,0,0.0,0.2,0.3,0.4,0.0,0.0,0.0,0.0,0.0,0.0,1.0,0.0,0.0,0.0,0.0,0.0,0.0,0.0,0.5,0.3,0.7,0.8,0.0,0.0,0.295,0.0,0.22,0.0,0.0625
NCT00992225,Phase 2 Evaluation of a Once Every 28 Days Dosing Regimen for LY573636-sodium in Patients With Metastatic Breast Cancer,COMPLETED,unmapped,UNKNOWN,unknown,breast cancer,True,2009.0,1,1,1,completed+positive_text+results,0,0.0,0.0,0.0,0.0,0.0,0.0,0.0,0.0,0.0,0.0,0.0,0.0,0.0,,,,1,1,0,0.0,0.0,0.0,0.0,0.0,0.0,0.0,0.0,0.0,0.0,0.0,0.0,0.0,0.0,0.0,0.0,0.0,0.0,0.4,0.5,0.0,0.5,0.0,0.0,0.0,0.0,0.0,0.0,0.3,0,0.0,0.2,0.3,0.4,0.0,0.0,0.0,0.0,0.0,0.0,1.0,0.0,0.0,0.0,0.0,0.0,0.0,0.0,0.5,0.3,0.7,0.8,0.0,0.0,0.295,0.0,0.22,0.0,0.0625
NCT00550615,A Phase I/II Study of Dasatinib in Relapsed or Refractory Non-Hodgkin's Lymphoma (NHL) (BMS Protocol 180129),COMPLETED,dasatinib,ABL1,small_molecule,lymphoma,True,2007.0,0,0,0,completed+results+no_positive_signal,1,1.0,0.3,0.2,0.25,0.3,0.4,0.25,0.3,0.126,0.02,0.7936507936507936,0.0,0.8,,,,1,1,0,399.0,0.0007217443609022556,0.798,1.0,1.0,0.5742,0.1,1.0,0.7,13.0,0.65,0.26,0.75,1.0,1.0,-0.77,1.0,1.0,0.4,0.6,0.0,0.5,0.9,0.7200000000000001,1.0,1.0,0.84,0.84,0.7,1,1.0,0.2,0.25,0.35,0.0,0.0,0.8935500000000001,0.0,0.8935500000000001,0.0,0.0,0.15873015873015872,0.11111111111111109,0.51,0.3,0.7936507936507936,0.073,0.1,0.5,0.3,0.7,0.8,0.7145,40.5161,0.295,0.2864,0.28,0.2568,8.4363
NCT04967417,Pembrolizumab With Standard Cytotoxic Chemotherapy in Treatment Naive Non-small Cell Lung Cancer Patients With Asymptomatic Brain Metastases,COMPLETED,pembrolizumab,PDCD1,antibody,nsclc,True,2022.0,0,0,0,completed+results+no_positive_signal,1,1.0,0.92,0.68,0.72,0.95,0.4,0.75,0.88,0.03,0.0,1.0,0.0,0.5,,,,0,1,0,837.0,0.0007509342891278374,1.0,1.0,0.6,0.6553333333333333,0.05,0.36,0.7,9.0,0.45,0.18,0.45,0.5,0.5,-0.15,0.0,0.0,0.4,0.6,0.0,0.5,0.6,0.48,0.9,1.0,0.65,0.65,0.8,1,1.0,0.85,0.8,0.85,1.0,1.0,0.0,0.62,0.62,1.0,0.0,0.0,0.0,0.6380000000000001,0.92,1.0,0.015,0.34,0.5,0.3,0.7,0.8,0.5625,84.3253,0.295,0.3416,0.366,0.2083,17.1792
NCT03003520,"A Phase 2, Open-label, Multicenter Study to Evaluate the Safety and Clinical Activity of Durvalumab in Combination With Rituximab, Cyclophosphamide, Doxorubicin, Vincristine, Prednisone (R-CHOP) or With Lenalidomide Plus R-CHOP (R2-CHOP) in Subjects With Previously Untreated, High-Risk Diffuse Large B-Cell Lymphoma",COMPLETED,durvalumab,CD274,antibody,lymphoma,True,2017.0,0,0,0,completed+results+no_positive_signal,1,1.0,0.3,0.2,0.25,0.3,0.4,0.25,0.3,0.097,0.04,0.9278350515463917,0.0,0.45,,,,1,1,0,929.0,0.0007426555435952638,1.0,1.0,1.0,0.688875,0.2,0.6,0.7,27.0,1.0,0.54,0.4,0.5,0.5,-0.18,0.0,0.0,0.4,0.6,0.0,0.5,0.58,0.46399999999999997,0.9,1.0,0.63,0.63,0.8,1,1.0,0.85,0.95,0.8,1.0,1.0,0.0,0.6575,0.6575,1.0,0.0,0.41237113402061853,0.28865979381443296,0.72,0.3,0.9278350515463917,0.0685,0.1,0.5,0.3,0.7,0.8,0.409,93.4383,0.295,0.3996,0.28,0.3761,18.9789
NCT00994123,A Phase 1-2 Trial of MM-121 in Combination With Erlotinib in Three Groups of Patients With Non-Small Cell Lung Cancer,COMPLETED,erlotinib,EGFR,small_molecule,cancer nos,True,2010.0,0,0,0,completed+results+no_positive_signal,1,1.0,0.3,0.2,0.25,0.3,0.4,0.25,0.3,0.001,0.0,0.0,0.0,0.9,,,,1,1,0,774.0,0.0007825607235142119,1.0,1.0,1.0,0.6139,0.1,1.0,0.7,56.0,1.0,1.0,0.85,1.0,1.0,-0.82,1.0,1.0,0.4,0.6,0.0,0.5,0.95,0.76,1.0,1.0,0.9,0.9,0.7,1,1.0,0.2,0.3,0.4,0.0,0.0,0.903475,0.0,0.903475,0.0,0.0,0.0,0.0,0.72,0.3,0.0,0.0005,0.1,0.5,0.3,0.7,0.8,0.7375,78.0221,0.295,0.3591,0.28,0.0003,15.9321
NCT00047879,A Phase II Study of Peg-Interferon Alpha-2B (Peg-Intron(TM)) and Thalidomide in Adults With Recurrent High-Grade Gliomas,COMPLETED,thalidomide,CRBN,small_molecule,cancer nos,True,2002.0,1,1,1,completed+positive_text+results,1,1.0,0.3,0.2,0.25,0.3,0.4,0.25,0.3,0.0,0.0,0.0,0.0,0.4,,,,1,1,0,630.0,0.0008394936507936509,1.0,0.5,0.0,0.0,0.05,0.32,0.7,1.0,0.05,0.02,0.35,0.5,0.5,-0.55,1.0,1.0,0.4,0.6,0.0,0.5,0.55,0.44000000000000006,0.6,0.7,0.58,0.58,0.7,1,1.0,0.3,0.4,0.55,0.1,0.0,0.27,0.0,0.27,0.0,0.5,0.0,0.0,0.15,0.3,0.0,0.0,0.1,0.5,0.3,0.7,0.8,0.3965,63.2775,0.295,0.0925,0.28,0.0,12.8446
NCT03248570,Phase 2 Open Label Study of Pembrolizumab in Patients With Metastatic Castration Resistant Prostate Cancer (mCRPC) With or Without DNA Damage Repair Defects,COMPLETED,pembrolizumab,PDCD1,antibody,prostate cancer,True,2018.0,0,0,0,completed+results+no_positive_signal,1,1.0,0.3,0.2,0.25,0.3,0.4,0.25,0.3,0.009,0.0,1.0,0.0,0.5,,,,1,1,0,837.0,0.0007509342891278374,1.0,1.0,0.6,0.6553333333333333,0.05,0.36,0.7,9.0,0.45,0.18,0.45,0.5,0.5,-0.15,0.0,0.0,0.4,0.6,0.0,0.5,0.6,0.48,0.9,1.0,0.65,0.65,0.8,1,1.0,0.85,0.8,0.85,1.0,1.0,0.0,0.62,0.62,1.0,0.0,0.0,0.0,0.39,0.3,1.0,0.0045,0.1,0.5,0.3,0.7,0.8,0.42,84.1658,0.295,0.2019,0.28,0.2025,17.0703
NCT02826486,"A Phase IIa, Multicenter, Open-label Study to Assess the Safety and Efficacy of the Combination of BL-8040 and Pembrolizumab in Patients With Metastatic Pancreatic Cancer, the COMBAT Study (KEYNOTE-202)",COMPLETED,pembrolizumab,PDCD1,antibody,pancreatic cancer,True,2016.0,0,0,0,completed+results+no_positive_signal,1,1.0,0.3,0.2,0.25,0.3,0.4,0.25,0.3,0.012,0.0,1.0,0.0,0.5,,,,1,1,0,837.0,0.0007509342891278374,1.0,1.0,0.6,0.6553333333333333,0.05,0.36,0.7,9.0,0.45,0.18,0.45,0.5,0.5,-0.15,0.0,0.0,0.4,0.6,0.0,0.5,0.6,0.48,0.9,1.0,0.65,0.65,0.8,1,1.0,0.85,0.8,0.85,1.0,1.0,0.0,0.62,0.62,1.0,0.0,0.0,0.0,0.39,0.3,1.0,0.006,0.1,0.5,0.3,0.7,0.8,0.42,84.1658,0.295,0.2023,0.28,0.2033,17.0705
NCT03727880,"A Randomized Phase II Study of Pembrolizumab With or Without Defactinib, a Focal Adhesion Kinase Inhibitor Following Chemotherapy as a Neoadjuvant and Adjuvant Treatment for Resectable Pancreatic Ductal Adenocarcinoma (PDAC)",COMPLETED,pembrolizumab,PDCD1,antibody,pancreatic cancer,True,2019.0,0,0,0,completed+results+no_positive_signal,1,1.0,0.3,0.2,0.25,0.3,0.4,0.25,0.3,0.012,0.0,1.0,0.0,0.5,,,,1,1,0,837.0,0.0007509342891278374,1.0,1.0,0.6,0.6553333333333333,0.05,0.36,0.7,9.0,0.45,0.18,0.45,0.5,0.5,-0.15,0.0,0.0,0.4,0.6,0.0,0.5,0.6,0.48,0.9,1.0,0.65,0.65,0.8,1,1.0,0.85,0.8,0.85,1.0,1.0,0.0,0.62,0.62,1.0,0.0,0.0,0.0,0.39,0.3,1.0,0.006,0.1,0.5,0.3,0.7,0.8,0.42,84.1658,0.295,0.2023,0.28,0.2033,17.0705
NCT02303262,A Phase II Study of Mocetinostat Administered With Gemcitabine for Patients With Metastatic Leiomyosarcoma With Progression or Relapse Following Prior Treatment With Gemcitabine-Containing Therapy,COMPLETED,gemcitabine,RRM1,small_molecule,cancer nos,True,2015.0,0,0,0,completed+results+no_positive_signal,1,1.0,0.3,0.2,0.25,0.3,0.4,0.25,0.3,0.0,0.0,0.0,0.0,0.47,,,,1,1,0,475.0,0.000819562105263158,0.95,1.0,1.0,0.5399499999999999,0.05,0.54,0.7,4.0,0.2,0.08,0.42,0.0,0.0,0.0,0.0,0.0,0.4,0.6,0.0,0.5,0.58,0.46399999999999997,0.6,0.7,0.62,0.62,0.7,1,1.0,0.2,0.3,0.4,0.0,0.0,0.8049875000000001,0.0,0.8049875000000001,0.0,0.0,0.0,0.0,0.24,0.3,0.0,0.0,0.1,0.5,0.3,0.7,0.8,0.1875,48.0085,0.295,0.133,0.28,0.0,9.7467
NCT00344773,"An Open-label, Multi-centre Study to Evaluate Efficacy and Safety of Gefitinib as the First-line Treatment for Locally Advanced (IIIB), Metastatic (IV) or Recurrent Pulmonary Adenocarcinoma Patients With Epidermal Growth Factor Receptor (EGFR) Mutation.",COMPLETED,gefitinib,EGFR,small_molecule,cancer nos,True,2006.0,0,0,0,completed+results+no_positive_signal,1,1.0,0.3,0.2,0.25,0.3,0.4,0.25,0.3,0.001,0.0,0.0,0.0,0.9,,,,1,1,0,774.0,0.0007825607235142119,1.0,1.0,1.0,0.6139,0.1,1.0,0.7,56.0,1.0,1.0,0.85,1.0,1.0,-0.82,1.0,1.0,0.4,0.6,0.0,0.5,0.95,0.76,1.0,1.0,0.9,0.9,0.7,1,1.0,0.2,0.3,0.4,0.0,0.0,0.903475,0.0,0.903475,0.0,0.0,0.0,0.0,0.72,0.3,0.0,0.0005,0.1,0.5,0.3,0.7,0.8,0.7375,78.0221,0.295,0.3591,0.28,0.0003,15.9321
NCT00814788,Phase II Trial of Bicalutamide and RAD001 in Patients With Hormone-Independent Prostatic Adenocarcinoma (HIPC) After the First-Line Androgen Deprivation Therapy,COMPLETED,everolimus,MTOR,small_molecule,prostate cancer,True,2008.0,0,0,0,completed+results+no_positive_signal,1,1.0,0.3,0.2,0.25,0.3,0.4,0.25,0.3,1.0,0.29,0.6430505415162454,0.0,0.6,,,,1,1,0,557.0,0.0007751023339317773,1.0,1.0,1.0,0.7293,0.05,1.0,0.7,56.0,1.0,1.0,0.55,0.5,0.5,-0.61,1.0,1.0,0.4,0.6,0.0,0.5,0.85,0.68,0.9,1.0,0.8,0.8,0.7,1,1.0,0.15,0.25,0.35,0.0,0.0,0.912325,0.0,0.912325,0.0,0.0,0.29,0.20299999999999999,0.72,0.3,0.6430505415162454,0.645,0.1,0.5,0.3,0.7,0.8,0.4475,56.3369,0.295,0.5425,0.28,0.5385,11.6131
NCT00580333,"A Phase II Trial of Preoperative Cisplatin and Bevacizumab in Estrogen Receptor (ER) Negative, Progesterone (PR) Negative, Human Epidermal Growth Factor Receptor 2 (HER2) Negative Breast Cancer",COMPLETED,bevacizumab,VEGFA,antibody,breast cancer,True,2007.0,0,0,0,completed+results+no_positive_signal,1,1.0,0.3,0.2,0.25,0.3,0.4,0.25,0.3,0.637,0.31,0.6632653061224489,0.0,0.75,,,,1,1,0,582.0,0.0006893024054982818,1.0,1.0,1.0,0.83255,0.3,1.0,0.7,30.0,1.0,0.6,0.7,1.0,1.0,-0.22,0.0,0.0,0.4,0.6,0.0,0.5,0.82,0.656,0.7,0.8,0.83,0.83,0.8,1,1.0,0.2,0.3,0.5,0.0,0.0,0.0,0.295,0.295,1.0,0.0,0.4866562009419152,0.3406593406593406,0.72,0.3,0.6632653061224489,0.47350000000000003,0.1,0.5,0.3,0.7,0.8,0.704,58.7649,0.295,0.5411,0.28,0.5209,12.1608
NCT00866047,A Phase 2 Study of SGN-35 in Treatment of Patients With Relapsed or Refractory Systemic Anaplastic Large Cell Lymphoma (ALCL),COMPLETED,brentuximab vedotin,TNFRSF8,adc,lymphoma,True,2009.0,0,0,0,completed+results+no_positive_signal,1,1.0,0.3,0.2,0.25,0.3,0.4,0.25,0.3,0.024,0.02,1.0,0.0,0.35,,,,1,1,0,760.0,0.0007145223684210527,1.0,0.5,0.0,0.0,0.1,0.24,0.7,3.0,0.15,0.06,0.3,0.5,0.5,-0.21,0.0,0.0,0.4,0.6,0.0,0.5,0.48,0.384,0.5,0.6,0.5,0.5,0.85,1,1.0,0.35,0.45,0.7,0.2,0.0,0.0,0.37250000000000005,0.37250000000000005,1.0,0.5,0.8333333333333334,0.5833333333333334,0.21,0.3,1.0,0.022,0.1,0.5,0.3,0.7,0.8,0.3825,76.18,0.295,0.1361,0.28,0.5331,15.4837
NCT00357149,Randomized Phase II Trial of Neoadjuvant Docetaxel Plus Cisplatin and 5-fluorouracil Followed by Concomitant Chemoradiotherapy and Chemoradiotherapy Alone in Patients With Locally Advanced Squamous Cell Carcinoma of the Head and Neck.,COMPLETED,cisplatin,DNA,small_molecule,hnscc,True,2003.0,1,1,1,completed+positive_text+approved,1,1.0,0.3,0.2,0.25,0.3,0.4,0.25,0.3,1.0,0.3,0.6134969325153374,0.0,0.3,,,,1,1,0,578.0,0.0007351176470588234,1.0,1.0,1.0,0.5889090909090909,0.05,0.28,0.7,10.0,0.5,0.2,0.2,0.0,0.0,0.0,0.0,0.0,0.4,0.6,0.0,0.5,0.4,0.32000000000000006,0.2,0.3,0.3,0.3,0.7,1,1.0,0.2,0.3,0.4,0.0,0.0,0.7372272727272728,0.0,0.7372272727272728,0.0,0.0,0.3,0.21,0.42,0.3,0.6134969325153374,0.65,0.1,0.5,0.3,0.7,0.8,0.1325,58.3158,0.295,0.409,0.28,0.5372,11.9033
NCT03274258,Phase II Trial of Nivolumab Plus Ipilimumab in Patients With Renal Medullary Carcinoma,TERMINATED,nivolumab,PDCD1,antibody,renal cell carcinoma,True,2017.0,0,0,0,terminated+efficacy,1,1.0,0.3,0.2,0.25,0.3,0.4,0.25,0.3,0.034,0.0,1.0,0.0,0.5,,,,1,1,0,837.0,0.0007509342891278374,1.0,1.0,0.6,0.6553333333333333,0.05,0.36,0.7,9.0,0.45,0.18,0.45,0.5,0.5,-0.15,0.0,0.0,0.4,0.6,0.0,0.5,0.6,0.48,0.9,1.0,0.65,0.65,0.8,1,1.0,0.85,0.8,0.85,1.0,1.0,0.0,0.62,0.62,1.0,0.0,0.0,0.0,0.39,0.3,1.0,0.017,0.1,0.5,0.3,0.7,0.8,0.42,84.1658,0.295,0.2056,0.28,0.2094,17.0717
NCT00796978,Safety and Efficacy of Single Agent Adjuvant Trastuzumab (Herceptin®) in Older Women With Early-Stage and Locally Advanced Breast Cancer: A Phase II Trial,COMPLETED,trastuzumab,ERBB2,antibody,breast cancer,True,2009.0,0,0,0,completed+results+no_positive_signal,1,1.0,0.95,0.88,0.85,0.98,0.4,0.8,0.92,1.0,1.0,0.44339622641509435,0.0,0.85,,,,0,1,0,739.0,0.0007936373477672532,1.0,0.5,0.3,0.7236666666666667,0.2,1.0,0.7,45.0,1.0,0.9,0.8,1.0,1.0,-0.71,1.0,1.0,0.4,0.6,0.0,0.5,0.9,0.7200000000000001,1.0,1.0,0.88,0.88,0.8,1,1.0,0.15,0.35,0.45,0.0,0.0,0.0,0.3075,0.3075,1.0,0.5,1.0,0.7,0.98,0.95,0.44339622641509435,1.0,0.44,0.5,0.3,0.7,0.8,0.9185,74.5055,0.295,0.824,0.386,0.8287,15.4658
NCT01114555,"Combination of Bevacizumab, Irinotecan and Temozolomide for Relapsed or Refractory Neuroblastoma: A Phase II Study",COMPLETED,bevacizumab,VEGFA,antibody,cancer nos,True,2010.0,1,1,1,completed+positive_text+results,1,1.0,0.3,0.2,0.25,0.3,0.4,0.25,0.3,0.0,0.0,0.0,0.0,0.75,,,,1,1,0,582.0,0.0006893024054982818,1.0,1.0,1.0,0.83255,0.3,1.0,0.7,30.0,1.0,0.6,0.7,1.0,1.0,-0.22,0.0,0.0,0.4,0.6,0.0,0.5,0.82,0.656,0.7,0.8,0.83,0.83,0.8,1,1.0,0.2,0.3,0.5,0.0,0.0,0.0,0.295,0.295,1.0,0.0,0.0,0.0,0.72,0.3,0.0,0.0,0.1,0.5,0.3,0.7,0.8,0.704,58.7649,0.295,0.399,0.28,0.0,12.0803
NCT00412243,Phase I/II Study of Clofarabine Plus Cyclophosphamide for Relapsed and Refractory Acute Lymphoblastic Leukemia (ALL),COMPLETED,cyclophosphamide,DNA,small_molecule,leukemia,True,2006.0,0,0,0,completed+results+no_positive_signal,1,1.0,0.3,0.2,0.25,0.3,0.4,0.25,0.3,1.0,1.0,0.28779487613088695,0.0,0.3,,,,1,1,0,578.0,0.0007351176470588234,1.0,1.0,1.0,0.5889090909090909,0.05,0.28,0.7,10.0,0.5,0.2,0.2,0.0,0.0,0.0,0.0,0.0,0.4,0.6,0.0,0.5,0.4,0.32000000000000006,0.2,0.3,0.3,0.3,0.7,1,1.0,0.2,0.3,0.4,0.0,0.0,0.7372272727272728,0.0,0.7372272727272728,0.0,0.0,1.0,0.7,0.42,0.3,0.28779487613088695,1.0,0.1,0.5,0.3,0.7,0.8,0.1325,58.3158,0.295,0.514,0.28,0.7976,11.9503
NCT00436566,Phase II Study of Cardiac Safety and Tolerability of an Adjuvant Chemotherapy Plus Trastuzumab With Lapatinib in Patients With Resected HER2 + Breast Cancer,COMPLETED,trastuzumab,ERBB2,antibody,breast cancer,True,2007.0,0,0,0,completed+results+no_positive_signal,1,1.0,0.95,0.88,0.85,0.98,0.4,0.8,0.92,1.0,1.0,0.44339622641509435,0.0,0.85,,,,0,1,0,739.0,0.0007936373477672532,1.0,0.5,0.3,0.7236666666666667,0.2,1.0,0.7,45.0,1.0,0.9,0.8,1.0,1.0,-0.71,1.0,1.0,0.4,0.6,0.0,0.5,0.9,0.7200000000000001,1.0,1.0,0.88,0.88,0.8,1,1.0,0.15,0.35,0.45,0.0,0.0,0.0,0.3075,0.3075,1.0,0.5,1.0,0.7,0.98,0.95,0.44339622641509435,1.0,0.44,0.5,0.3,0.7,0.8,0.9185,74.5055,0.295,0.824,0.386,0.8287,15.4658
NCT00324870,Phase I/II Study of Suberoylanilide Hydroxamic Acid (SAHA) in Combination With the VEGF Inhibitor Bevacizumab in Patients With Metastatic Renal Cell Carcinoma,COMPLETED,bevacizumab,VEGFA,antibody,renal cell carcinoma,True,2006.0,0,0,0,completed+results+no_positive_signal,1,1.0,0.3,0.2,0.25,0.3,0.4,0.25,0.3,0.18,0.15,0.75,0.0,0.75,,,,1,1,0,582.0,0.0006893024054982818,1.0,1.0,1.0,0.83255,0.3,1.0,0.7,30.0,1.0,0.6,0.7,1.0,1.0,-0.22,0.0,0.0,0.4,0.6,0.0,0.5,0.82,0.656,0.7,0.8,0.83,0.83,0.8,1,1.0,0.2,0.3,0.5,0.0,0.0,0.0,0.295,0.295,1.0,0.0,0.8333333333333334,0.5833333333333334,0.72,0.3,0.75,0.16499999999999998,0.1,0.5,0.3,0.7,0.8,0.704,58.7649,0.295,0.4485,0.28,0.5358,12.1438
NCT00727441,A Randomized Three-arm Neoadjuvant and Adjuvant Feasibility and Toxicity Study of a GM-CSF Secreting Allogeneic Pancreatic Cancer Vaccine Administered Either Alone or in Combination With Either a Single Intravenous Dose or Daily Metronomic Oral Doses of Cyclophosphamide for the Treatment of Patients With Surgically Resected Adenocarcinoma of the Pancreas,COMPLETED,cyclophosphamide,DNA,small_molecule,pancreatic cancer,True,2008.0,0,0,0,completed+results+no_positive_signal,1,1.0,0.3,0.2,0.25,0.3,0.4,0.25,0.3,1.0,0.68,0.6718241042345277,0.0,0.3,,,,1,1,0,578.0,0.0007351176470588234,1.0,1.0,1.0,0.5889090909090909,0.05,0.28,0.7,10.0,0.5,0.2,0.2,0.0,0.0,0.0,0.0,0.0,0.4,0.6,0.0,0.5,0.4,0.32000000000000006,0.2,0.3,0.3,0.3,0.7,1,1.0,0.2,0.3,0.4,0.0,0.0,0.7372272727272728,0.0,0.7372272727272728,0.0,0.0,0.68,0.476,0.42,0.3,0.6718241042345277,0.8400000000000001,0.1,0.5,0.3,0.7,0.8,0.1325,58.3158,0.295,0.466,0.28,0.7256,11.9335
NCT01373294,Immune Modulation by Addition of Oral Lenalidomide to Intravesical BCG (Bacille Calmette-Guerrin) for Therapy of Non-muscle-invasive Transitional Cell Bladder Cancer,COMPLETED,lenalidomide,CRBN,small_molecule,bladder cancer,True,2011.0,0,0,0,completed+results+no_positive_signal,1,1.0,0.3,0.2,0.25,0.3,0.4,0.25,0.3,0.0,0.0,0.0,0.0,0.4,,,,1,1,0,630.0,0.0008394936507936509,1.0,0.5,0.0,0.0,0.05,0.32,0.7,1.0,0.05,0.02,0.35,0.5,0.5,-0.55,1.0,1.0,0.4,0.6,0.0,0.5,0.55,0.44000000000000006,0.6,0.7,0.58,0.58,0.7,1,1.0,0.3,0.4,0.55,0.1,0.0,0.27,0.0,0.27,0.0,0.5,0.0,0.0,0.15,0.3,0.0,0.0,0.1,0.5,0.3,0.7,0.8,0.3965,63.2775,0.295,0.0925,0.28,0.0,12.8446
NCT01458366,"Phase I/II Study of Bendamustine in Combination With Ofatumumab, Carboplatin and Etoposide for Refractory or Relapsed Aggressive B-cell Lymphomas",COMPLETED,carboplatin,DNA,small_molecule,lymphoma,True,2011.0,0,0,0,completed+results+no_positive_signal,1,1.0,0.3,0.2,0.25,0.3,0.4,0.25,0.3,1.0,1.0,0.34801192063367575,0.0,0.3,,,,1,1,0,578.0,0.0007351176470588234,1.0,1.0,1.0,0.5889090909090909,0.05,0.28,0.7,10.0,0.5,0.2,0.2,0.0,0.0,0.0,0.0,0.0,0.4,0.6,0.0,0.5,0.4,0.32000000000000006,0.2,0.3,0.3,0.3,0.7,1,1.0,0.2,0.3,0.4,0.0,0.0,0.7372272727272728,0.0,0.7372272727272728,0.0,0.0,1.0,0.7,0.42,0.3,0.34801192063367575,1.0,0.1,0.5,0.3,0.7,0.8,0.1325,58.3158,0.295,0.514,0.28,0.8096,11.9516
NCT00096941,"An Open-Label, Multicenter Extension Study of Pertuzumab (rhuMAb 2C4) in Subjects Treated With Pertuzumab in a Previous Genentech-Sponsored Phase II Cancer Study",COMPLETED,pertuzumab,ERBB2,antibody,cancer nos,True,2005.0,1,1,1,completed+positive_text+results,1,1.0,0.3,0.2,0.25,0.3,0.4,0.25,0.3,0.0,0.0,0.0,0.0,0.85,,,,1,1,0,739.0,0.0007936373477672532,1.0,0.5,0.3,0.7236666666666667,0.2,1.0,0.7,45.0,1.0,0.9,0.8,1.0,1.0,-0.71,1.0,1.0,0.4,0.6,0.0,0.5,0.9,0.7200000000000001,1.0,1.0,0.88,0.88,0.8,1,1.0,0.15,0.35,0.45,0.0,0.0,0.0,0.3075,0.3075,1.0,0.5,0.0,0.0,0.72,0.3,0.0,0.0,0.1,0.5,0.3,0.7,0.8,0.7265,74.3386,0.295,0.379,0.28,0.0,15.1966
NCT01016769,A Phase I/II Study of Temsirolimus + Weekly Paclitaxel + Carboplatin for Recurrent or Metastatic Head and Neck Squamous Cell Cancer (HNSCC),COMPLETED,temsirolimus,MTOR,small_molecule,hnscc,True,2009.0,0,0,0,completed+results+no_positive_signal,1,1.0,0.3,0.2,0.25,0.3,0.4,0.25,0.3,0.311,0.13,0.6189710610932475,0.0,0.6,,,,1,1,0,557.0,0.0007751023339317773,1.0,1.0,1.0,0.7293,0.05,1.0,0.7,56.0,1.0,1.0,0.55,0.5,0.5,-0.61,1.0,1.0,0.4,0.6,0.0,0.5,0.85,0.68,0.9,1.0,0.8,0.8,0.7,1,1.0,0.15,0.25,0.35,0.0,0.0,0.912325,0.0,0.912325,0.0,0.0,0.41800643086816724,0.29260450160771706,0.72,0.3,0.6189710610932475,0.2205,0.1,0.5,0.3,0.7,0.8,0.4475,56.3369,0.295,0.4151,0.28,0.3821,11.572
NCT00483405,"Phase II Study of Oxaliplatin, Capecitabine, and Cetuximab in Advanced Hepatocellular Carcinoma",COMPLETED,cetuximab,EGFR,antibody,hepatocellular carcinoma,True,2006.0,0,0,0,completed+results+no_positive_signal,1,1.0,0.3,0.2,0.25,0.3,0.4,0.25,0.3,0.989,0.16,0.7254802831142568,0.0,0.9,,,,1,1,0,774.0,0.0007825607235142119,1.0,1.0,1.0,0.6139,0.1,1.0,0.7,56.0,1.0,1.0,0.85,1.0,1.0,-0.82,1.0,1.0,0.4,0.6,0.0,0.5,0.95,0.76,1.0,1.0,0.9,0.9,0.8,1,1.0,0.2,0.3,0.4,0.0,0.0,0.0,0.295,0.295,1.0,0.0,0.16177957532861476,0.11324570273003032,0.72,0.3,0.7254802831142568,0.5745,0.1,0.5,0.3,0.7,0.8,0.7375,78.0221,0.295,0.5313,0.28,0.4922,16.0158
NCT00911859,"A Randomized, Open-Label, Phase 2 Study of CNTO 328 (Anti-IL-6 Monoclonal Antibody) and VELCADE-Melphalan-Prednisone Compared With VELCADE-Melphalan-Prednisone for the Treatment of Previously Untreated Multiple Myeloma",COMPLETED,bortezomib,PSMB5,small_molecule,multiple myeloma,True,2009.0,0,0,0,completed+results+no_positive_signal,1,1.0,0.85,0.6,0.65,0.92,0.4,0.65,0.8,0.032,0.02,0.9375,0.0,0.45,,,,0,1,0,1170.0,0.0009419982905982905,1.0,1.0,1.0,0.6293333333333334,0.05,0.38,0.7,173.0,1.0,1.0,0.4,0.5,0.5,-0.83,1.0,1.0,0.4,0.6,0.0,0.5,0.65,0.52,0.8,0.9,0.62,0.62,0.7,1,1.0,0.25,0.3,0.45,0.0,0.0,0.8673333333333334,0.0,0.8673333333333334,0.0,0.0,0.625,0.4375,0.94,0.85,0.9375,0.026000000000000002,0.3,0.5,0.3,0.7,0.8,0.5285,117.7699,0.295,0.4758,0.35,0.4415,23.9074
NCT01621880,Effect of Bevacizumab on Radiation-induced Brain Necrosis in Patients With Nasopharyngeal Carcinoma,COMPLETED,bevacizumab,VEGFA,antibody,cancer nos,True,2012.0,0,0,0,completed+results+no_positive_signal,1,1.0,0.3,0.2,0.25,0.3,0.4,0.25,0.3,0.0,0.0,0.0,0.0,0.75,,,,1,1,0,582.0,0.0006893024054982818,1.0,1.0,1.0,0.83255,0.3,1.0,0.7,30.0,1.0,0.6,0.7,1.0,1.0,-0.22,0.0,0.0,0.4,0.6,0.0,0.5,0.82,0.656,0.7,0.8,0.83,0.83,0.8,1,1.0,0.2,0.3,0.5,0.0,0.0,0.0,0.295,0.295,1.0,0.0,0.0,0.0,0.72,0.3,0.0,0.0,0.1,0.5,0.3,0.7,0.8,0.704,58.7649,0.295,0.399,0.28,0.0,12.0803
NCT00465179,Phase II Trial of Sunitinib Malate (Sutent) Therapy in Patients With Advanced Non-Clear Cell Renal Cell Carcinoma,COMPLETED,sunitinib,VEGFR2,small_molecule,renal cell carcinoma,True,2007.0,0,0,0,completed+results+no_positive_signal,1,1.0,0.3,0.2,0.25,0.3,0.4,0.25,0.3,0.2,0.17,0.45,0.0,0.55,,,,1,1,0,606.0,0.0007355808580858086,1.0,0.5,0.0,0.0,0.2,1.0,0.7,7.0,0.35,0.14,0.5,0.5,0.5,-0.31,0.5,0.0,0.4,0.6,0.0,0.5,0.4,0.32000000000000006,0.9,1.0,0.3,0.3,0.7,1,1.0,0.2,0.3,0.4,0.0,0.0,0.33,0.0,0.33,0.0,0.5,0.85,0.595,0.32999999999999996,0.3,0.45,0.185,0.1,0.5,0.3,0.7,0.8,0.4125,60.835,0.295,0.259,0.28,0.4893,12.4424
NCT00512096,A Phase II Study of (Neoadjuvant Chemotherapy Trial Prior to Extirpative Surgery) for Clinical Stage TanyN2-3M0 Squamous Cell Carcinoma of the Penis,COMPLETED,cisplatin,DNA,small_molecule,cancer nos,True,1999.0,0,0,0,completed+results+no_positive_signal,1,1.0,0.3,0.2,0.25,0.3,0.4,0.25,0.3,0.0,0.0,0.0,0.0,0.3,,,,1,1,0,578.0,0.0007351176470588234,1.0,1.0,1.0,0.5889090909090909,0.05,0.28,0.7,10.0,0.5,0.2,0.2,0.0,0.0,0.0,0.0,0.0,0.4,0.6,0.0,0.5,0.4,0.32000000000000006,0.2,0.3,0.3,0.3,0.7,1,1.0,0.2,0.3,0.4,0.0,0.0,0.7372272727272728,0.0,0.7372272727272728,0.0,0.0,0.0,0.0,0.42,0.3,0.0,0.0,0.1,0.5,0.3,0.7,0.8,0.1325,58.3158,0.295,0.214,0.28,0.0,11.8106
NCT00125359,A Phase II Clinical Study of Erlotinib (Tarceva) and Bexarotene (Targretin) Oral Capsules in Patients With Advanced Non-small Cell Lung Cancer,COMPLETED,erlotinib,EGFR,small_molecule,cancer nos,True,2005.0,1,1,1,completed+positive_text+results,1,1.0,0.3,0.2,0.25,0.3,0.4,0.25,0.3,0.001,0.0,0.0,0.0,0.9,,,,1,1,0,774.0,0.0007825607235142119,1.0,1.0,1.0,0.6139,0.1,1.0,0.7,56.0,1.0,1.0,0.85,1.0,1.0,-0.82,1.0,1.0,0.4,0.6,0.0,0.5,0.95,0.76,1.0,1.0,0.9,0.9,0.7,1,1.0,0.2,0.3,0.4,0.0,0.0,0.903475,0.0,0.903475,0.0,0.0,0.0,0.0,0.72,0.3,0.0,0.0005,0.1,0.5,0.3,0.7,0.8,0.7375,78.0221,0.295,0.3591,0.28,0.0003,15.9321
NCT00558896,A Phase II Trial of CC-4047 Plus Dexamethasone in Patients With Relapsed of Refractory Multiple Myeloma or Amyloidosis,COMPLETED,pomalidomide,CRBN,small_molecule,multiple myeloma,True,2007.0,0,0,0,completed+results+no_positive_signal,1,1.0,0.3,0.2,0.25,0.3,0.4,0.25,0.3,0.2,0.05,0.875,0.0,0.4,,,,1,1,0,630.0,0.0008394936507936509,1.0,0.5,0.0,0.0,0.05,0.32,0.7,1.0,0.05,0.02,0.35,0.5,0.5,-0.55,1.0,1.0,0.4,0.6,0.0,0.5,0.55,0.44000000000000006,0.6,0.7,0.58,0.58,0.7,1,1.0,0.3,0.4,0.55,0.1,0.0,0.27,0.0,0.27,0.0,0.5,0.25,0.175,0.15,0.3,0.875,0.125,0.1,0.5,0.3,0.7,0.8,0.3965,63.2775,0.295,0.13,0.28,0.3313,12.8853
NCT02038946,"A Single Arm, Open-Label Phase 2 Study of Nivolumab (BMS-936558) in Subjects With Relapsed or Refractory Follicular Lymphoma (FL)",COMPLETED,nivolumab,PDCD1,antibody,lymphoma,True,2014.0,1,1,1,completed+positive_text+results,1,1.0,0.85,0.6,0.65,0.9,0.4,0.68,0.82,0.044,0.0,0.9090909090909091,0.0,0.5,,,,0,1,0,837.0,0.0007509342891278374,1.0,1.0,0.6,0.6553333333333333,0.05,0.36,0.7,9.0,0.45,0.18,0.45,0.5,0.5,-0.15,0.0,0.0,0.4,0.6,0.0,0.5,0.6,0.48,0.9,1.0,0.65,0.65,0.8,1,1.0,0.85,0.8,0.85,1.0,1.0,0.0,0.62,0.62,1.0,0.0,0.0,0.0,0.6100000000000001,0.85,0.9090909090909091,0.022,0.3,0.5,0.3,0.7,0.8,0.54,84.3108,0.295,0.3291,0.353,0.1939,17.1648
NCT01665768,"A Trial of Maintenance Rituximab With mTor Inhibition After High-dose Consolidative Therapy in CD20+, B-cell Lymphomas, Gray Zone Lymphoma, and Hodgkin's Lymphoma",COMPLETED,rituximab,MS4A1,antibody,lymphoma,True,2012.0,0,0,0,completed+results+no_positive_signal,1,1.0,0.88,0.65,0.7,0.92,0.4,0.68,0.85,0.028,0.0,0.7142857142857142,0.0,0.65,,,,0,1,0,525.0,0.0006596552380952381,1.0,0.5,0.0,0.0,0.05,0.44,0.7,11.0,0.55,0.22,0.6,0.5,0.5,-0.44,0.5,0.0,0.4,0.6,0.0,0.5,0.68,0.544,0.9,1.0,0.73,0.73,0.8,1,1.0,0.25,0.35,0.65,0.0,0.0,0.0,0.3075,0.3075,1.0,0.5,0.0,0.0,0.682,0.88,0.7142857142857142,0.014,0.325,0.5,0.3,0.7,0.8,0.589,52.8785,0.295,0.3606,0.3568,0.1506,10.8931
NCT03418324,"A Phase 2 Study of TRC105 (Anti-endoglin Antibody) With Abiraterone and With Enzalutamide in Metastatic, Castration Resistant Prostate Cancer Patients Progressing on Therapy",COMPLETED,enzalutamide,AR,small_molecule,prostate cancer,True,2018.0,1,1,1,completed+positive_text+results,1,1.0,0.98,0.88,0.9,0.98,0.4,0.82,0.95,1.0,1.0,0.5785932721712538,0.0,0.85,,,,0,1,0,557.0,0.0007637253141831239,1.0,0.0,0.0,0.0,0.05,1.0,0.7,22.0,1.0,0.44,0.8,1.0,1.0,-0.69,1.0,1.0,0.4,0.6,0.0,0.5,0.82,0.656,1.0,1.0,0.88,0.88,0.7,1,1.0,0.1,0.2,0.3,0.0,0.0,0.2,0.0,0.2,0.0,1.0,1.0,0.7,0.992,0.98,0.5785932721712538,1.0,0.44,0.5,0.3,0.7,0.8,0.926,56.0475,0.295,0.8009,0.388,0.8557,11.7745
NCT00879359,"A Phase II Trial of a Vascular Endothelial Growth Factor (VEGF) Monoclonal Antibody, AVASTIN, in Combination With Cytotoxic Chemotherapy CARBOPLATIN and PACLITAXEL for Recurrent/Advanced Endometrial Cancer",COMPLETED,bevacizumab,VEGFA,antibody,endometrial cancer,True,2007.0,0,0,0,completed+results+no_positive_signal,1,1.0,0.3,0.2,0.25,0.3,0.4,0.25,0.3,0.066,0.03,0.6818181818181818,0.0,0.75,,,,1,1,0,582.0,0.0006893024054982818,1.0,1.0,1.0,0.83255,0.3,1.0,0.7,30.0,1.0,0.6,0.7,1.0,1.0,-0.22,0.0,0.0,0.4,0.6,0.0,0.5,0.82,0.656,0.7,0.8,0.83,0.83,0.8,1,1.0,0.2,0.3,0.5,0.0,0.0,0.0,0.295,0.295,1.0,0.0,0.45454545454545453,0.3181818181818182,0.72,0.3,0.6818181818181818,0.048,0.1,0.5,0.3,0.7,0.8,0.704,58.7649,0.295,0.4134,0.28,0.334,12.1166
NCT02561273,"A Phase I/II Trial of CHOEP Chemotherapy Plus Lenalidomide as Front Line Therapy for Patients With Stage II, III and IV Peripheral T-Cell Non-Hodgkin's Lymphoma",COMPLETED,lenalidomide,CRBN,small_molecule,lymphoma,True,2015.0,0,0,0,completed+results+no_positive_signal,1,1.0,0.3,0.2,0.25,0.3,0.4,0.25,0.3,0.04,0.02,1.0,0.0,0.4,,,,1,1,0,630.0,0.0008394936507936509,1.0,0.5,0.0,0.0,0.05,0.32,0.7,1.0,0.05,0.02,0.35,0.5,0.5,-0.55,1.0,1.0,0.4,0.6,0.0,0.5,0.55,0.44000000000000006,0.6,0.7,0.58,0.58,0.7,1,1.0,0.3,0.4,0.55,0.1,0.0,0.27,0.0,0.27,0.0,0.5,0.5,0.35,0.15,0.3,1.0,0.03,0.1,0.5,0.3,0.7,0.8,0.3965,63.2775,0.295,0.1015,0.28,0.4075,12.8872
NCT03994601,A Phase 1/2 First-in-human Study of BMS-986288 Alone and in Combination With Nivolumab in Advanced Malignant Tumors,COMPLETED,nivolumab,PDCD1,antibody,cancer nos,False,2019.0,0,0,0,completed+results+no_positive_signal,1,1.0,0.3,0.2,0.25,0.3,0.4,0.25,0.3,0.0,0.0,0.0,0.0,0.5,,,,1,1,1,837.0,0.0007509342891278374,1.0,1.0,0.6,0.6553333333333333,0.05,0.36,0.7,9.0,0.45,0.18,0.45,0.5,0.5,-0.15,0.0,0.0,0.4,0.6,0.0,0.5,0.6,0.48,0.9,1.0,0.65,0.65,0.8,1,1.0,0.85,0.8,0.85,1.0,1.0,0.0,0.62,0.62,1.0,0.0,0.0,0.0,0.39,0.3,0.0,0.0,0.1,,,,,0.42,84.1658,0.0,0.2005,0.28,0.0,17.0203
NCT00864032,Phase I/II Trial of Neoadjuvant Conformal Radiotherapy Plus Sorafenib for Patients With Soft Tissue Sarcoma of the Extremity and Body Wall,COMPLETED,sorafenib,BRAF,small_molecule,cancer nos,True,2009.0,1,1,1,completed+positive_text+results,1,1.0,0.3,0.2,0.25,0.3,0.4,0.25,0.3,0.0,0.0,0.0,0.0,0.75,,,,1,1,0,689.0,0.0007610406386066763,1.0,1.0,1.0,0.5917499999999999,0.05,1.0,0.7,21.0,1.0,0.42,0.7,1.0,1.0,-0.63,1.0,1.0,0.4,0.6,0.0,0.5,0.82,0.656,0.9,1.0,0.85,0.85,0.7,1,1.0,0.4,0.4,0.55,0.0,0.0,0.8779375,0.0,0.8779375,0.0,0.0,0.0,0.0,0.72,0.3,0.0,0.0,0.1,0.5,0.3,0.7,0.8,0.705,69.5163,0.295,0.349,0.28,0.0,14.2208
NCT00469898,A Phase II Trial of Carboplatin and Irinotecan (CPT-11) as First-Line Therapy for Patients With Extensive Stage Small Cell Lung Cancer,COMPLETED,carboplatin,DNA,small_molecule,cancer nos,True,2003.0,0,0,0,completed+results+no_positive_signal,1,1.0,0.3,0.2,0.25,0.3,0.4,0.25,0.3,0.0,0.0,0.0,0.0,0.3,,,,1,1,0,578.0,0.0007351176470588234,1.0,1.0,1.0,0.5889090909090909,0.05,0.28,0.7,10.0,0.5,0.2,0.2,0.0,0.0,0.0,0.0,0.0,0.4,0.6,0.0,0.5,0.4,0.32000000000000006,0.2,0.3,0.3,0.3,0.7,1,1.0,0.2,0.3,0.4,0.0,0.0,0.7372272727272728,0.0,0.7372272727272728,0.0,0.0,0.0,0.0,0.42,0.3,0.0,0.0,0.1,0.5,0.3,0.7,0.8,0.1325,58.3158,0.295,0.214,0.28,0.0,11.8106
NCT00381706,"Randomized Phase II Study of ECF-C, IC-C, or FOLFOX-C in Metastatic Esophageal and GE Junction Cancer",COMPLETED,cetuximab,EGFR,antibody,cancer nos,True,2006.0,0,0,0,completed+results+no_positive_signal,1,1.0,0.3,0.2,0.25,0.3,0.4,0.25,0.3,0.001,0.0,0.0,0.0,0.9,,,,1,1,0,774.0,0.0007825607235142119,1.0,1.0,1.0,0.6139,0.1,1.0,0.7,56.0,1.0,1.0,0.85,1.0,1.0,-0.82,1.0,1.0,0.4,0.6,0.0,0.5,0.95,0.76,1.0,1.0,0.9,0.9,0.8,1,1.0,0.2,0.3,0.4,0.0,0.0,0.0,0.295,0.295,1.0,0.0,0.0,0.0,0.72,0.3,0.0,0.0005,0.1,0.5,0.3,0.7,0.8,0.7375,78.0221,0.295,0.3591,0.28,0.0003,15.9321
NCT01423604,A Randomized Phase 2 Study of Ruxolitinib Efficacy and Safety in Combination With Capecitabine for Subjects With Recurrent or Treatment Refractory Metastatic Pancreatic Cancer (The RECAP Trial),COMPLETED,ruxolitinib,JAK1,small_molecule,pancreatic cancer,True,2011.0,0,0,0,completed+results+no_positive_signal,1,1.0,0.3,0.2,0.25,0.3,0.4,0.25,0.3,0.042,0.04,0.7738095238095237,0.0,0.6,,,,1,1,0,904.0,0.0008059789823008849,1.0,1.0,1.0,0.6714,0.05,0.82,0.7,58.0,1.0,1.0,0.55,0.0,0.0,-0.59,1.0,1.0,0.4,0.6,0.0,0.5,0.72,0.576,0.8,0.9,0.72,0.72,0.7,1,1.0,0.35,0.5,0.6,0.2,0.0,0.8778500000000001,0.0,0.8778500000000001,0.0,0.0,0.9523809523809523,0.6666666666666666,0.72,0.3,0.7738095238095237,0.041,0.1,0.5,0.3,0.7,0.8,0.2185,91.0282,0.295,0.3613,0.28,0.5407,18.4581
NCT00234052,Phase II Trial of Carboplatin and Pemetrexed Plus Bevacizumab in Patients With Advanced Non-Squamous Non-Small Cell Lung Cancer,COMPLETED,bevacizumab,VEGFA,antibody,cancer nos,True,2005.0,0,0,0,completed+results+no_positive_signal,1,1.0,0.3,0.2,0.25,0.3,0.4,0.25,0.3,0.0,0.0,0.0,0.0,0.75,,,,1,1,0,582.0,0.0006893024054982818,1.0,1.0,1.0,0.83255,0.3,1.0,0.7,30.0,1.0,0.6,0.7,1.0,1.0,-0.22,0.0,0.0,0.4,0.6,0.0,0.5,0.82,0.656,0.7,0.8,0.83,0.83,0.8,1,1.0,0.2,0.3,0.5,0.0,0.0,0.0,0.295,0.295,1.0,0.0,0.0,0.0,0.72,0.3,0.0,0.0,0.1,0.5,0.3,0.7,0.8,0.704,58.7649,0.295,0.399,0.28,0.0,12.0803
NCT00383149,"A Phase II, Open Label Trial of Ixabepilone Plus Cetuximab as First Line Therapy for Metastatic Pancreatic Cancer",COMPLETED,cetuximab,EGFR,antibody,pancreatic cancer,True,2007.0,0,0,0,completed+results+no_positive_signal,1,1.0,0.3,0.2,0.25,0.3,0.4,0.25,0.3,0.978,0.5,0.5879345603271983,0.0,0.9,,,,1,1,0,774.0,0.0007825607235142119,1.0,1.0,1.0,0.6139,0.1,1.0,0.7,56.0,1.0,1.0,0.85,1.0,1.0,-0.82,1.0,1.0,0.4,0.6,0.0,0.5,0.95,0.76,1.0,1.0,0.9,0.9,0.8,1,1.0,0.2,0.3,0.4,0.0,0.0,0.0,0.295,0.295,1.0,0.0,0.5112474437627812,0.35787321063394684,0.72,0.3,0.5879345603271983,0.739,0.1,0.5,0.3,0.7,0.8,0.7375,78.0221,0.295,0.5807,0.28,0.6234,16.0388
NCT02756364,An Open-Label Phase 2 Study of MLN0128 (A TORC1/2 Inhibitor) in Combination With Fulvestrant in Women With ER-Positive/HER2-Negative Advanced or Metastatic Breast Cancer That Has Progressed During or After Aromatase Inhibitor Therapy,COMPLETED,fulvestrant,ESR1,small_molecule,breast cancer,True,2016.0,0,0,0,completed+results+no_positive_signal,1,1.0,0.97,0.85,0.88,0.98,0.4,0.8,0.93,1.0,1.0,0.8296763576522216,0.0,0.88,,,,0,1,0,714.0,0.0007699285714285715,1.0,1.0,1.0,0.78365,0.15,1.0,0.7,40.0,1.0,0.8,0.85,1.0,1.0,-0.58,1.0,1.0,0.4,0.6,0.0,0.5,0.8,0.6400000000000001,1.0,1.0,0.86,0.86,0.7,1,1.0,0.1,0.25,0.35,0.0,0.0,0.9459124999999999,0.0,0.9459124999999999,0.0,0.0,1.0,0.7,0.988,0.97,0.8296763576522216,1.0,0.425,0.5,0.3,0.7,0.8,0.9255,72.219,0.295,0.8171,0.3838,0.9059,15.0163
NCT00193609,A Phase II Trial of Oxaliplatin and Capecitabine in the Treatment of Patients With Relapsed/Refractory Carcinoma of Unknown Primary Site,COMPLETED,capecitabine,TYMS,small_molecule,cancer nos,True,2004.0,0,0,0,completed+results+no_positive_signal,1,1.0,0.3,0.2,0.25,0.3,0.4,0.25,0.3,0.0,0.0,0.0,0.0,0.6,,,,1,1,0,481.0,0.0008138274428274429,0.962,1.0,1.0,0.82585,0.05,0.32,0.7,6.0,0.3,0.12,0.55,0.0,0.0,-0.91,1.0,0.0,0.4,0.6,0.0,0.5,0.7,0.5599999999999999,0.8,0.9,0.78,0.78,0.7,1,1.0,0.15,0.2,0.3,0.0,0.0,0.9164625000000001,0.0,0.9164625000000001,0.0,0.0,0.0,0.0,0.3,0.3,0.0,0.0,0.1,0.5,0.3,0.7,0.8,0.2215,48.7514,0.295,0.16,0.28,0.0,9.9092
NCT01431209,"A Phase 2 Multicenter, Investigator Initiated Study of Oral Ruxolitinib Phosphate for the Treatment of Relapsed or Refractory Diffuse Large B-Cell and Peripheral T-Cell Non-Hodgkin Lymphoma",COMPLETED,ruxolitinib,JAK1,small_molecule,lymphoma,True,2011.0,0,0,0,completed+results+no_positive_signal,1,1.0,0.78,0.6,0.62,0.82,0.4,0.62,0.75,0.185,0.1,0.7027027027027027,0.0,0.6,,,,0,1,0,904.0,0.0008059789823008849,1.0,1.0,1.0,0.6714,0.05,0.82,0.7,58.0,1.0,1.0,0.55,0.0,0.0,-0.59,1.0,1.0,0.4,0.6,0.0,0.5,0.72,0.576,0.8,0.9,0.72,0.72,0.7,1,1.0,0.35,0.5,0.6,0.2,0.0,0.8778500000000001,0.0,0.8778500000000001,0.0,0.0,0.5405405405405406,0.3783783783783784,0.912,0.78,0.7027027027027027,0.14250000000000002,0.3,0.5,0.3,0.7,0.8,0.334,91.1542,0.295,0.4976,0.347,0.4097,18.5364
NCT01427933,"An Open-Label, Multicenter, Randomized, Phase 2 Study Evaluating the Efficacy and Safety of Ramucirumab (IMC-1121B) Drug Product in Combination With Eribulin Versus Eribulin Monotherapy in Unresectable, Locally-Recurrent or Metastatic Breast Cancer Patients Previously Treated With Anthracycline and Taxane Therapy",COMPLETED,ramucirumab,KDR,antibody,breast cancer,True,2011.0,0,0,0,completed+results+no_positive_signal,1,1.0,0.3,0.2,0.25,0.3,0.4,0.25,0.3,0.122,0.02,0.5532786885245902,0.0,0.6,,,,1,1,0,606.0,0.0007355808580858086,1.0,1.0,0.7,0.5514285714285714,0.2,1.0,0.7,7.0,0.35,0.14,0.55,0.0,0.0,0.0,0.0,0.0,0.4,0.6,0.0,0.5,0.72,0.576,0.8,0.9,0.71,0.71,0.8,1,1.0,0.2,0.3,0.5,0.0,0.0,0.0,0.295,0.295,1.0,0.0,0.1639344262295082,0.11475409836065574,0.32999999999999996,0.3,0.5532786885245902,0.071,0.1,0.5,0.3,0.7,0.8,0.218,61.0727,0.295,0.2248,0.28,0.2096,12.4065
NCT01325428,"An Open Label, Phase II Trial of Afatinib With or Without Vinorelbine for the Treatment of HER2-overexpressing Inflammatory Breast Cancer",COMPLETED,afatinib,EGFR,small_molecule,breast cancer,True,2011.0,0,0,0,completed+results+no_positive_signal,1,1.0,0.65,0.4,0.55,0.7,0.4,0.6,0.65,1.0,1.0,0.5107381339108464,0.0,0.9,,,,0,1,0,774.0,0.0007825607235142119,1.0,1.0,1.0,0.6139,0.1,1.0,0.7,56.0,1.0,1.0,0.85,1.0,1.0,-0.82,1.0,1.0,0.4,0.6,0.0,0.5,0.95,0.76,1.0,1.0,0.9,0.9,0.7,1,1.0,0.2,0.3,0.4,0.0,0.0,0.903475,0.0,0.903475,0.0,0.0,1.0,0.7,0.86,0.65,0.5107381339108464,1.0,0.2,0.5,0.3,0.7,0.8,0.8125,78.1171,0.295,0.7395,0.33,0.8421,16.1377
NCT02951767,"A Phase II, Multicenter, Single-Arm Study of Atezolizumab in Patients With Locally Advanced or Metastatic Urothelial Bladder Cancer",COMPLETED,atezolizumab,CD274,antibody,bladder cancer,True,2014.0,1,1,1,completed+positive_text+results,1,1.0,0.85,0.6,0.65,0.9,0.4,0.7,0.82,0.038,0.01,1.0,0.0,0.45,,,,0,1,0,929.0,0.0007426555435952638,1.0,1.0,1.0,0.688875,0.2,0.6,0.7,27.0,1.0,0.54,0.4,0.5,0.5,-0.18,0.0,0.0,0.4,0.6,0.0,0.5,0.58,0.46399999999999997,0.9,1.0,0.63,0.63,0.8,1,1.0,0.85,0.95,0.8,1.0,1.0,0.0,0.6575,0.6575,1.0,0.0,0.2631578947368421,0.18421052631578946,0.94,0.85,1.0,0.024,0.3,0.5,0.3,0.7,0.8,0.529,93.5833,0.295,0.5082,0.355,0.3138,19.0647
NCT00529763,"A Phase II Study to Determine the Activity of Dasatinib Administered Orally (PO) at a Dose of 100 mg Once Daily (QD) in Chronic Phase Chronic Myelogenous Leukemia (CML), at a Dose of 70 mg Twice Daily (BID) in Advanced Phase Chronic Myelogenous Leukemia (CML) Chinese Subjects Who Are Resistant to or Intolerant of Imatinib Mesylate (Gleevec®)",COMPLETED,dasatinib,ABL1,small_molecule,leukemia,True,2007.0,0,0,0,completed+results+no_positive_signal,1,1.0,0.97,0.88,0.9,0.98,0.4,0.72,0.93,1.0,1.0,0.802469135802469,0.0,0.8,,,,0,1,0,399.0,0.0007217443609022556,0.798,1.0,1.0,0.5742,0.1,1.0,0.7,13.0,0.65,0.26,0.75,1.0,1.0,-0.77,1.0,1.0,0.4,0.6,0.0,0.5,0.9,0.7200000000000001,1.0,1.0,0.84,0.84,0.7,1,1.0,0.2,0.25,0.35,0.0,0.0,0.8935500000000001,0.0,0.8935500000000001,0.0,0.0,1.0,0.7,0.778,0.97,0.802469135802469,1.0,0.44,0.5,0.3,0.7,0.8,0.914,40.6851,0.295,0.7126,0.378,0.9005,8.6843
NCT02019693,A Phase 2 Study of the MET Kinase Inhibitor INC280 in Papillary Renal Cell Cancer,COMPLETED,unmapped,UNKNOWN,unknown,renal cell carcinoma,True,2014.0,1,1,1,completed+positive_text+results,0,0.0,0.0,0.0,0.0,0.0,0.0,0.0,0.0,0.0,0.0,0.0,0.0,0.0,,,,1,1,0,0.0,0.0,0.0,0.0,0.0,0.0,0.0,0.0,0.0,0.0,0.0,0.0,0.0,0.0,0.0,0.0,0.0,0.0,0.4,0.5,0.0,0.5,0.0,0.0,0.0,0.0,0.0,0.0,0.3,0,0.0,0.2,0.3,0.4,0.0,0.0,0.0,0.0,0.0,0.0,1.0,0.0,0.0,0.0,0.0,0.0,0.0,0.0,0.5,0.3,0.7,0.8,0.0,0.0,0.295,0.0,0.22,0.0,0.0625
NCT02689284,"A Phase 1b/2, Open Label, Dose Escalation Study of Margetuximab in Combination With Pembrolizumab in Patients With Relapsed/Refractory Advanced HER2+ Gastroesophageal Junction or Gastric Cancer",COMPLETED,pembrolizumab,PDCD1,antibody,gastric cancer,True,2016.0,0,0,0,completed+results+no_positive_signal,1,1.0,0.3,0.2,0.25,0.3,0.4,0.25,0.3,0.026,0.0,1.0,0.0,0.5,,,,1,1,0,837.0,0.0007509342891278374,1.0,1.0,0.6,0.6553333333333333,0.05,0.36,0.7,9.0,0.45,0.18,0.45,0.5,0.5,-0.15,0.0,0.0,0.4,0.6,0.0,0.5,0.6,0.48,0.9,1.0,0.65,0.65,0.8,1,1.0,0.85,0.8,0.85,1.0,1.0,0.0,0.62,0.62,1.0,0.0,0.0,0.0,0.39,0.3,1.0,0.013,0.1,0.5,0.3,0.7,0.8,0.42,84.1658,0.295,0.2044,0.28,0.2072,17.0713
NCT02077881,A Phase I/II Study of Indoximod in Combination With Gemcitabine and Nab-Paclitaxel in Patients With Metastatic Adenocarcinoma of the Pancreas,COMPLETED,gemcitabine,RRM1,small_molecule,pancreatic cancer,True,2014.0,0,0,0,completed+results+no_positive_signal,1,1.0,0.3,0.2,0.25,0.3,0.4,0.25,0.3,0.068,0.02,0.5147058823529411,0.0,0.47,,,,1,1,0,475.0,0.000819562105263158,0.95,1.0,1.0,0.5399499999999999,0.05,0.54,0.7,4.0,0.2,0.08,0.42,0.0,0.0,0.0,0.0,0.0,0.4,0.6,0.0,0.5,0.58,0.46399999999999997,0.6,0.7,0.62,0.62,0.7,1,1.0,0.2,0.3,0.4,0.0,0.0,0.8049875000000001,0.0,0.8049875000000001,0.0,0.0,0.29411764705882354,0.20588235294117646,0.24,0.3,0.5147058823529411,0.044000000000000004,0.1,0.5,0.3,0.7,0.8,0.1875,48.0085,0.295,0.1462,0.28,0.2378,9.7731
NCT03318900,Phase I/Ib Study of Adoptive Cellular Therapy Using Autologous IL-21-Primed CD8+ Tumor Antigen-Specific T Cells in Combination With Utomilumab (PF-05082566) in Patients With Platinum Resistant Ovarian Cancer,COMPLETED,cyclophosphamide,DNA,small_molecule,ovarian cancer,True,2018.0,0,0,0,completed+results+no_positive_signal,1,1.0,0.3,0.2,0.25,0.3,0.4,0.25,0.3,1.0,1.0,0.5726489790248644,0.0,0.3,,,,1,1,0,578.0,0.0007351176470588234,1.0,1.0,1.0,0.5889090909090909,0.05,0.28,0.7,10.0,0.5,0.2,0.2,0.0,0.0,0.0,0.0,0.0,0.4,0.6,0.0,0.5,0.4,0.32000000000000006,0.2,0.3,0.3,0.3,0.7,1,1.0,0.2,0.3,0.4,0.0,0.0,0.7372272727272728,0.0,0.7372272727272728,0.0,0.0,1.0,0.7,0.42,0.3,0.5726489790248644,1.0,0.1,0.5,0.3,0.7,0.8,0.1325,58.3158,0.295,0.514,0.28,0.8545,11.956
NCT02101034,Phase I/II Trial of the Addition of PD 0332991 to Cetuximab in Patients With Incurable SCCHN,COMPLETED,cetuximab,EGFR,antibody,hnscc,True,2014.0,0,0,0,completed+results+no_positive_signal,1,1.0,0.3,0.2,0.25,0.3,0.4,0.25,0.3,1.0,0.67,0.5491329479768786,0.0,0.9,,,,1,1,0,774.0,0.0007825607235142119,1.0,1.0,1.0,0.6139,0.1,1.0,0.7,56.0,1.0,1.0,0.85,1.0,1.0,-0.82,1.0,1.0,0.4,0.6,0.0,0.5,0.95,0.76,1.0,1.0,0.9,0.9,0.8,1,1.0,0.2,0.3,0.4,0.0,0.0,0.0,0.295,0.295,1.0,0.0,0.67,0.469,0.72,0.3,0.5491329479768786,0.835,0.1,0.5,0.3,0.7,0.8,0.7375,78.0221,0.295,0.6095,0.28,0.6964,16.0518
NCT00828009,A Phase II Study of L-BLP25 and Bevacizumab in Unresectable Stage IIIA and IIIB Non-Squamous Non-Small Cell Lung Cancer After Definitive Chemoradiation,COMPLETED,bevacizumab,VEGFA,antibody,cancer nos,True,2011.0,0,0,0,completed+results+no_positive_signal,1,1.0,0.3,0.2,0.25,0.3,0.4,0.25,0.3,0.0,0.0,0.0,0.0,0.75,,,,1,1,0,582.0,0.0006893024054982818,1.0,1.0,1.0,0.83255,0.3,1.0,0.7,30.0,1.0,0.6,0.7,1.0,1.0,-0.22,0.0,0.0,0.4,0.6,0.0,0.5,0.82,0.656,0.7,0.8,0.83,0.83,0.8,1,1.0,0.2,0.3,0.5,0.0,0.0,0.0,0.295,0.295,1.0,0.0,0.0,0.0,0.72,0.3,0.0,0.0,0.1,0.5,0.3,0.7,0.8,0.704,58.7649,0.295,0.399,0.28,0.0,12.0803
NCT04288687,PLATPARP: A Phase II Single-Arm Trial of Niraparib in Platinum-Sensitive Castration-Resistant Prostate Cancer With DNA Repair Defects,COMPLETED,niraparib,PARP1,small_molecule,prostate cancer,True,2020.0,0,0,0,completed+results+no_positive_signal,1,1.0,0.8,0.75,0.72,0.82,0.4,0.6,0.75,0.206,0.03,0.7160194174757281,0.0,0.65,,,,0,1,0,598.0,0.0007508963210702341,1.0,0.5,0.0,0.0,0.15,1.0,0.7,35.0,1.0,0.7,0.6,1.0,1.0,-0.48,0.5,0.0,0.4,0.6,0.0,0.5,0.7,0.5599999999999999,0.9,1.0,0.79,0.79,0.7,1,1.0,0.6,0.35,0.5,0.0,0.0,0.33,0.0,0.33,0.0,0.5,0.14563106796116504,0.10194174757281552,0.92,0.8,0.7160194174757281,0.118,0.375,0.5,0.3,0.7,0.8,0.835,60.1605,0.295,0.5119,0.3562,0.2589,12.4521
NCT00612716,"Unrelated or Partially Matched Allogeneic Donor Stem Cells for Lymphoma, Myeloma, and Chronic Lymphocytic Leukemia",COMPLETED,cyclophosphamide,DNA,small_molecule,multiple myeloma,True,1999.0,0,0,0,completed+results+no_positive_signal,1,1.0,0.3,0.2,0.25,0.3,0.4,0.25,0.3,1.0,0.54,0.49109481403876376,0.0,0.3,,,,1,1,0,578.0,0.0007351176470588234,1.0,1.0,1.0,0.5889090909090909,0.05,0.28,0.7,10.0,0.5,0.2,0.2,0.0,0.0,0.0,0.0,0.0,0.4,0.6,0.0,0.5,0.4,0.32000000000000006,0.2,0.3,0.3,0.3,0.7,1,1.0,0.2,0.3,0.4,0.0,0.0,0.7372272727272728,0.0,0.7372272727272728,0.0,0.0,0.54,0.378,0.42,0.3,0.49109481403876376,0.77,0.1,0.5,0.3,0.7,0.8,0.1325,58.3158,0.295,0.445,0.28,0.6243,11.9192
NCT00470704,"A Phase 2 Study of Lapatinib in Combination With Trastuzumab in Patients With HER2-Positive, Metastatic Breast Cancer",COMPLETED,herceptin,ERBB2,antibody,breast cancer,True,2007.0,0,0,0,completed+results+no_positive_signal,1,1.0,0.95,0.88,0.85,0.98,0.4,0.8,0.92,1.0,1.0,0.44339622641509435,0.0,0.85,,,,0,1,0,739.0,0.0007936373477672532,1.0,0.5,0.3,0.7236666666666667,0.2,1.0,0.7,45.0,1.0,0.9,0.8,1.0,1.0,-0.71,1.0,1.0,0.4,0.6,0.0,0.5,0.9,0.7200000000000001,1.0,1.0,0.88,0.88,0.8,1,1.0,0.15,0.35,0.45,0.0,0.0,0.0,0.3075,0.3075,1.0,0.5,1.0,0.7,0.98,0.95,0.44339622641509435,1.0,0.44,0.5,0.3,0.7,0.8,0.9185,74.5055,0.295,0.824,0.386,0.8287,15.4658
NCT01207492,A Multi-Center Single Agent Phase II Study of the Efficacy of Nilotinib in Patients With Relapsed or Metastatic Pigmented Villonodular Synovitis/Tenosynovial Giant Cell Tumor/Diffuse-Type Giant Cell Tumor,COMPLETED,nilotinib,ABL1,small_molecule,cancer nos,True,2010.0,0,0,0,completed+results+no_positive_signal,1,1.0,0.3,0.2,0.25,0.3,0.4,0.25,0.3,0.0,0.0,0.0,0.0,0.8,,,,1,1,0,399.0,0.0007217443609022556,0.798,1.0,1.0,0.5742,0.1,1.0,0.7,13.0,0.65,0.26,0.75,1.0,1.0,-0.77,1.0,1.0,0.4,0.6,0.0,0.5,0.9,0.7200000000000001,1.0,1.0,0.84,0.84,0.7,1,1.0,0.2,0.25,0.35,0.0,0.0,0.8935500000000001,0.0,0.8935500000000001,0.0,0.0,0.0,0.0,0.51,0.3,0.0,0.0,0.1,0.5,0.3,0.7,0.8,0.7145,40.5161,0.295,0.2645,0.28,0.0,8.4063
NCT00520936,A Phase II Study of Pemetrexed in Children With Recurrent Malignancies,COMPLETED,pemetrexed,TYMS,small_molecule,cancer nos,True,2007.0,0,0,0,completed+results+no_positive_signal,1,1.0,0.3,0.2,0.25,0.3,0.4,0.25,0.3,0.0,0.0,0.0,0.0,0.6,,,,1,1,0,481.0,0.0008138274428274429,0.962,1.0,1.0,0.82585,0.05,0.32,0.7,6.0,0.3,0.12,0.55,0.0,0.0,-0.91,1.0,0.0,0.4,0.6,0.0,0.5,0.7,0.5599999999999999,0.8,0.9,0.78,0.78,0.7,1,1.0,0.15,0.2,0.3,0.0,0.0,0.9164625000000001,0.0,0.9164625000000001,0.0,0.0,0.0,0.0,0.3,0.3,0.0,0.0,0.1,0.5,0.3,0.7,0.8,0.2215,48.7514,0.295,0.16,0.28,0.0,9.9092
NCT01927744,"Randomized, Placebo-Controlled, Phase 2 Study Of Induction Chemotherapy With Cisplatin/Carboplatin, And Docetaxel With Or Without Erlotinib In Patients With Head And Neck Squamous Cell Carcinomas Amenable For Surgical Resection",COMPLETED,erlotinib,EGFR,small_molecule,hnscc,True,2013.0,1,1,1,completed+positive_text+results,1,1.0,0.3,0.2,0.25,0.3,0.4,0.25,0.3,1.0,0.67,0.5491329479768786,0.0,0.9,,,,1,1,0,774.0,0.0007825607235142119,1.0,1.0,1.0,0.6139,0.1,1.0,0.7,56.0,1.0,1.0,0.85,1.0,1.0,-0.82,1.0,1.0,0.4,0.6,0.0,0.5,0.95,0.76,1.0,1.0,0.9,0.9,0.7,1,1.0,0.2,0.3,0.4,0.0,0.0,0.903475,0.0,0.903475,0.0,0.0,0.67,0.469,0.72,0.3,0.5491329479768786,0.835,0.1,0.5,0.3,0.7,0.8,0.7375,78.0221,0.295,0.6095,0.28,0.6964,16.0518
NCT01769209,A Phase II Study of Subcutaneous Bortezomib in Combination With Chemotherapy (VXLD) for Relapsed/Refractory Adult Acute Lymphoblastic Leukemia,COMPLETED,bortezomib,PSMB5,small_molecule,leukemia,False,2013.0,0,0,0,completed+results+no_positive_signal,1,1.0,0.3,0.2,0.25,0.3,0.4,0.25,0.3,0.012,0.0,0.20833333333333331,0.0,0.45,,,,1,1,1,1170.0,0.0009419982905982905,1.0,1.0,1.0,0.6293333333333334,0.05,0.38,0.7,173.0,1.0,1.0,0.4,0.5,0.5,-0.83,1.0,1.0,0.4,0.6,0.0,0.5,0.65,0.52,0.8,0.9,0.62,0.62,0.7,1,1.0,0.25,0.3,0.45,0.0,0.0,0.8673333333333334,0.0,0.8673333333333334,0.0,0.0,0.0,0.0,0.72,0.3,0.20833333333333331,0.006,0.1,,,,,0.4085,117.6219,0.0,0.3508,0.28,0.045,23.7432
NCT01468532,"Phase I/II Trial to Establish the Safety and Preliminary Efficacy of the Combination of Docetaxel, Prednisone, and SOM 230 (Pasireotide) in Metastatic Castrate Resistant Prostate Cancer (CRPC).",COMPLETED,docetaxel,TUBB,small_molecule,prostate cancer,True,2011.0,0,0,0,completed+results+no_positive_signal,1,1.0,0.3,0.2,0.25,0.3,0.4,0.25,0.3,0.003,0.0,0.8333333333333333,0.0,0.43,,,,1,1,0,715.0,0.000807165034965035,1.0,1.0,1.0,0.5950000000000001,0.05,0.7,0.7,17.0,0.85,0.34,0.38,0.0,0.0,0.0,0.0,0.0,0.0,0.0,0.0,0.0,0.55,0.44000000000000006,0.6,0.7,0.59,0.59,0.7,1,1.0,0.2,0.3,0.4,0.0,0.0,0.8187500000000001,0.0,0.8187500000000001,0.0,0.0,0.0,0.0,0.63,0.3,0.8333333333333333,0.0015,0.1,0.5,0.3,0.7,0.8,0.178,72.0168,0.295,0.309,0.04,0.1675,14.5619
NCT02342587,Safety and Clinical Activity of Lapatinib in Patients With HER2-positive Refractory Advanced Cancer: A Phase II Single Arm Prospective Study,COMPLETED,lapatinib,ERBB2,small_molecule,breast cancer,True,2014.0,1,1,1,completed+positive_text+approved,1,1.0,0.95,0.88,0.85,0.98,0.4,0.8,0.92,1.0,1.0,0.44339622641509435,0.0,0.85,,,,0,1,0,739.0,0.0007936373477672532,1.0,0.5,0.3,0.7236666666666667,0.2,1.0,0.7,45.0,1.0,0.9,0.8,1.0,1.0,-0.71,1.0,1.0,0.4,0.6,0.0,0.5,0.9,0.7200000000000001,1.0,1.0,0.88,0.88,0.7,1,1.0,0.15,0.35,0.45,0.0,0.0,0.0,0.3075,0.3075,1.0,0.5,1.0,0.7,0.98,0.95,0.44339622641509435,1.0,0.44,0.5,0.3,0.7,0.8,0.9185,74.5055,0.295,0.824,0.386,0.8287,15.4658
NCT00423293,A Phase II Evaluation of Dose-Painted Intensity-Modulated Radiation Therapy (IMRT) in Combination With 5-Fluorouracil (5-FU) and Mitomycin-C for Reduction of Acute Morbidity in Carcinoma of the Anal Canal,COMPLETED,fluorouracil,TYMS,small_molecule,cancer nos,True,2006.0,0,0,0,completed+results+no_positive_signal,1,1.0,0.3,0.2,0.25,0.3,0.4,0.25,0.3,0.0,0.0,0.0,0.0,0.6,,,,1,1,0,481.0,0.0008138274428274429,0.962,1.0,1.0,0.82585,0.05,0.32,0.7,6.0,0.3,0.12,0.55,0.0,0.0,-0.91,1.0,0.0,0.4,0.6,0.0,0.5,0.7,0.5599999999999999,0.8,0.9,0.78,0.78,0.7,1,1.0,0.15,0.2,0.3,0.0,0.0,0.9164625000000001,0.0,0.9164625000000001,0.0,0.0,0.0,0.0,0.3,0.3,0.0,0.0,0.1,0.5,0.3,0.7,0.8,0.2215,48.7514,0.295,0.16,0.28,0.0,9.9092
NCT00524121,Phase II Study of Erlotinib (Tarceva®) and Radiotherapy for Elderly Patients With Esophageal Carcinoma,COMPLETED,erlotinib,EGFR,small_molecule,cancer nos,True,2006.0,0,0,0,completed+results+no_positive_signal,1,1.0,0.3,0.2,0.25,0.3,0.4,0.25,0.3,0.001,0.0,0.0,0.0,0.9,,,,1,1,0,774.0,0.0007825607235142119,1.0,1.0,1.0,0.6139,0.1,1.0,0.7,56.0,1.0,1.0,0.85,1.0,1.0,-0.82,1.0,1.0,0.4,0.6,0.0,0.5,0.95,0.76,1.0,1.0,0.9,0.9,0.7,1,1.0,0.2,0.3,0.4,0.0,0.0,0.903475,0.0,0.903475,0.0,0.0,0.0,0.0,0.72,0.3,0.0,0.0005,0.1,0.5,0.3,0.7,0.8,0.7375,78.0221,0.295,0.3591,0.28,0.0003,15.9321
NCT01388647,"Phase I/II Study of Neoadjuvant Carboplatin, Eribulin Mesylate and Trastuzumab (ECH) for Operable HER2 Positive Breast Cancer",TERMINATED,trastuzumab,ERBB2,antibody,breast cancer,True,2011.0,0,0,0,terminated+efficacy,1,1.0,0.95,0.88,0.85,0.98,0.4,0.8,0.92,1.0,1.0,0.44339622641509435,0.0,0.85,,,,0,1,0,739.0,0.0007936373477672532,1.0,0.5,0.3,0.7236666666666667,0.2,1.0,0.7,45.0,1.0,0.9,0.8,1.0,1.0,-0.71,1.0,1.0,0.4,0.6,0.0,0.5,0.9,0.7200000000000001,1.0,1.0,0.88,0.88,0.8,1,1.0,0.15,0.35,0.45,0.0,0.0,0.0,0.3075,0.3075,1.0,0.5,1.0,0.7,0.98,0.95,0.44339622641509435,1.0,0.44,0.5,0.3,0.7,0.8,0.9185,74.5055,0.295,0.824,0.386,0.8287,15.4658
NCT05526248,"A 2-stage, Lead-in and Randomized, Phase 2, Open-label Study of Darolutamide Versus Enzalutamide as Monotherapy on Testosterone Levels Change in Men With Hormone-Naïve Prostate Cancer",COMPLETED,enzalutamide,AR,small_molecule,prostate cancer,True,2022.0,0,0,0,completed+results+no_positive_signal,1,1.0,0.98,0.88,0.9,0.98,0.4,0.82,0.95,1.0,1.0,0.5785932721712538,0.0,0.85,,,,0,1,0,557.0,0.0007637253141831239,1.0,0.0,0.0,0.0,0.05,1.0,0.7,22.0,1.0,0.44,0.8,1.0,1.0,-0.69,1.0,1.0,0.4,0.6,0.0,0.5,0.82,0.656,1.0,1.0,0.88,0.88,0.7,1,1.0,0.1,0.2,0.3,0.0,0.0,0.2,0.0,0.2,0.0,1.0,1.0,0.7,0.992,0.98,0.5785932721712538,1.0,0.44,0.5,0.3,0.7,0.8,0.926,56.0475,0.295,0.8009,0.388,0.8557,11.7745
NCT01118026,Phase II Trial of Response-Adapted Therapy Based on Positron Emission Tomography (PET) for Bulky Stage I and Stage II Classical Hodgkin Lymphoma (HL),COMPLETED,unmapped,UNKNOWN,unknown,lymphoma,True,2010.0,1,1,1,completed+positive_text+results,0,0.0,0.0,0.0,0.0,0.0,0.0,0.0,0.0,0.0,0.0,0.0,0.0,0.0,,,,1,1,0,0.0,0.0,0.0,0.0,0.0,0.0,0.0,0.0,0.0,0.0,0.0,0.0,0.0,0.0,0.0,0.0,0.0,0.0,0.4,0.5,0.0,0.5,0.0,0.0,0.0,0.0,0.0,0.0,0.3,0,0.0,0.2,0.3,0.4,0.0,0.0,0.0,0.0,0.0,0.0,1.0,0.0,0.0,0.0,0.0,0.0,0.0,0.0,0.5,0.3,0.7,0.8,0.0,0.0,0.295,0.0,0.22,0.0,0.0625
NCT00413283,"Phase 2, Randomized, Double Blind, Placebo-Controlled Dose and Schedule Finding Trial to Evaluate the Safety and Efficacy of AMG 531 For Treatment of Chemotherapy-Induced Thrombocytopenia in Subjects With Advanced Non-Small Cell Lung Cancer Already Receiving Gemcitabine and Platinum.",COMPLETED,gemcitabine,RRM1,small_molecule,nsclc,False,2006.0,0,0,0,completed+results+no_positive_signal,1,1.0,0.3,0.2,0.25,0.3,0.4,0.25,0.3,0.153,0.15,0.14705882352941177,0.0,0.47,,,,1,1,1,475.0,0.000819562105263158,0.95,1.0,1.0,0.5399499999999999,0.05,0.54,0.7,4.0,0.2,0.08,0.42,0.0,0.0,0.0,0.0,0.0,0.4,0.6,0.0,0.5,0.58,0.46399999999999997,0.6,0.7,0.62,0.62,0.7,1,1.0,0.2,0.3,0.4,0.0,0.0,0.8049875000000001,0.0,0.8049875000000001,0.0,0.0,0.9803921568627451,0.6862745098039215,0.24,0.3,0.14705882352941177,0.1515,0.1,,,,,0.1875,48.0085,0.0,0.1784,0.28,0.4651,9.7728
NCT01820754,Evaluation of Circulating T Cells and Tumor Infiltrating Lymphocytes With Specificities Against Tumor Associated Antigens During and After Neoadjuvant Chemotherapy and Phased Ipilimumab in Non-Small Cell Lung Cancer,COMPLETED,ipilimumab,CTLA4,antibody,nsclc,True,2013.0,0,0,0,completed+results+no_positive_signal,1,1.0,0.3,0.2,0.25,0.3,0.4,0.25,0.3,0.461,0.24,1.0,0.0,0.55,,,,1,1,0,822.0,0.0007566520681265206,1.0,0.5,0.0,0.0,0.05,0.36,0.7,11.0,0.55,0.22,0.5,0.5,0.5,-0.12,0.0,0.0,0.4,0.6,0.0,0.5,0.62,0.496,0.8,0.9,0.61,0.61,0.8,1,1.0,0.7,0.6,0.8,1.0,1.0,0.0,0.5700000000000001,0.5700000000000001,1.0,0.5,0.5206073752711496,0.36442516268980474,0.45,0.3,1.0,0.35050000000000003,0.1,0.5,0.3,0.7,0.8,0.428,82.3775,0.295,0.3327,0.28,0.5478,16.7753
NCT05267054,"A Phase 1b/2 Study Investigating the Safety, Tolerability, Pharmacokinetics, and Preliminary Antitumor Activity of Ociperlimab (BGB-A1217) in Combination With Tislelizumab (BGB-A317) or Rituximab in Patients With Relapsed or Refractory Diffuse Large B Cell Lymphoma",COMPLETED,rituximab,MS4A1,antibody,lymphoma,True,2022.0,0,0,0,completed+results+no_positive_signal,1,1.0,0.88,0.65,0.7,0.92,0.4,0.68,0.85,0.028,0.0,0.7142857142857142,0.0,0.65,,,,0,1,0,525.0,0.0006596552380952381,1.0,0.5,0.0,0.0,0.05,0.44,0.7,11.0,0.55,0.22,0.6,0.5,0.5,-0.44,0.5,0.0,0.4,0.6,0.0,0.5,0.68,0.544,0.9,1.0,0.73,0.73,0.8,1,1.0,0.25,0.35,0.65,0.0,0.0,0.0,0.3075,0.3075,1.0,0.5,0.0,0.0,0.682,0.88,0.7142857142857142,0.014,0.325,0.5,0.3,0.7,0.8,0.589,52.8785,0.295,0.3606,0.3568,0.1506,10.8931
NCT00023673,"A Phase I/II Dose Intensification Study Using Three Dimensional Conformal Radiation Therapy And Concurrent Chemotherapy For Patients With Inoperable, Non-Small Cell Lung Cancer",COMPLETED,carboplatin,DNA,small_molecule,cancer nos,True,2001.0,0,0,0,completed+results+no_positive_signal,1,1.0,0.3,0.2,0.25,0.3,0.4,0.25,0.3,0.0,0.0,0.0,0.0,0.3,,,,1,1,0,578.0,0.0007351176470588234,1.0,1.0,1.0,0.5889090909090909,0.05,0.28,0.7,10.0,0.5,0.2,0.2,0.0,0.0,0.0,0.0,0.0,0.4,0.6,0.0,0.5,0.4,0.32000000000000006,0.2,0.3,0.3,0.3,0.7,1,1.0,0.2,0.3,0.4,0.0,0.0,0.7372272727272728,0.0,0.7372272727272728,0.0,0.0,0.0,0.0,0.42,0.3,0.0,0.0,0.1,0.5,0.3,0.7,0.8,0.1325,58.3158,0.295,0.214,0.28,0.0,11.8106
NCT02904954,"A Randomized Phase 2 Trial of Durvalumab (MEDI4736) With or Without SBRT in Clinical Stage I, II, and IIIA Non-small Cell Lung Cancer (NSCLC)",COMPLETED,durvalumab,CD274,antibody,cancer nos,True,2016.0,0,0,0,completed+results+no_positive_signal,1,1.0,0.3,0.2,0.25,0.3,0.4,0.25,0.3,0.0,0.0,0.0,0.0,0.45,,,,1,1,0,929.0,0.0007426555435952638,1.0,1.0,1.0,0.688875,0.2,0.6,0.7,27.0,1.0,0.54,0.4,0.5,0.5,-0.18,0.0,0.0,0.4,0.6,0.0,0.5,0.58,0.46399999999999997,0.9,1.0,0.63,0.63,0.8,1,1.0,0.85,0.95,0.8,1.0,1.0,0.0,0.6575,0.6575,1.0,0.0,0.0,0.0,0.72,0.3,0.0,0.0,0.1,0.5,0.3,0.7,0.8,0.409,93.4383,0.295,0.379,0.28,0.0,18.9372
NCT00432094,Autologous Peripheral Blood Stem Cell Transplant for Germ Cell Tumors,COMPLETED,carboplatin,DNA,small_molecule,ovarian cancer,True,2006.0,0,0,0,completed+results+no_positive_signal,1,1.0,0.3,0.2,0.25,0.3,0.4,0.25,0.3,1.0,1.0,0.5726489790248644,0.0,0.3,,,,1,1,0,578.0,0.0007351176470588234,1.0,1.0,1.0,0.5889090909090909,0.05,0.28,0.7,10.0,0.5,0.2,0.2,0.0,0.0,0.0,0.0,0.0,0.4,0.6,0.0,0.5,0.4,0.32000000000000006,0.2,0.3,0.3,0.3,0.7,1,1.0,0.2,0.3,0.4,0.0,0.0,0.7372272727272728,0.0,0.7372272727272728,0.0,0.0,1.0,0.7,0.42,0.3,0.5726489790248644,1.0,0.1,0.5,0.3,0.7,0.8,0.1325,58.3158,0.295,0.514,0.28,0.8545,11.956
NCT03927105,Nivolumab and the Antagonistic CSF-1R Monoclonal Antibody Cabiralizumab (BMS-986227) in Patients With Relapsed/Refractory Peripheral T Cell Lymphoma,COMPLETED,nivolumab,PDCD1,antibody,lymphoma,False,2019.0,0,0,0,completed+results+no_positive_signal,1,1.0,0.85,0.6,0.65,0.9,0.4,0.68,0.82,0.044,0.0,0.9090909090909091,0.0,0.5,,,,0,1,1,837.0,0.0007509342891278374,1.0,1.0,0.6,0.6553333333333333,0.05,0.36,0.7,9.0,0.45,0.18,0.45,0.5,0.5,-0.15,0.0,0.0,0.4,0.6,0.0,0.5,0.6,0.48,0.9,1.0,0.65,0.65,0.8,1,1.0,0.85,0.8,0.85,1.0,1.0,0.0,0.62,0.62,1.0,0.0,0.0,0.0,0.6100000000000001,0.85,0.9090909090909091,0.022,0.3,,,,,0.54,84.3108,0.0,0.3291,0.353,0.1939,17.1353
NCT03133546,A Randomised Phase II Trial of Osimertinib and Bevacizumab Versus Osimertinib Alone as Second-line Treatment in Stage IIIb-IVb NSCLC With Confirmed EGFRm and T790M,COMPLETED,osimertinib,EGFR,small_molecule,nsclc,True,2017.0,0,0,0,completed+results+no_positive_signal,1,1.0,0.92,0.85,0.8,0.95,0.4,0.75,0.9,1.0,1.0,0.8166677488474774,0.0,0.9,,,,0,1,0,774.0,0.0007825607235142119,1.0,1.0,1.0,0.6139,0.1,1.0,0.7,56.0,1.0,1.0,0.85,1.0,1.0,-0.82,1.0,1.0,0.4,0.6,0.0,0.5,0.95,0.76,1.0,1.0,0.9,0.9,0.7,1,1.0,0.2,0.3,0.4,0.0,0.0,0.903475,0.0,0.903475,0.0,0.0,1.0,0.7,0.968,0.92,0.8166677488474774,1.0,0.425,0.5,0.3,0.7,0.8,0.9175,78.1816,0.295,0.7986,0.3788,0.9033,16.2021
NCT00821886,Phase II Study of Neoadjuvant Ixabepilone/Carboplatin/Trastuzumab in HER2-Positive Locally Advanced Breast Cancer,COMPLETED,trastuzumab,ERBB2,antibody,breast cancer,True,2009.0,0,0,0,completed+results+no_positive_signal,1,1.0,0.95,0.88,0.85,0.98,0.4,0.8,0.92,1.0,1.0,0.44339622641509435,0.0,0.85,,,,0,1,0,739.0,0.0007936373477672532,1.0,0.5,0.3,0.7236666666666667,0.2,1.0,0.7,45.0,1.0,0.9,0.8,1.0,1.0,-0.71,1.0,1.0,0.4,0.6,0.0,0.5,0.9,0.7200000000000001,1.0,1.0,0.88,0.88,0.8,1,1.0,0.15,0.35,0.45,0.0,0.0,0.0,0.3075,0.3075,1.0,0.5,1.0,0.7,0.98,0.95,0.44339622641509435,1.0,0.44,0.5,0.3,0.7,0.8,0.9185,74.5055,0.295,0.824,0.386,0.8287,15.4658
NCT00072566,"Phase II Clinical Trial of Bevacizumab (NSC 704865) and Low Dose Oral Cyclophosphamide in Recurrent Ovarian Cancer, Primary Peritoneal Carcinoma",COMPLETED,bevacizumab,VEGFA,antibody,ovarian cancer,True,2003.0,0,0,0,completed+results+no_positive_signal,1,1.0,0.3,0.2,0.25,0.3,0.4,0.25,0.3,0.204,0.07,0.6004901960784313,0.0,0.75,,,,1,1,0,582.0,0.0006893024054982818,1.0,1.0,1.0,0.83255,0.3,1.0,0.7,30.0,1.0,0.6,0.7,1.0,1.0,-0.22,0.0,0.0,0.4,0.6,0.0,0.5,0.82,0.656,0.7,0.8,0.83,0.83,0.8,1,1.0,0.2,0.3,0.5,0.0,0.0,0.0,0.295,0.295,1.0,0.0,0.34313725490196084,0.24019607843137258,0.72,0.3,0.6004901960784313,0.137,0.1,0.5,0.3,0.7,0.8,0.704,58.7649,0.295,0.4401,0.28,0.3153,12.12
NCT04541355,A Phase II Study of Sodium Thiosulfate (STS) for Prevention of Ototoxicity in Patients With Locally Advanced Squamous Cell Carcinoma of Head and Neck (SCCHN) Undergoing Concurrent Chemoradiation With Cisplatin,COMPLETED,cisplatin,DNA,small_molecule,hnscc,True,2020.0,0,0,0,completed+results+no_positive_signal,1,1.0,0.3,0.2,0.25,0.3,0.4,0.25,0.3,1.0,0.3,0.6134969325153374,0.0,0.3,,,,1,1,0,578.0,0.0007351176470588234,1.0,1.0,1.0,0.5889090909090909,0.05,0.28,0.7,10.0,0.5,0.2,0.2,0.0,0.0,0.0,0.0,0.0,0.4,0.6,0.0,0.5,0.4,0.32000000000000006,0.2,0.3,0.3,0.3,0.7,1,1.0,0.2,0.3,0.4,0.0,0.0,0.7372272727272728,0.0,0.7372272727272728,0.0,0.0,0.3,0.21,0.42,0.3,0.6134969325153374,0.65,0.1,0.5,0.3,0.7,0.8,0.1325,58.3158,0.295,0.409,0.28,0.5372,11.9033
NCT01643668,Phase II Study of Reduced Intensity Conditioning With Busulfan/Clofarabine Followed by Allogeneic Stem Cell Transplantation,COMPLETED,unmapped,UNKNOWN,unknown,leukemia,True,2012.0,1,1,1,completed+positive_text+results,0,0.0,0.0,0.0,0.0,0.0,0.0,0.0,0.0,0.0,0.0,0.0,0.0,0.0,,,,1,1,0,0.0,0.0,0.0,0.0,0.0,0.0,0.0,0.0,0.0,0.0,0.0,0.0,0.0,0.0,0.0,0.0,0.0,0.0,0.4,0.5,0.0,0.5,0.0,0.0,0.0,0.0,0.0,0.0,0.3,0,0.0,0.2,0.3,0.4,0.0,0.0,0.0,0.0,0.0,0.0,1.0,0.0,0.0,0.0,0.0,0.0,0.0,0.0,0.5,0.3,0.7,0.8,0.0,0.0,0.295,0.0,0.22,0.0,0.0625
NCT02598960,"A Phase 1/2a Dose Escalation and Cohort Expansion Study for Safety, Tolerability, and Efficacy of BMS-986156 Administered Alone and in Combination With Nivolumab (BMS-936558, Anti PD-1 Monoclonal Antibody) in Advanced Solid Tumors",COMPLETED,nivolumab,PDCD1,antibody,solid tumors,True,2015.0,0,0,0,completed+results+no_positive_signal,1,1.0,0.3,0.2,0.25,0.3,0.4,0.25,0.3,0.019,0.0,1.0,0.0,0.5,,,,1,1,0,837.0,0.0007509342891278374,1.0,1.0,0.6,0.6553333333333333,0.05,0.36,0.7,9.0,0.45,0.18,0.45,0.5,0.5,-0.15,0.0,0.0,0.4,0.6,0.0,0.5,0.6,0.48,0.9,1.0,0.65,0.65,0.8,1,1.0,0.85,0.8,0.85,1.0,1.0,0.0,0.62,0.62,1.0,0.0,0.0,0.0,0.39,0.3,1.0,0.0095,0.1,0.5,0.3,0.7,0.8,0.42,84.1658,0.295,0.2034,0.28,0.2052,17.0709
NCT00798720,"Phase II Study of Vorinostat (SAHA, Zolinza) and Bortezomib (PS341, Velcade) as Third-Line Treatment in Patients With Advanced Non-Small Cell Lung Cancer",COMPLETED,bortezomib,PSMB5,small_molecule,nsclc,True,2008.0,0,0,0,completed+results+no_positive_signal,1,1.0,0.3,0.2,0.25,0.3,0.4,0.25,0.3,0.001,0.0,1.0,0.0,0.45,,,,1,1,0,1170.0,0.0009419982905982905,1.0,1.0,1.0,0.6293333333333334,0.05,0.38,0.7,173.0,1.0,1.0,0.4,0.5,0.5,-0.83,1.0,1.0,0.4,0.6,0.0,0.5,0.65,0.52,0.8,0.9,0.62,0.62,0.7,1,1.0,0.25,0.3,0.45,0.0,0.0,0.8673333333333334,0.0,0.8673333333333334,0.0,0.0,0.0,0.0,0.72,0.3,1.0,0.0005,0.1,0.5,0.3,0.7,0.8,0.4085,117.6219,0.295,0.3491,0.28,0.2003,23.7879
NCT00784303,"Phase II, Multicenter, Open-label, Single Arm Trial to Evaluate the Safety and Efficacy of Oral E7080 in Medullary and Iodine-131 Refractory, Unresectable Differentiated Thyroid Cancers, Stratified by Histology",COMPLETED,lenvatinib,VEGFR2,small_molecule,thyroid cancer,True,2008.0,0,0,0,completed+results+no_positive_signal,1,1.0,0.3,0.2,0.25,0.3,0.4,0.25,0.3,0.078,0.04,0.4487179487179487,0.0,0.55,,,,1,1,0,606.0,0.0007355808580858086,1.0,0.5,0.0,0.0,0.2,1.0,0.7,7.0,0.35,0.14,0.5,0.5,0.5,-0.31,0.5,0.0,0.4,0.6,0.0,0.5,0.4,0.32000000000000006,0.9,1.0,0.3,0.3,0.7,1,1.0,0.2,0.3,0.4,0.0,0.0,0.33,0.0,0.33,0.0,0.5,0.5128205128205129,0.358974358974359,0.32999999999999996,0.3,0.4487179487179487,0.059,0.1,0.5,0.3,0.7,0.8,0.4125,60.835,0.295,0.2212,0.28,0.3142,12.4173
NCT02267603,A Phase II Study of MK-3475 in Patients With Advanced Merkel Cell Carcinoma (MCC),COMPLETED,pembrolizumab,PDCD1,antibody,cancer nos,True,2014.0,0,0,0,completed+results+no_positive_signal,1,1.0,0.3,0.2,0.25,0.3,0.4,0.25,0.3,0.0,0.0,0.0,0.0,0.5,,,,1,1,0,837.0,0.0007509342891278374,1.0,1.0,0.6,0.6553333333333333,0.05,0.36,0.7,9.0,0.45,0.18,0.45,0.5,0.5,-0.15,0.0,0.0,0.4,0.6,0.0,0.5,0.6,0.48,0.9,1.0,0.65,0.65,0.8,1,1.0,0.85,0.8,0.85,1.0,1.0,0.0,0.62,0.62,1.0,0.0,0.0,0.0,0.39,0.3,0.0,0.0,0.1,0.5,0.3,0.7,0.8,0.42,84.1658,0.295,0.2005,0.28,0.0,17.0498
NCT03094286,A Phase II Exploratory Study of Durvalumab (MEDI4736) in HIV-1 Patients With Advanced Solid Tumors.,COMPLETED,durvalumab,CD274,antibody,cancer nos,True,2017.0,0,0,0,completed+results+no_positive_signal,1,1.0,0.3,0.2,0.25,0.3,0.4,0.25,0.3,0.0,0.0,0.0,0.0,0.45,,,,1,1,0,929.0,0.0007426555435952638,1.0,1.0,1.0,0.688875,0.2,0.6,0.7,27.0,1.0,0.54,0.4,0.5,0.5,-0.18,0.0,0.0,0.4,0.6,0.0,0.5,0.58,0.46399999999999997,0.9,1.0,0.63,0.63,0.8,1,1.0,0.85,0.95,0.8,1.0,1.0,0.0,0.6575,0.6575,1.0,0.0,0.0,0.0,0.72,0.3,0.0,0.0,0.1,0.5,0.3,0.7,0.8,0.409,93.4383,0.295,0.379,0.28,0.0,18.9372
NCT01995669,A Phase I/II Study of Lenalidomide and Obinutuzumab (GA101) in Relapsed Indolent Non-Hodgkin's Lymphoma,COMPLETED,obinutuzumab,MS4A1,antibody,lymphoma,True,2014.0,0,0,0,completed+results+no_positive_signal,1,1.0,0.88,0.65,0.7,0.92,0.4,0.68,0.85,0.028,0.0,0.7142857142857142,0.0,0.65,,,,0,1,0,525.0,0.0006596552380952381,1.0,0.5,0.0,0.0,0.05,0.44,0.7,11.0,0.55,0.22,0.6,0.5,0.5,-0.44,0.5,0.0,0.4,0.6,0.0,0.5,0.68,0.544,0.9,1.0,0.73,0.73,0.8,1,1.0,0.25,0.35,0.65,0.0,0.0,0.0,0.3075,0.3075,1.0,0.5,0.0,0.0,0.682,0.88,0.7142857142857142,0.014,0.325,0.5,0.3,0.7,0.8,0.589,52.8785,0.295,0.3606,0.3568,0.1506,10.8931
NCT02206425,A Phase 1/2 Study of Ixazomib as a Replacement for Bortezomib or Carfilzomib for Multiple Myeloma (MM) Patients Recently Relapsed or Refractory to Their Last Combination Regimen Containing Either Bortezomib or Carfilzomib,COMPLETED,lenalidomide,CRBN,small_molecule,multiple myeloma,True,2014.0,1,1,1,completed+positive_text+approved,1,1.0,0.3,0.2,0.25,0.3,0.4,0.25,0.3,0.2,0.05,0.875,0.0,0.4,,,,1,1,0,630.0,0.0008394936507936509,1.0,0.5,0.0,0.0,0.05,0.32,0.7,1.0,0.05,0.02,0.35,0.5,0.5,-0.55,1.0,1.0,0.4,0.6,0.0,0.5,0.55,0.44000000000000006,0.6,0.7,0.58,0.58,0.7,1,1.0,0.3,0.4,0.55,0.1,0.0,0.27,0.0,0.27,0.0,0.5,0.25,0.175,0.15,0.3,0.875,0.125,0.1,0.5,0.3,0.7,0.8,0.3965,63.2775,0.295,0.13,0.28,0.3313,12.8853
NCT00062010,Interferon Alpha (NSC# 377523) Plus 13-Cis-Retinoic Acid Modulation Of BCL-2 Plus Paclitaxel For Recurrent Small Cell Lung Cancer,COMPLETED,paclitaxel,TUBB,small_molecule,cancer nos,True,2004.0,0,0,0,completed+results+no_positive_signal,1,1.0,0.3,0.2,0.25,0.3,0.4,0.25,0.3,0.0,0.0,0.0,0.0,0.43,,,,1,1,0,715.0,0.000807165034965035,1.0,1.0,1.0,0.5950000000000001,0.05,0.7,0.7,17.0,0.85,0.34,0.38,0.0,0.0,0.0,0.0,0.0,0.0,0.0,0.0,0.0,0.55,0.44000000000000006,0.6,0.7,0.59,0.59,0.7,1,1.0,0.2,0.3,0.4,0.0,0.0,0.8187500000000001,0.0,0.8187500000000001,0.0,0.0,0.0,0.0,0.63,0.3,0.0,0.0,0.1,0.5,0.3,0.7,0.8,0.178,72.0168,0.295,0.3085,0.04,0.0,14.5451
NCT01351623,Phase II Study of Infusional Carfilzomib in Patients With Relapsed or Refractory Multiple Myeloma,COMPLETED,carfilzomib,PSMB5,small_molecule,multiple myeloma,True,2011.0,1,1,1,completed+positive_text+results,1,1.0,0.85,0.6,0.65,0.92,0.4,0.65,0.8,0.032,0.02,0.9375,0.0,0.45,,,,0,1,0,1170.0,0.0009419982905982905,1.0,1.0,1.0,0.6293333333333334,0.05,0.38,0.7,173.0,1.0,1.0,0.4,0.5,0.5,-0.83,1.0,1.0,0.4,0.6,0.0,0.5,0.65,0.52,0.8,0.9,0.62,0.62,0.7,1,1.0,0.25,0.3,0.45,0.0,0.0,0.8673333333333334,0.0,0.8673333333333334,0.0,0.0,0.625,0.4375,0.94,0.85,0.9375,0.026000000000000002,0.3,0.5,0.3,0.7,0.8,0.5285,117.7699,0.295,0.4758,0.35,0.4415,23.9074
NCT01449279,A Pilot Study of Ipilimumab in Subjects With Stage IV Melanoma Receiving Palliative Radiation Therapy,COMPLETED,ipilimumab,CTLA4,antibody,melanoma,False,2011.0,0,0,0,completed+results+no_positive_signal,1,1.0,0.3,0.2,0.25,0.3,0.4,0.25,0.3,1.0,0.94,0.7076653306613225,0.0,0.55,,,,1,1,1,822.0,0.0007566520681265206,1.0,0.5,0.0,0.0,0.05,0.36,0.7,11.0,0.55,0.22,0.5,0.5,0.5,-0.12,0.0,0.0,0.4,0.6,0.0,0.5,0.62,0.496,0.8,0.9,0.61,0.61,0.8,1,1.0,0.7,0.6,0.8,1.0,1.0,0.0,0.5700000000000001,0.5700000000000001,1.0,0.5,0.94,0.6579999999999999,0.45,0.3,0.7076653306613225,0.97,0.1,,,,,0.428,82.3775,0.0,0.5185,0.28,0.8536,16.8136
NCT02703779,"An Exploratory Trial to Estimate the Proportion of Patients With Tumor Cell Contaminated, Flow Positive Leukapheresis Products Collected With and Without Bortezomib as In-vivo Purging Prior to Autologous Stem Cell Harvest for Multiple Myeloma",COMPLETED,bortezomib,PSMB5,small_molecule,multiple myeloma,True,2016.0,0,0,0,completed+results+no_positive_signal,1,1.0,0.85,0.6,0.65,0.92,0.4,0.65,0.8,0.032,0.02,0.9375,0.0,0.45,,,,0,1,0,1170.0,0.0009419982905982905,1.0,1.0,1.0,0.6293333333333334,0.05,0.38,0.7,173.0,1.0,1.0,0.4,0.5,0.5,-0.83,1.0,1.0,0.4,0.6,0.0,0.5,0.65,0.52,0.8,0.9,0.62,0.62,0.7,1,1.0,0.25,0.3,0.45,0.0,0.0,0.8673333333333334,0.0,0.8673333333333334,0.0,0.0,0.625,0.4375,0.94,0.85,0.9375,0.026000000000000002,0.3,0.5,0.3,0.7,0.8,0.5285,117.7699,0.295,0.4758,0.35,0.4415,23.9074
NCT00242762,"A Phase II Study to Evaluate the Safety and Efficacy of the Combination of ZD1839 (IRESSA™), Docetaxel and Cisplatin in Subjects With Recurrent and/or Metastatic Head and Neck Cancer",COMPLETED,cisplatin,DNA,small_molecule,hnscc,True,2003.0,1,1,1,completed+positive_text+approved,1,1.0,0.3,0.2,0.25,0.3,0.4,0.25,0.3,1.0,0.3,0.6134969325153374,0.0,0.3,,,,1,1,0,578.0,0.0007351176470588234,1.0,1.0,1.0,0.5889090909090909,0.05,0.28,0.7,10.0,0.5,0.2,0.2,0.0,0.0,0.0,0.0,0.0,0.4,0.6,0.0,0.5,0.4,0.32000000000000006,0.2,0.3,0.3,0.3,0.7,1,1.0,0.2,0.3,0.4,0.0,0.0,0.7372272727272728,0.0,0.7372272727272728,0.0,0.0,0.3,0.21,0.42,0.3,0.6134969325153374,0.65,0.1,0.5,0.3,0.7,0.8,0.1325,58.3158,0.295,0.409,0.28,0.5372,11.9033
NCT00003270,Cord Blood Transplantation for Hematologic Malignancies and Bone Marrow Failure Syndromes,COMPLETED,cyclophosphamide,DNA,small_molecule,multiple myeloma,True,1997.0,0,0,0,completed+results+no_positive_signal,1,1.0,0.3,0.2,0.25,0.3,0.4,0.25,0.3,1.0,0.54,0.49109481403876376,0.0,0.3,,,,1,1,0,578.0,0.0007351176470588234,1.0,1.0,1.0,0.5889090909090909,0.05,0.28,0.7,10.0,0.5,0.2,0.2,0.0,0.0,0.0,0.0,0.0,0.4,0.6,0.0,0.5,0.4,0.32000000000000006,0.2,0.3,0.3,0.3,0.7,1,1.0,0.2,0.3,0.4,0.0,0.0,0.7372272727272728,0.0,0.7372272727272728,0.0,0.0,0.54,0.378,0.42,0.3,0.49109481403876376,0.77,0.1,0.5,0.3,0.7,0.8,0.1325,58.3158,0.295,0.445,0.28,0.6243,11.9192
NCT00820170,A Phase I-II Study of Dasatinib in Combination With Weekly Paclitaxel for Patients With Metastatic Breast Carcinoma,COMPLETED,dasatinib,ABL1,small_molecule,breast cancer,True,2009.0,1,1,1,completed+positive_text+results,1,1.0,0.3,0.2,0.25,0.3,0.4,0.25,0.3,0.036,0.01,0.7638888888888888,0.0,0.8,,,,1,1,0,399.0,0.0007217443609022556,0.798,1.0,1.0,0.5742,0.1,1.0,0.7,13.0,0.65,0.26,0.75,1.0,1.0,-0.77,1.0,1.0,0.4,0.6,0.0,0.5,0.9,0.7200000000000001,1.0,1.0,0.84,0.84,0.7,1,1.0,0.2,0.25,0.35,0.0,0.0,0.8935500000000001,0.0,0.8935500000000001,0.0,0.0,0.2777777777777778,0.19444444444444445,0.51,0.3,0.7638888888888888,0.023,0.1,0.5,0.3,0.7,0.8,0.7145,40.5161,0.295,0.2714,0.28,0.2718,8.4348
NCT01593254,"An Open Label, Randomized (2:1) Phase IIb Study of Dasatinib Versus Imatinib in Patients With Chronic Phase Chronic Myeloid Leukemia Who Have Not Achieved an Optimal Response to 3 Months of Therapy With 400 mg Imatinib",COMPLETED,imatinib,ABL1,small_molecule,leukemia,True,2012.0,0,0,0,completed+results+no_positive_signal,1,1.0,0.97,0.88,0.9,0.98,0.4,0.72,0.93,1.0,1.0,0.802469135802469,0.0,0.8,,,,0,1,0,399.0,0.0007217443609022556,0.798,1.0,1.0,0.5742,0.1,1.0,0.7,13.0,0.65,0.26,0.75,1.0,1.0,-0.77,1.0,1.0,0.4,0.6,0.0,0.5,0.9,0.7200000000000001,1.0,1.0,0.84,0.84,0.7,1,1.0,0.2,0.25,0.35,0.0,0.0,0.8935500000000001,0.0,0.8935500000000001,0.0,0.0,1.0,0.7,0.778,0.97,0.802469135802469,1.0,0.44,0.5,0.3,0.7,0.8,0.914,40.6851,0.295,0.7126,0.378,0.9005,8.6843
NCT02640508,Phase II Trial of Eribulin and Lenvatinib in Advanced Solid Tumors (CTMS# 15-2139),COMPLETED,lenvatinib,VEGFR2,small_molecule,solid tumors,False,2016.0,0,0,0,completed+results+no_positive_signal,1,1.0,0.3,0.2,0.25,0.3,0.4,0.25,0.3,0.317,0.49,0.417981072555205,0.0,0.55,,,,1,1,1,606.0,0.0007355808580858086,1.0,0.5,0.0,0.0,0.2,1.0,0.7,7.0,0.35,0.14,0.5,0.5,0.5,-0.31,0.5,0.0,0.4,0.6,0.0,0.5,0.4,0.32000000000000006,0.9,1.0,0.3,0.3,0.7,1,1.0,0.2,0.3,0.4,0.0,0.0,0.33,0.0,0.33,0.0,0.5,1.0,0.7,0.32999999999999996,0.3,0.417981072555205,0.40349999999999997,0.1,,,,,0.4125,60.835,0.0,0.3246,0.28,0.5975,12.4368
NCT02321540,A Phase I/II Study of Ibrutinib in Previously Treated Epidermal Growth Factor Receptor (EGFR) Mutant Non-Small Cell Lung Cancer,COMPLETED,ibrutinib,BTK,small_molecule,cancer nos,True,2015.0,0,0,0,completed+results+no_positive_signal,1,1.0,0.3,0.2,0.25,0.3,0.4,0.25,0.3,0.0,0.0,0.0,0.0,0.65,,,,1,1,0,529.0,0.0007996710775047259,1.0,0.5,0.1,0.796,0.05,1.0,0.7,14.0,0.7,0.28,0.6,1.0,1.0,-0.65,1.0,1.0,0.4,0.6,0.0,0.5,0.75,0.6000000000000001,0.9,1.0,0.77,0.77,0.7,1,1.0,0.3,0.4,0.65,0.0,0.0,0.554,0.0,0.554,0.0,0.5,0.0,0.0,0.54,0.3,0.0,0.0,0.1,0.5,0.3,0.7,0.8,0.681,53.3119,0.295,0.268,0.28,0.0,10.9577
NCT00045110,A Phase I/II Trial of OSI-774 in Patients With Recurrent Malignant Gliomas and Malignant Gliomas Post Radiation Therapy,COMPLETED,erlotinib,EGFR,small_molecule,glioblastoma,True,2002.0,0,0,0,completed+results+no_positive_signal,1,1.0,0.3,0.2,0.25,0.3,0.4,0.25,0.3,1.0,0.86,0.5881288454578356,0.0,0.9,,,,1,1,0,774.0,0.0007825607235142119,1.0,1.0,1.0,0.6139,0.1,1.0,0.7,56.0,1.0,1.0,0.85,1.0,1.0,-0.82,1.0,1.0,0.4,0.6,0.0,0.5,0.95,0.76,1.0,1.0,0.9,0.9,0.7,1,1.0,0.2,0.3,0.4,0.0,0.0,0.903475,0.0,0.903475,0.0,0.0,0.86,0.602,0.72,0.3,0.5881288454578356,0.9299999999999999,0.1,0.5,0.3,0.7,0.8,0.7375,78.0221,0.295,0.638,0.28,0.7925,16.0671
NCT00741260,"A Phase 1/2, Open-Label Study Of Neratinib (HKI-272) In Combination With Capecitabine In Subjects With Solid Tumors And ErbB-2 Positive Metastatic Or Locally Advanced Breast Cancer",COMPLETED,neratinib,ERBB2,small_molecule,breast cancer,True,2008.0,1,1,1,completed+positive_text+results,1,1.0,0.95,0.88,0.85,0.98,0.4,0.8,0.92,1.0,1.0,0.44339622641509435,0.0,0.85,,,,0,1,0,739.0,0.0007936373477672532,1.0,0.5,0.3,0.7236666666666667,0.2,1.0,0.7,45.0,1.0,0.9,0.8,1.0,1.0,-0.71,1.0,1.0,0.4,0.6,0.0,0.5,0.9,0.7200000000000001,1.0,1.0,0.88,0.88,0.7,1,1.0,0.15,0.35,0.45,0.0,0.0,0.0,0.3075,0.3075,1.0,0.5,1.0,0.7,0.98,0.95,0.44339622641509435,1.0,0.44,0.5,0.3,0.7,0.8,0.9185,74.5055,0.295,0.824,0.386,0.8287,15.4658
NCT00258362,"A Phase II Trial of Induction Carboplatin and Docetaxel Followed by Radiotherapy Then Consolidation Chemotherapy With Carboplatin and Docetaxel in Stage III, IV and Recurrent Endometrial Cancer",COMPLETED,carboplatin,DNA,small_molecule,endometrial cancer,True,2005.0,0,0,0,completed+results+no_positive_signal,1,1.0,0.3,0.2,0.25,0.3,0.4,0.25,0.3,1.0,0.22,0.6158399098083427,0.0,0.3,,,,1,1,0,578.0,0.0007351176470588234,1.0,1.0,1.0,0.5889090909090909,0.05,0.28,0.7,10.0,0.5,0.2,0.2,0.0,0.0,0.0,0.0,0.0,0.4,0.6,0.0,0.5,0.4,0.32000000000000006,0.2,0.3,0.3,0.3,0.7,1,1.0,0.2,0.3,0.4,0.0,0.0,0.7372272727272728,0.0,0.7372272727272728,0.0,0.0,0.22,0.154,0.42,0.3,0.6158399098083427,0.61,0.1,0.5,0.3,0.7,0.8,0.1325,58.3158,0.295,0.397,0.28,0.5005,11.8972
NCT00612586,"A Double-Blind, Randomized, Placebo-Controlled, Phase 2 Study of Enzastaurin With 5-FU/LV Plus Bevacizumab as Maintenance Regimen Following First Line Therapy for Metastatic Colorectal Cancer",COMPLETED,bevacizumab,VEGFA,antibody,colorectal cancer,True,2008.0,0,0,0,completed+results+no_positive_signal,1,1.0,0.85,0.55,0.6,0.9,0.4,0.72,0.82,0.535,0.28,0.7102803738317757,0.0,0.75,,,,0,1,0,582.0,0.0006893024054982818,1.0,1.0,1.0,0.83255,0.3,1.0,0.7,30.0,1.0,0.6,0.7,1.0,1.0,-0.22,0.0,0.0,0.4,0.6,0.0,0.5,0.82,0.656,0.7,0.8,0.83,0.83,0.8,1,1.0,0.2,0.3,0.5,0.0,0.0,0.0,0.295,0.295,1.0,0.0,0.5233644859813085,0.3663551401869159,0.94,0.85,0.7102803738317757,0.40750000000000003,0.275,0.5,0.3,0.7,0.8,0.809,58.9099,0.295,0.6432,0.3533,0.5143,12.2468
NCT01495247,"A Dose-finding Phase Ib Study Followed by an Open-label, Randomized Phase II Study of BEZ235 Plus Paclitaxel in Patients With HER2 Negative, Inoperable Locally Advanced or Metastatic Breast Cancer",TERMINATED,paclitaxel,TUBB,small_molecule,breast cancer,True,2012.0,0,0,0,terminated+negative_text,1,1.0,0.3,0.2,0.25,0.3,0.4,0.25,0.3,0.016,0.0,1.0,0.0,0.43,,,,1,1,0,715.0,0.000807165034965035,1.0,1.0,1.0,0.5950000000000001,0.05,0.7,0.7,17.0,0.85,0.34,0.38,0.0,0.0,0.0,0.0,0.0,0.0,0.0,0.0,0.0,0.55,0.44000000000000006,0.6,0.7,0.59,0.59,0.7,1,1.0,0.2,0.3,0.4,0.0,0.0,0.8187500000000001,0.0,0.8187500000000001,0.0,0.0,0.0,0.0,0.63,0.3,1.0,0.008,0.1,0.5,0.3,0.7,0.8,0.178,72.0168,0.295,0.3109,0.04,0.2044,14.566
NCT02891447,"A Phase II Study of Cytoreduction, Gastrectomy, and Hyperthermic Intraperitoneal Chemoperfusion (HIPEC) in Patients With Gastric Adenocarcinoma and Carcinomatosis or Positive Cytology",COMPLETED,cisplatin,DNA,small_molecule,gastric cancer,True,2016.0,0,0,0,completed+results+no_positive_signal,1,1.0,0.3,0.2,0.25,0.3,0.4,0.25,0.3,1.0,0.61,0.5149934810951761,0.0,0.3,,,,1,1,0,578.0,0.0007351176470588234,1.0,1.0,1.0,0.5889090909090909,0.05,0.28,0.7,10.0,0.5,0.2,0.2,0.0,0.0,0.0,0.0,0.0,0.4,0.6,0.0,0.5,0.4,0.32000000000000006,0.2,0.3,0.3,0.3,0.7,1,1.0,0.2,0.3,0.4,0.0,0.0,0.7372272727272728,0.0,0.7372272727272728,0.0,0.0,0.61,0.427,0.42,0.3,0.5149934810951761,0.8049999999999999,0.1,0.5,0.3,0.7,0.8,0.1325,58.3158,0.295,0.4555,0.28,0.6616,11.9251
NCT02316340,Modulation of Autophagy: A Clinical Study of Vorinostat Plus Hydroxychloroquine Versus Regorafenib in Refractory Metastatic Colorectal Cancer (mCRC) Patients (CTMS# 14-2015),COMPLETED,regorafenib,VEGFR2,small_molecule,colorectal cancer,True,2015.0,1,1,1,completed+positive_text+results,1,1.0,0.3,0.2,0.25,0.3,0.4,0.25,0.3,0.278,0.24,0.5665467625899281,0.0,0.55,,,,1,1,0,606.0,0.0007355808580858086,1.0,0.5,0.0,0.0,0.2,1.0,0.7,7.0,0.35,0.14,0.5,0.5,0.5,-0.31,0.5,0.0,0.4,0.6,0.0,0.5,0.4,0.32000000000000006,0.9,1.0,0.3,0.3,0.7,1,1.0,0.2,0.3,0.4,0.0,0.0,0.33,0.0,0.33,0.0,0.5,0.8633093525179855,0.6043165467625898,0.32999999999999996,0.3,0.5665467625899281,0.259,0.1,0.5,0.3,0.7,0.8,0.4125,60.835,0.295,0.2812,0.28,0.5444,12.4523
NCT02499120,"A RANDOMIZED, MULTICENTER, DOUBLE-BLIND PHASE 2 STUDY OF PALBOCICLIB PLUS CETUXIMAB VERSUS CETUXIMAB FOR THE TREATMENT OF HUMAN PAPILLOMAVIRUS-NEGATIVE, CETUXIMAB-NAÏVE PATIENTS WITH RECURRENT/METASTATIC SQUAMOUS CELL CARCINOMA OF THE HEAD AND NECK AFTER FAILURE OF ONE PRIOR PLATINUM-CONTAINING CHEMOTHERAPY REGIMEN",COMPLETED,cetuximab,EGFR,antibody,hnscc,True,2015.0,1,1,1,completed+positive_text+results,1,1.0,0.3,0.2,0.25,0.3,0.4,0.25,0.3,1.0,0.67,0.5491329479768786,0.0,0.9,,,,1,1,0,774.0,0.0007825607235142119,1.0,1.0,1.0,0.6139,0.1,1.0,0.7,56.0,1.0,1.0,0.85,1.0,1.0,-0.82,1.0,1.0,0.4,0.6,0.0,0.5,0.95,0.76,1.0,1.0,0.9,0.9,0.8,1,1.0,0.2,0.3,0.4,0.0,0.0,0.0,0.295,0.295,1.0,0.0,0.67,0.469,0.72,0.3,0.5491329479768786,0.835,0.1,0.5,0.3,0.7,0.8,0.7375,78.0221,0.295,0.6095,0.28,0.6964,16.0518
NCT00305682,Transplantation of Unrelated Donor Umbilical Cord Blood in Patients With Hematological Malignancies Using a Non-Myeloablative Preparative Regimen,COMPLETED,cyclophosphamide,DNA,small_molecule,leukemia,True,2005.0,0,0,0,completed+results+no_positive_signal,1,1.0,0.3,0.2,0.25,0.3,0.4,0.25,0.3,1.0,1.0,0.28779487613088695,0.0,0.3,,,,1,1,0,578.0,0.0007351176470588234,1.0,1.0,1.0,0.5889090909090909,0.05,0.28,0.7,10.0,0.5,0.2,0.2,0.0,0.0,0.0,0.0,0.0,0.4,0.6,0.0,0.5,0.4,0.32000000000000006,0.2,0.3,0.3,0.3,0.7,1,1.0,0.2,0.3,0.4,0.0,0.0,0.7372272727272728,0.0,0.7372272727272728,0.0,0.0,1.0,0.7,0.42,0.3,0.28779487613088695,1.0,0.1,0.5,0.3,0.7,0.8,0.1325,58.3158,0.295,0.514,0.28,0.7976,11.9503
NCT00632359,A Study of Lenalidomide in Patients With Chronic Lymphocytic Leukemia and Residual Disease After Chemotherapy - RV-CLL-PI-0270,COMPLETED,lenalidomide,CRBN,small_molecule,leukemia,True,2008.0,0,0,0,completed+results+no_positive_signal,1,1.0,0.3,0.2,0.25,0.3,0.4,0.25,0.3,0.06,0.0,1.0,0.0,0.4,,,,1,1,0,630.0,0.0008394936507936509,1.0,0.5,0.0,0.0,0.05,0.32,0.7,1.0,0.05,0.02,0.35,0.5,0.5,-0.55,1.0,1.0,0.4,0.6,0.0,0.5,0.55,0.44000000000000006,0.6,0.7,0.58,0.58,0.7,1,1.0,0.3,0.4,0.55,0.1,0.0,0.27,0.0,0.27,0.0,0.5,0.0,0.0,0.15,0.3,1.0,0.03,0.1,0.5,0.3,0.7,0.8,0.3965,63.2775,0.295,0.1015,0.28,0.2165,12.8681
NCT00473746,"Phase I/II Open Label Dose Escalation Study of the 17α-Hydroxylase/ C17,20-Lyase Inhibitor, Abiraterone Acetate in Hormone Refractory Prostate Cancer",COMPLETED,abiraterone,CYP17A1,small_molecule,prostate cancer,True,2006.0,0,0,0,completed+results+no_positive_signal,1,1.0,0.9,0.65,0.7,0.95,0.4,0.72,0.85,0.24,0.11,0.53125,0.0,0.7,,,,0,1,0,682.0,0.0007660322580645161,1.0,1.0,1.0,0.6927,0.05,0.34,0.7,3.0,0.15,0.06,0.65,0.5,0.5,-0.71,1.0,1.0,0.4,0.6,0.0,0.5,0.62,0.496,0.8,0.9,0.77,0.77,0.7,1,1.0,0.1,0.15,0.25,0.0,0.0,0.883175,0.0,0.883175,0.0,0.0,0.45833333333333337,0.32083333333333336,0.45000000000000007,0.9,0.53125,0.175,0.325,0.5,0.3,0.7,0.8,0.601,68.9889,0.295,0.3025,0.3608,0.3593,14.1281
NCT02784288,Phase II Treatment Stratification Trial Using Neck Dissection-Driven Selection to Improve Quality of Life for Low Risk Patients With HPV+ Oropharyngeal Squamous Cell Cancer,COMPLETED,carboplatin,DNA,small_molecule,cancer nos,True,2016.0,0,0,0,completed+results+no_positive_signal,1,1.0,0.3,0.2,0.25,0.3,0.4,0.25,0.3,0.0,0.0,0.0,0.0,0.3,,,,1,1,0,578.0,0.0007351176470588234,1.0,1.0,1.0,0.5889090909090909,0.05,0.28,0.7,10.0,0.5,0.2,0.2,0.0,0.0,0.0,0.0,0.0,0.4,0.6,0.0,0.5,0.4,0.32000000000000006,0.2,0.3,0.3,0.3,0.7,1,1.0,0.2,0.3,0.4,0.0,0.0,0.7372272727272728,0.0,0.7372272727272728,0.0,0.0,0.0,0.0,0.42,0.3,0.0,0.0,0.1,0.5,0.3,0.7,0.8,0.1325,58.3158,0.295,0.214,0.28,0.0,11.8106
NCT02795988,A Phase 1b/2 Open-Label Study With Randomization in Phase 2 of IMU-131 HER2/Neu Peptide Vaccine Plus Standard of Care Chemotherapy in Patients With HER2/Neu Overexpressing Metastatic or Advanced Adenocarcinoma of the Stomach or Gastroesophageal Junction,COMPLETED,capecitabine,TYMS,small_molecule,cancer nos,True,2017.0,0,0,0,completed+results+no_positive_signal,1,1.0,0.3,0.2,0.25,0.3,0.4,0.25,0.3,0.0,0.0,0.0,0.0,0.6,,,,1,1,0,481.0,0.0008138274428274429,0.962,1.0,1.0,0.82585,0.05,0.32,0.7,6.0,0.3,0.12,0.55,0.0,0.0,-0.91,1.0,0.0,0.4,0.6,0.0,0.5,0.7,0.5599999999999999,0.8,0.9,0.78,0.78,0.7,1,1.0,0.15,0.2,0.3,0.0,0.0,0.9164625000000001,0.0,0.9164625000000001,0.0,0.0,0.0,0.0,0.3,0.3,0.0,0.0,0.1,0.5,0.3,0.7,0.8,0.2215,48.7514,0.295,0.16,0.28,0.0,9.9092
NCT02259725,Phase II Study of Single Agent Regorafenib in Patients With Advanced/Metastatic Neuroendocrine Tumors,COMPLETED,regorafenib,VEGFR2,small_molecule,pancreatic cancer,True,2016.0,0,0,0,completed+results+no_positive_signal,1,1.0,0.3,0.2,0.25,0.3,0.4,0.25,0.3,0.079,0.09,0.6962025316455696,0.0,0.55,,,,1,1,0,606.0,0.0007355808580858086,1.0,0.5,0.0,0.0,0.2,1.0,0.7,7.0,0.35,0.14,0.5,0.5,0.5,-0.31,0.5,0.0,0.4,0.6,0.0,0.5,0.4,0.32000000000000006,0.9,1.0,0.3,0.3,0.7,1,1.0,0.2,0.3,0.4,0.0,0.0,0.33,0.0,0.33,0.0,0.5,1.0,0.7,0.32999999999999996,0.3,0.6962025316455696,0.08449999999999999,0.1,0.5,0.3,0.7,0.8,0.4125,60.835,0.295,0.2288,0.28,0.5577,12.4432
NCT02071225,Phase II Trial to Evaluate The Efficacy of Obinutuzumab (RO5072759) + Bendamustine Treatment in Patients With Refractory Or Relapsed Chronic Lymphocytic Leukemia,COMPLETED,obinutuzumab,MS4A1,antibody,leukemia,True,2014.0,0,0,0,completed+results+no_positive_signal,1,1.0,0.85,0.62,0.68,0.9,0.4,0.65,0.82,0.013,0.01,0.3846153846153846,0.0,0.65,,,,0,1,0,525.0,0.0006596552380952381,1.0,0.5,0.0,0.0,0.05,0.44,0.7,11.0,0.55,0.22,0.6,0.5,0.5,-0.44,0.5,0.0,0.4,0.6,0.0,0.5,0.68,0.544,0.9,1.0,0.73,0.73,0.8,1,1.0,0.25,0.35,0.65,0.0,0.0,0.0,0.3075,0.3075,1.0,0.5,0.7692307692307693,0.5384615384615384,0.67,0.85,0.3846153846153846,0.0115,0.31,0.5,0.3,0.7,0.8,0.5815,52.8725,0.295,0.3529,0.3515,0.3812,10.9108
NCT04045613,An Open-label Multi-cohort Phase 1b/2 Study of Derazantinib and Atezolizumab in Patients With Urothelial Cancer Expressing Activating Molecular FGFR Aberrations,COMPLETED,atezolizumab,CD274,antibody,bladder cancer,True,2019.0,0,0,0,completed+results+no_positive_signal,1,1.0,0.85,0.6,0.65,0.9,0.4,0.7,0.82,0.038,0.01,1.0,0.0,0.45,,,,0,1,0,929.0,0.0007426555435952638,1.0,1.0,1.0,0.688875,0.2,0.6,0.7,27.0,1.0,0.54,0.4,0.5,0.5,-0.18,0.0,0.0,0.4,0.6,0.0,0.5,0.58,0.46399999999999997,0.9,1.0,0.63,0.63,0.8,1,1.0,0.85,0.95,0.8,1.0,1.0,0.0,0.6575,0.6575,1.0,0.0,0.2631578947368421,0.18421052631578946,0.94,0.85,1.0,0.024,0.3,0.5,0.3,0.7,0.8,0.529,93.5833,0.295,0.5082,0.355,0.3138,19.0647
NCT00700882,"A Phase II Trial of Dasatinib in KIT-Positive Patients With Unresectable Locally Advanced or Stage IV Mucosal, Acral and Vulvovaginal Melanomas",COMPLETED,dasatinib,ABL1,small_molecule,melanoma,True,2009.0,0,0,0,completed+results+no_positive_signal,1,1.0,0.3,0.2,0.25,0.3,0.4,0.25,0.3,0.009,0.0,0.2777777777777778,0.0,0.8,,,,1,1,0,399.0,0.0007217443609022556,0.798,1.0,1.0,0.5742,0.1,1.0,0.7,13.0,0.65,0.26,0.75,1.0,1.0,-0.77,1.0,1.0,0.4,0.6,0.0,0.5,0.9,0.7200000000000001,1.0,1.0,0.84,0.84,0.7,1,1.0,0.2,0.25,0.35,0.0,0.0,0.8935500000000001,0.0,0.8935500000000001,0.0,0.0,0.0,0.0,0.51,0.3,0.2777777777777778,0.0045,0.1,0.5,0.3,0.7,0.8,0.7145,40.5161,0.295,0.2659,0.28,0.058,8.4123
NCT03395080,"A Phase 2 Study Evaluating the Efficacy and Safety of DKN-01 as a Monotherapy or in Combination With Paclitaxel in Patients With Recurrent Epithelial Endometrial, Epithelial Ovarian Cancer, or Carcinosarcoma",COMPLETED,paclitaxel,TUBB,small_molecule,endometrial cancer,True,2018.0,0,0,0,completed+results+no_positive_signal,1,1.0,0.3,0.2,0.25,0.3,0.4,0.25,0.3,0.0,0.0,0.0,0.0,0.43,,,,1,1,0,715.0,0.000807165034965035,1.0,1.0,1.0,0.5950000000000001,0.05,0.7,0.7,17.0,0.85,0.34,0.38,0.0,0.0,0.0,0.0,0.0,0.0,0.0,0.0,0.0,0.55,0.44000000000000006,0.6,0.7,0.59,0.59,0.7,1,1.0,0.2,0.3,0.4,0.0,0.0,0.8187500000000001,0.0,0.8187500000000001,0.0,0.0,0.0,0.0,0.63,0.3,0.0,0.0,0.1,0.5,0.3,0.7,0.8,0.178,72.0168,0.295,0.3085,0.04,0.0,14.5451
NCT03439280,"A Phase 1/2a Open-label, Dose-Escalation Study to Investigate the Safety and Tolerability, Efficacy, Pharmacokinetics, and Immunogenicity of TAK-079 Administered Subcutaneously as a Single Agent in Patients With Relapsed/Refractory Multiple Myeloma",COMPLETED,pomalidomide,CRBN,small_molecule,multiple myeloma,True,2018.0,0,0,0,completed+results+no_positive_signal,1,1.0,0.3,0.2,0.25,0.3,0.4,0.25,0.3,0.2,0.05,0.875,0.0,0.4,,,,1,1,0,630.0,0.0008394936507936509,1.0,0.5,0.0,0.0,0.05,0.32,0.7,1.0,0.05,0.02,0.35,0.5,0.5,-0.55,1.0,1.0,0.4,0.6,0.0,0.5,0.55,0.44000000000000006,0.6,0.7,0.58,0.58,0.7,1,1.0,0.3,0.4,0.55,0.1,0.0,0.27,0.0,0.27,0.0,0.5,0.25,0.175,0.15,0.3,0.875,0.125,0.1,0.5,0.3,0.7,0.8,0.3965,63.2775,0.295,0.13,0.28,0.3313,12.8853
NCT00126503,A Phase I/II Trial of BAY 43-9006 in Combination With Bevacizumab in Patients With Advanced Renal Cancer,COMPLETED,sorafenib,BRAF,small_molecule,renal cell carcinoma,True,2005.0,0,0,0,completed+results+no_positive_signal,1,1.0,0.3,0.2,0.25,0.3,0.4,0.25,0.3,0.094,0.03,0.45212765957446804,0.0,0.75,,,,1,1,0,689.0,0.0007610406386066763,1.0,1.0,1.0,0.5917499999999999,0.05,1.0,0.7,21.0,1.0,0.42,0.7,1.0,1.0,-0.63,1.0,1.0,0.4,0.6,0.0,0.5,0.82,0.656,0.9,1.0,0.85,0.85,0.7,1,1.0,0.4,0.4,0.55,0.0,0.0,0.8779375,0.0,0.8779375,0.0,0.0,0.3191489361702127,0.2234042553191489,0.72,0.3,0.45212765957446804,0.062,0.1,0.5,0.3,0.7,0.8,0.705,69.5163,0.295,0.3676,0.28,0.243,14.2488
NCT00794950,A Phase II Study of Intravesical Bacillus Calmette-Guerin Followed by Sunitinib for the Treatment of High Risk Non-muscle Invasive Lower Urinary Tract Urothelial Carcinoma,COMPLETED,sunitinib,VEGFR2,small_molecule,bladder cancer,True,2009.0,1,1,1,completed+positive_text+results,1,1.0,0.3,0.2,0.25,0.3,0.4,0.25,0.3,0.043,0.01,0.7558139534883721,0.0,0.55,,,,1,1,0,606.0,0.0007355808580858086,1.0,0.5,0.0,0.0,0.2,1.0,0.7,7.0,0.35,0.14,0.5,0.5,0.5,-0.31,0.5,0.0,0.4,0.6,0.0,0.5,0.4,0.32000000000000006,0.9,1.0,0.3,0.3,0.7,1,1.0,0.2,0.3,0.4,0.0,0.0,0.33,0.0,0.33,0.0,0.5,0.23255813953488375,0.16279069767441862,0.32999999999999996,0.3,0.7558139534883721,0.0265,0.1,0.5,0.3,0.7,0.8,0.4125,60.835,0.295,0.2114,0.28,0.2544,12.4094
NCT00642018,A Randomized Phase 2 Study of LY2181308 in Combination With Docetaxel Versus Docetaxel in Hormone Refractory Prostate Cancer,COMPLETED,docetaxel,TUBB,small_molecule,prostate cancer,True,2008.0,0,0,0,completed+results+no_positive_signal,1,1.0,0.3,0.2,0.25,0.3,0.4,0.25,0.3,0.003,0.0,0.8333333333333333,0.0,0.43,,,,1,1,0,715.0,0.000807165034965035,1.0,1.0,1.0,0.5950000000000001,0.05,0.7,0.7,17.0,0.85,0.34,0.38,0.0,0.0,0.0,0.0,0.0,0.0,0.0,0.0,0.0,0.55,0.44000000000000006,0.6,0.7,0.59,0.59,0.7,1,1.0,0.2,0.3,0.4,0.0,0.0,0.8187500000000001,0.0,0.8187500000000001,0.0,0.0,0.0,0.0,0.63,0.3,0.8333333333333333,0.0015,0.1,0.5,0.3,0.7,0.8,0.178,72.0168,0.295,0.309,0.04,0.1675,14.5619
NCT01248962,"Standard Infusion Carboplatin Versus Prophylactic Extended Infusion Carboplatin in theTreatment of Patients With Recurrent, Ovary, Fallopian Tube, and Primary Peritoneal Cancer",COMPLETED,carboplatin,DNA,small_molecule,ovarian cancer,True,2010.0,0,0,0,completed+results+no_positive_signal,1,1.0,0.3,0.2,0.25,0.3,0.4,0.25,0.3,1.0,1.0,0.5726489790248644,0.0,0.3,,,,1,1,0,578.0,0.0007351176470588234,1.0,1.0,1.0,0.5889090909090909,0.05,0.28,0.7,10.0,0.5,0.2,0.2,0.0,0.0,0.0,0.0,0.0,0.4,0.6,0.0,0.5,0.4,0.32000000000000006,0.2,0.3,0.3,0.3,0.7,1,1.0,0.2,0.3,0.4,0.0,0.0,0.7372272727272728,0.0,0.7372272727272728,0.0,0.0,1.0,0.7,0.42,0.3,0.5726489790248644,1.0,0.1,0.5,0.3,0.7,0.8,0.1325,58.3158,0.295,0.514,0.28,0.8545,11.956
NCT03043313,"MOUNTAINEER: A Phase II, Open Label Study of Tucatinib Combined With Trastuzumab in Patients With HER2+ Metastatic Colorectal Cancer",COMPLETED,trastuzumab,ERBB2,antibody,colorectal cancer,True,2017.0,0,0,0,completed+results+no_positive_signal,1,1.0,0.3,0.2,0.25,0.3,0.4,0.25,0.3,0.326,0.28,0.9125766871165644,0.0,0.85,,,,1,1,0,739.0,0.0007936373477672532,1.0,0.5,0.3,0.7236666666666667,0.2,1.0,0.7,45.0,1.0,0.9,0.8,1.0,1.0,-0.71,1.0,1.0,0.4,0.6,0.0,0.5,0.9,0.7200000000000001,1.0,1.0,0.88,0.88,0.8,1,1.0,0.15,0.35,0.45,0.0,0.0,0.0,0.3075,0.3075,1.0,0.5,0.8588957055214724,0.6012269938650306,0.72,0.3,0.9125766871165644,0.30300000000000005,0.1,0.5,0.3,0.7,0.8,0.7265,74.3386,0.295,0.4699,0.28,0.6281,15.2776
NCT00243191,Study of a Short Course of Neoadjuvant Gleevec (Imatinib Mesylate) in Dermatofibrosarcoma Protuberans,COMPLETED,imatinib,ABL1,small_molecule,cancer nos,True,2006.0,0,0,0,completed+results+no_positive_signal,1,1.0,0.3,0.2,0.25,0.3,0.4,0.25,0.3,0.0,0.0,0.0,0.0,0.8,,,,1,1,0,399.0,0.0007217443609022556,0.798,1.0,1.0,0.5742,0.1,1.0,0.7,13.0,0.65,0.26,0.75,1.0,1.0,-0.77,1.0,1.0,0.4,0.6,0.0,0.5,0.9,0.7200000000000001,1.0,1.0,0.84,0.84,0.7,1,1.0,0.2,0.25,0.35,0.0,0.0,0.8935500000000001,0.0,0.8935500000000001,0.0,0.0,0.0,0.0,0.51,0.3,0.0,0.0,0.1,0.5,0.3,0.7,0.8,0.7145,40.5161,0.295,0.2645,0.28,0.0,8.4063
NCT03894891,Sequential Therapy With Induction TPN Followed by Nivolumab With Radiation in Locoregionally Advanced Laryngeal and Hypopharyngeal Cancer,COMPLETED,nivolumab,PDCD1,antibody,hnscc,True,2019.0,0,0,0,completed+results+no_positive_signal,1,1.0,0.3,0.2,0.25,0.3,0.4,0.25,0.3,0.017,0.0,1.0,0.0,0.5,,,,1,1,0,837.0,0.0007509342891278374,1.0,1.0,0.6,0.6553333333333333,0.05,0.36,0.7,9.0,0.45,0.18,0.45,0.5,0.5,-0.15,0.0,0.0,0.4,0.6,0.0,0.5,0.6,0.48,0.9,1.0,0.65,0.65,0.8,1,1.0,0.85,0.8,0.85,1.0,1.0,0.0,0.62,0.62,1.0,0.0,0.0,0.0,0.39,0.3,1.0,0.0085,0.1,0.5,0.3,0.7,0.8,0.42,84.1658,0.295,0.2031,0.28,0.2047,17.0707
NCT02335424,A Phase II Clinical Trial of Pembrolizumab (MK-3475) in Subjects With Advanced/Unresectable or Metastatic Urothelial Cancer,COMPLETED,pembrolizumab,PDCD1,antibody,bladder cancer,True,2015.0,1,1,1,completed+positive_text+results,1,1.0,0.3,0.2,0.25,0.3,0.4,0.25,0.3,0.018,0.01,1.0,0.0,0.5,,,,1,1,0,837.0,0.0007509342891278374,1.0,1.0,0.6,0.6553333333333333,0.05,0.36,0.7,9.0,0.45,0.18,0.45,0.5,0.5,-0.15,0.0,0.0,0.4,0.6,0.0,0.5,0.6,0.48,0.9,1.0,0.65,0.65,0.8,1,1.0,0.85,0.8,0.85,1.0,1.0,0.0,0.62,0.62,1.0,0.0,0.5555555555555556,0.3888888888888889,0.39,0.3,1.0,0.013999999999999999,0.1,0.5,0.3,0.7,0.8,0.42,84.1658,0.295,0.2047,0.28,0.4224,17.0928
NCT02451423,Phase II Study of Neoadjuvant Atezolizumab-based Immunotherapy for Patients With Urothelial Carcinoma (NEBULA),COMPLETED,atezolizumab,CD274,antibody,cancer nos,True,2016.0,0,0,0,completed+results+no_positive_signal,1,1.0,0.3,0.2,0.25,0.3,0.4,0.25,0.3,0.0,0.0,0.0,0.0,0.45,,,,1,1,0,929.0,0.0007426555435952638,1.0,1.0,1.0,0.688875,0.2,0.6,0.7,27.0,1.0,0.54,0.4,0.5,0.5,-0.18,0.0,0.0,0.4,0.6,0.0,0.5,0.58,0.46399999999999997,0.9,1.0,0.63,0.63,0.8,1,1.0,0.85,0.95,0.8,1.0,1.0,0.0,0.6575,0.6575,1.0,0.0,0.0,0.0,0.72,0.3,0.0,0.0,0.1,0.5,0.3,0.7,0.8,0.409,93.4383,0.295,0.379,0.28,0.0,18.9372
NCT01990859,Phase 2 Study of Ipilimumab in Japanese Subjects With Unresectable or Metastatic Melanoma,COMPLETED,ipilimumab,CTLA4,antibody,melanoma,True,2013.0,0,0,0,completed+results+no_positive_signal,1,1.0,0.3,0.2,0.25,0.3,0.4,0.25,0.3,1.0,0.94,0.7076653306613225,0.0,0.55,,,,1,1,0,822.0,0.0007566520681265206,1.0,0.5,0.0,0.0,0.05,0.36,0.7,11.0,0.55,0.22,0.5,0.5,0.5,-0.12,0.0,0.0,0.4,0.6,0.0,0.5,0.62,0.496,0.8,0.9,0.61,0.61,0.8,1,1.0,0.7,0.6,0.8,1.0,1.0,0.0,0.5700000000000001,0.5700000000000001,1.0,0.5,0.94,0.6579999999999999,0.45,0.3,0.7076653306613225,0.97,0.1,0.5,0.3,0.7,0.8,0.428,82.3775,0.295,0.5185,0.28,0.8536,16.8431
NCT00183885,A Phase II Study of Intra-arterial Chemotherapy With Cisplatin and Mitomycin-C,COMPLETED,cisplatin,DNA,small_molecule,hepatocellular carcinoma,True,2004.0,1,1,1,completed+positive_text+results,1,1.0,0.3,0.2,0.25,0.3,0.4,0.25,0.3,1.0,1.0,0.5674803591470258,0.0,0.3,,,,1,1,0,578.0,0.0007351176470588234,1.0,1.0,1.0,0.5889090909090909,0.05,0.28,0.7,10.0,0.5,0.2,0.2,0.0,0.0,0.0,0.0,0.0,0.4,0.6,0.0,0.5,0.4,0.32000000000000006,0.2,0.3,0.3,0.3,0.7,1,1.0,0.2,0.3,0.4,0.0,0.0,0.7372272727272728,0.0,0.7372272727272728,0.0,0.0,1.0,0.7,0.42,0.3,0.5674803591470258,1.0,0.1,0.5,0.3,0.7,0.8,0.1325,58.3158,0.295,0.514,0.28,0.8535,11.9559
NCT00699491,Phase I/II Trial of IMC-A12 in Combination With Temsirolimus in Patients With Metastatic Breast Cancer,COMPLETED,temsirolimus,MTOR,small_molecule,breast cancer,True,2008.0,0,0,0,completed+results+no_positive_signal,1,1.0,0.75,0.55,0.6,0.8,0.4,0.62,0.75,1.0,1.0,0.7656596452328159,0.0,0.6,,,,0,1,0,557.0,0.0007751023339317773,1.0,1.0,1.0,0.7293,0.05,1.0,0.7,56.0,1.0,1.0,0.55,0.5,0.5,-0.61,1.0,1.0,0.4,0.6,0.0,0.5,0.85,0.68,0.9,1.0,0.8,0.8,0.7,1,1.0,0.15,0.25,0.35,0.0,0.0,0.912325,0.0,0.912325,0.0,0.0,1.0,0.7,0.9,0.75,0.7656596452328159,1.0,0.275,0.5,0.3,0.7,0.8,0.5525,56.4569,0.295,0.7525,0.3432,0.8931,11.7503
NCT02849990,"A Phase II Neoadjuvant Study of Apalutamide, Abiraterone Acetate, Prednisone, Degarelix and Indomethacin in Men With Localized Prostate Cancer Pre-Prostatectomy",COMPLETED,abiraterone,CYP17A1,small_molecule,prostate cancer,True,2017.0,0,0,0,completed+results+no_positive_signal,1,1.0,0.9,0.65,0.7,0.95,0.4,0.72,0.85,0.24,0.11,0.53125,0.0,0.7,,,,0,1,0,682.0,0.0007660322580645161,1.0,1.0,1.0,0.6927,0.05,0.34,0.7,3.0,0.15,0.06,0.65,0.5,0.5,-0.71,1.0,1.0,0.4,0.6,0.0,0.5,0.62,0.496,0.8,0.9,0.77,0.77,0.7,1,1.0,0.1,0.15,0.25,0.0,0.0,0.883175,0.0,0.883175,0.0,0.0,0.45833333333333337,0.32083333333333336,0.45000000000000007,0.9,0.53125,0.175,0.325,0.5,0.3,0.7,0.8,0.601,68.9889,0.295,0.3025,0.3608,0.3593,14.1281
NCT01074970,"PARP Inhibition After Preoperative Chemotherapy in Patients With Triple Negative Breast Cancer or ER/PR +, HER2 Negative With Known BRCA1/2 Mutations: Hoosier Oncology Group BRE09-146",COMPLETED,rucaparib,PARP1,small_molecule,breast cancer,True,2010.0,0,0,0,completed+results+no_positive_signal,1,1.0,0.88,0.8,0.75,0.9,0.4,0.65,0.82,0.799,0.08,0.8010012515644556,0.0,0.65,,,,0,1,0,598.0,0.0007508963210702341,1.0,0.5,0.0,0.0,0.15,1.0,0.7,35.0,1.0,0.7,0.6,1.0,1.0,-0.48,0.5,0.0,0.4,0.6,0.0,0.5,0.7,0.5599999999999999,0.9,1.0,0.79,0.79,0.7,1,1.0,0.6,0.35,0.5,0.0,0.0,0.33,0.0,0.33,0.0,0.5,0.10012515644555695,0.07008760951188986,0.952,0.88,0.8010012515644556,0.4395,0.4,0.5,0.3,0.7,0.8,0.847,60.1805,0.295,0.6252,0.365,0.425,12.4996
NCT03554473,Safety Run-In and Phase II Trial of M7824 and Topotecan or Temozolomide in Relapsed Small Cell Cancers,COMPLETED,topotecan,TOP1,small_molecule,cancer nos,True,2018.0,1,1,1,completed+positive_text+results,1,1.0,0.3,0.2,0.25,0.3,0.4,0.25,0.3,0.0,0.0,0.0,0.0,0.55,,,,1,1,0,580.0,0.0007233551724137931,1.0,1.0,1.0,0.6823,0.05,0.8,0.7,5.0,0.25,0.1,0.5,0.0,0.0,-0.89,1.0,1.0,0.4,0.6,0.0,0.5,0.68,0.544,0.8,0.9,0.71,0.71,0.7,1,1.0,0.2,0.25,0.35,0.0,0.0,0.8805750000000001,0.0,0.8805750000000001,0.0,0.0,0.0,0.0,0.27,0.3,0.0,0.0,0.1,0.5,0.3,0.7,0.8,0.208,58.6298,0.295,0.1465,0.28,0.0,11.8788
NCT00652366,"A Randomized, Open-label, Dose-escalation to Rash Study to Assess the Effect of Tarceva in Combination With Gemcitabine on Overall Survival in Patients With Metastatic Pancreatic Cancer.",COMPLETED,erlotinib,EGFR,small_molecule,pancreatic cancer,True,2008.0,0,0,0,completed+results+no_positive_signal,1,1.0,0.3,0.2,0.25,0.3,0.4,0.25,0.3,0.978,0.5,0.5879345603271983,0.0,0.9,,,,1,1,0,774.0,0.0007825607235142119,1.0,1.0,1.0,0.6139,0.1,1.0,0.7,56.0,1.0,1.0,0.85,1.0,1.0,-0.82,1.0,1.0,0.4,0.6,0.0,0.5,0.95,0.76,1.0,1.0,0.9,0.9,0.7,1,1.0,0.2,0.3,0.4,0.0,0.0,0.903475,0.0,0.903475,0.0,0.0,0.5112474437627812,0.35787321063394684,0.72,0.3,0.5879345603271983,0.739,0.1,0.5,0.3,0.7,0.8,0.7375,78.0221,0.295,0.5807,0.28,0.6234,16.0388
NCT01671319,"Phase II Study of Dose-Dense TC (Docetaxel + Cyclophosphamide) With Pegfilgrastim Support for Adjuvant Therapy of pN0, pN1 or Nx Breast Cancer",COMPLETED,docetaxel,TUBB,small_molecule,breast cancer,True,2011.0,0,0,0,completed+results+no_positive_signal,1,1.0,0.3,0.2,0.25,0.3,0.4,0.25,0.3,0.016,0.0,1.0,0.0,0.43,,,,1,1,0,715.0,0.000807165034965035,1.0,1.0,1.0,0.5950000000000001,0.05,0.7,0.7,17.0,0.85,0.34,0.38,0.0,0.0,0.0,0.0,0.0,0.0,0.0,0.0,0.0,0.55,0.44000000000000006,0.6,0.7,0.59,0.59,0.7,1,1.0,0.2,0.3,0.4,0.0,0.0,0.8187500000000001,0.0,0.8187500000000001,0.0,0.0,0.0,0.0,0.63,0.3,1.0,0.008,0.1,0.5,0.3,0.7,0.8,0.178,72.0168,0.295,0.3109,0.04,0.2044,14.566
NCT03126019,"A Phase 2, Multicenter, Open-Label Study of INCB050465, a PI3Kδ Inhibitor in Relapsed or Refractory Follicular Lymphoma (CITADEL-203)",COMPLETED,unmapped,UNKNOWN,unknown,lymphoma,True,2018.0,1,1,1,completed+positive_text+results,0,0.0,0.0,0.0,0.0,0.0,0.0,0.0,0.0,0.0,0.0,0.0,0.0,0.0,,,,1,1,0,0.0,0.0,0.0,0.0,0.0,0.0,0.0,0.0,0.0,0.0,0.0,0.0,0.0,0.0,0.0,0.0,0.0,0.0,0.4,0.5,0.0,0.5,0.0,0.0,0.0,0.0,0.0,0.0,0.3,0,0.0,0.2,0.3,0.4,0.0,0.0,0.0,0.0,0.0,0.0,1.0,0.0,0.0,0.0,0.0,0.0,0.0,0.0,0.5,0.3,0.7,0.8,0.0,0.0,0.295,0.0,0.22,0.0,0.0625
NCT01091103,"A Study Of Continuous Oral Dosing Of A Novel Antiandrogen Mdv3100, In Castration-resistant Bone Metastatic Prostate Cancer Patients Evaluating The Tumor Micro-enviroment",COMPLETED,enzalutamide,AR,small_molecule,prostate cancer,True,2010.0,0,0,0,completed+results+no_positive_signal,1,1.0,0.98,0.88,0.9,0.98,0.4,0.82,0.95,1.0,1.0,0.5785932721712538,0.0,0.85,,,,0,1,0,557.0,0.0007637253141831239,1.0,0.0,0.0,0.0,0.05,1.0,0.7,22.0,1.0,0.44,0.8,1.0,1.0,-0.69,1.0,1.0,0.4,0.6,0.0,0.5,0.82,0.656,1.0,1.0,0.88,0.88,0.7,1,1.0,0.1,0.2,0.3,0.0,0.0,0.2,0.0,0.2,0.0,1.0,1.0,0.7,0.992,0.98,0.5785932721712538,1.0,0.44,0.5,0.3,0.7,0.8,0.926,56.0475,0.295,0.8009,0.388,0.8557,11.7745
NCT06009627,Phase II Clinical Study of Darsilide Combined With Exemestane+Goserelin Neoadjuvant Endocrine Therapy in HR Positive and HER2 Negative Premenopausal Breast Cancer Patients,COMPLETED,docetaxel,TUBB,small_molecule,breast cancer,True,2023.0,1,1,1,completed+positive_text+approved,1,1.0,0.3,0.2,0.25,0.3,0.4,0.25,0.3,0.016,0.0,1.0,0.0,0.43,,,,1,1,0,715.0,0.000807165034965035,1.0,1.0,1.0,0.5950000000000001,0.05,0.7,0.7,17.0,0.85,0.34,0.38,0.0,0.0,0.0,0.0,0.0,0.0,0.0,0.0,0.0,0.55,0.44000000000000006,0.6,0.7,0.59,0.59,0.7,1,1.0,0.2,0.3,0.4,0.0,0.0,0.8187500000000001,0.0,0.8187500000000001,0.0,0.0,0.0,0.0,0.63,0.3,1.0,0.008,0.1,0.5,0.3,0.7,0.8,0.178,72.0168,0.295,0.3109,0.04,0.2044,14.566
NCT01701986,Gemcitabine/Clofarabine/Busulfan and Allogeneic Transplantation for Aggressive Lymphomas,COMPLETED,rituximab,MS4A1,antibody,lymphoma,True,2012.0,0,0,0,completed+results+no_positive_signal,1,1.0,0.88,0.65,0.7,0.92,0.4,0.68,0.85,0.028,0.0,0.7142857142857142,0.0,0.65,,,,0,1,0,525.0,0.0006596552380952381,1.0,0.5,0.0,0.0,0.05,0.44,0.7,11.0,0.55,0.22,0.6,0.5,0.5,-0.44,0.5,0.0,0.4,0.6,0.0,0.5,0.68,0.544,0.9,1.0,0.73,0.73,0.8,1,1.0,0.25,0.35,0.65,0.0,0.0,0.0,0.3075,0.3075,1.0,0.5,0.0,0.0,0.682,0.88,0.7142857142857142,0.014,0.325,0.5,0.3,0.7,0.8,0.589,52.8785,0.295,0.3606,0.3568,0.1506,10.8931
NCT02919969,A Multicenter Phase 2 Clinical Trial of Pembrolizumab in Metastatic Anal Cancer,COMPLETED,pembrolizumab,PDCD1,antibody,cancer nos,True,2016.0,0,0,0,completed+results+no_positive_signal,1,1.0,0.3,0.2,0.25,0.3,0.4,0.25,0.3,0.0,0.0,0.0,0.0,0.5,,,,1,1,0,837.0,0.0007509342891278374,1.0,1.0,0.6,0.6553333333333333,0.05,0.36,0.7,9.0,0.45,0.18,0.45,0.5,0.5,-0.15,0.0,0.0,0.4,0.6,0.0,0.5,0.6,0.48,0.9,1.0,0.65,0.65,0.8,1,1.0,0.85,0.8,0.85,1.0,1.0,0.0,0.62,0.62,1.0,0.0,0.0,0.0,0.39,0.3,0.0,0.0,0.1,0.5,0.3,0.7,0.8,0.42,84.1658,0.295,0.2005,0.28,0.0,17.0498
NCT00058422,A Phase II Study of R-CHOP and Ibritumomab Tiuxetan (Zevalin) for Elderly Patients With Previously Untreated Diffuse Large B-Cell Lymphoma,COMPLETED,rituximab,MS4A1,antibody,lymphoma,True,2003.0,0,0,0,completed+results+no_positive_signal,1,1.0,0.88,0.65,0.7,0.92,0.4,0.68,0.85,0.028,0.0,0.7142857142857142,0.0,0.65,,,,0,1,0,525.0,0.0006596552380952381,1.0,0.5,0.0,0.0,0.05,0.44,0.7,11.0,0.55,0.22,0.6,0.5,0.5,-0.44,0.5,0.0,0.4,0.6,0.0,0.5,0.68,0.544,0.9,1.0,0.73,0.73,0.8,1,1.0,0.25,0.35,0.65,0.0,0.0,0.0,0.3075,0.3075,1.0,0.5,0.0,0.0,0.682,0.88,0.7142857142857142,0.014,0.325,0.5,0.3,0.7,0.8,0.589,52.8785,0.295,0.3606,0.3568,0.1506,10.8931
NCT04555837,"A Phase I-II, Open Label Study Evaluating the Safety and Efficacy of Alisertib and Pembrolizumab in Patients With Rb-Deficient Head and Neck Squamous Cell Carcinomas",COMPLETED,pembrolizumab,PDCD1,antibody,hnscc,True,2020.0,0,0,0,completed+results+no_positive_signal,1,1.0,0.3,0.2,0.25,0.3,0.4,0.25,0.3,0.017,0.0,1.0,0.0,0.5,,,,1,1,0,837.0,0.0007509342891278374,1.0,1.0,0.6,0.6553333333333333,0.05,0.36,0.7,9.0,0.45,0.18,0.45,0.5,0.5,-0.15,0.0,0.0,0.4,0.6,0.0,0.5,0.6,0.48,0.9,1.0,0.65,0.65,0.8,1,1.0,0.85,0.8,0.85,1.0,1.0,0.0,0.62,0.62,1.0,0.0,0.0,0.0,0.39,0.3,1.0,0.0085,0.1,0.5,0.3,0.7,0.8,0.42,84.1658,0.295,0.2031,0.28,0.2047,17.0707
NCT00281957,A Randomized Phase II Trial of BAY 43-9006 (Sorafenib; NSC-724772) With Either CCI-779 (Temsirolimus; NSC-683864) or R115777 (Tipifarnib; NSC-702818) in Metastatic Melanoma,COMPLETED,sorafenib,BRAF,small_molecule,melanoma,True,2007.0,0,0,0,completed+results+no_positive_signal,1,1.0,0.95,0.9,0.88,0.95,0.4,0.72,0.9,1.0,1.0,0.657185628742515,0.0,0.75,,,,0,1,0,689.0,0.0007610406386066763,1.0,1.0,1.0,0.5917499999999999,0.05,1.0,0.7,21.0,1.0,0.42,0.7,1.0,1.0,-0.63,1.0,1.0,0.4,0.6,0.0,0.5,0.82,0.656,0.9,1.0,0.85,0.85,0.7,1,1.0,0.4,0.4,0.55,0.0,0.0,0.8779375,0.0,0.8779375,0.0,0.0,1.0,0.7,0.98,0.95,0.657185628742515,1.0,0.45,0.5,0.3,0.7,0.8,0.9045,69.6788,0.295,0.791,0.3795,0.8714,14.4936
NCT02970981,A Pilot Trial of Ipilimumab With Nivolumab for Participants With Resected Stages IIIB/IIIC/ IV Melanoma,COMPLETED,nivolumab,PDCD1,antibody,melanoma,True,2016.0,0,0,0,completed+results+no_positive_signal,1,1.0,0.9,0.65,0.7,0.95,0.4,0.72,0.88,0.073,0.0,1.0,0.0,0.5,,,,0,1,0,837.0,0.0007509342891278374,1.0,1.0,0.6,0.6553333333333333,0.05,0.36,0.7,9.0,0.45,0.18,0.45,0.5,0.5,-0.15,0.0,0.0,0.4,0.6,0.0,0.5,0.6,0.48,0.9,1.0,0.65,0.65,0.8,1,1.0,0.85,0.8,0.85,1.0,1.0,0.0,0.62,0.62,1.0,0.0,0.0,0.0,0.6300000000000001,0.9,1.0,0.0365,0.325,0.5,0.3,0.7,0.8,0.555,84.3233,0.295,0.3465,0.3608,0.2201,17.1783
NCT00535873,A Phase II Study of Lenalidomide as Initial Treatment of Patients With Chronic Lymphocytic Leukemia Age 65 or Older.,COMPLETED,lenalidomide,CRBN,small_molecule,leukemia,True,2007.0,0,0,0,completed+results+no_positive_signal,1,1.0,0.3,0.2,0.25,0.3,0.4,0.25,0.3,0.06,0.0,1.0,0.0,0.4,,,,1,1,0,630.0,0.0008394936507936509,1.0,0.5,0.0,0.0,0.05,0.32,0.7,1.0,0.05,0.02,0.35,0.5,0.5,-0.55,1.0,1.0,0.4,0.6,0.0,0.5,0.55,0.44000000000000006,0.6,0.7,0.58,0.58,0.7,1,1.0,0.3,0.4,0.55,0.1,0.0,0.27,0.0,0.27,0.0,0.5,0.0,0.0,0.15,0.3,1.0,0.03,0.1,0.5,0.3,0.7,0.8,0.3965,63.2775,0.295,0.1015,0.28,0.2165,12.8681
NCT02523469,"A Phase IB/II Study of Nivolumab In Combination With ALT-803 In Patients With Pretreated, Advanced, or Metastatic Non-Small Cell Lung Cancer",COMPLETED,nivolumab,PDCD1,antibody,nsclc,True,2016.0,0,0,0,completed+results+no_positive_signal,1,1.0,0.92,0.68,0.72,0.95,0.4,0.75,0.88,0.03,0.0,1.0,0.0,0.5,,,,0,1,0,837.0,0.0007509342891278374,1.0,1.0,0.6,0.6553333333333333,0.05,0.36,0.7,9.0,0.45,0.18,0.45,0.5,0.5,-0.15,0.0,0.0,0.4,0.6,0.0,0.5,0.6,0.48,0.9,1.0,0.65,0.65,0.8,1,1.0,0.85,0.8,0.85,1.0,1.0,0.0,0.62,0.62,1.0,0.0,0.0,0.0,0.6380000000000001,0.92,1.0,0.015,0.34,0.5,0.3,0.7,0.8,0.5625,84.3253,0.295,0.3416,0.366,0.2083,17.1792
NCT00346645,A Phase II Study of Velcade® (Bortezomib) in Patients Stage IIIB OR IV Non-Small Cell Lung Cancer (NSCLC) Who Have Not Received Prior Chemotherapy,TERMINATED,unmapped,UNKNOWN,unknown,nsclc,False,2006.0,0,0,0,terminated+efficacy,0,0.0,0.0,0.0,0.0,0.0,0.0,0.0,0.0,0.0,0.0,0.0,0.0,0.0,,,,1,1,1,0.0,0.0,0.0,0.0,0.0,0.0,0.0,0.0,0.0,0.0,0.0,0.0,0.0,0.0,0.0,0.0,0.0,0.0,0.4,0.5,0.0,0.5,0.0,0.0,0.0,0.0,0.0,0.0,0.3,0,0.0,0.2,0.3,0.4,0.0,0.0,0.0,0.0,0.0,0.0,1.0,0.0,0.0,0.0,0.0,0.0,0.0,0.0,,,,,0.0,0.0,0.0,0.0,0.22,0.0,0.033
NCT03878472,A Phase II Clinical Study of Neoadjuvant Therapy for Resectable Locally Advanced Gastric Cancer with PD-1 Antibody or in Combination with Apatinib ± S1±Oxaliplatin,COMPLETED,oxaliplatin,DNA,small_molecule,gastric cancer,True,2019.0,1,1,1,completed+positive_text+approved,1,1.0,0.3,0.2,0.25,0.3,0.4,0.25,0.3,1.0,0.61,0.5149934810951761,0.0,0.3,,,,1,1,0,578.0,0.0007351176470588234,1.0,1.0,1.0,0.5889090909090909,0.05,0.28,0.7,10.0,0.5,0.2,0.2,0.0,0.0,0.0,0.0,0.0,0.4,0.6,0.0,0.5,0.4,0.32000000000000006,0.2,0.3,0.3,0.3,0.7,1,1.0,0.2,0.3,0.4,0.0,0.0,0.7372272727272728,0.0,0.7372272727272728,0.0,0.0,0.61,0.427,0.42,0.3,0.5149934810951761,0.8049999999999999,0.1,0.5,0.3,0.7,0.8,0.1325,58.3158,0.295,0.4555,0.28,0.6616,11.9251
NCT01246557,Open Label Multi-center Pilot Phase I/II Non-controlled Clinical Trial to Assess Safety and Efficieecy of the Lenalidomide and Dexamethasone Association in Patients With Chronic Relapse or Treatment Resistant Lymphatic Leukemia Following Treatment Containing Fludarabine.,COMPLETED,lenalidomide,CRBN,small_molecule,leukemia,True,2009.0,1,1,1,completed+positive_text+approved,1,1.0,0.3,0.2,0.25,0.3,0.4,0.25,0.3,0.06,0.0,1.0,0.0,0.4,,,,1,1,0,630.0,0.0008394936507936509,1.0,0.5,0.0,0.0,0.05,0.32,0.7,1.0,0.05,0.02,0.35,0.5,0.5,-0.55,1.0,1.0,0.4,0.6,0.0,0.5,0.55,0.44000000000000006,0.6,0.7,0.58,0.58,0.7,1,1.0,0.3,0.4,0.55,0.1,0.0,0.27,0.0,0.27,0.0,0.5,0.0,0.0,0.15,0.3,1.0,0.03,0.1,0.5,0.3,0.7,0.8,0.3965,63.2775,0.295,0.1015,0.28,0.2165,12.8681
NCT01250119,Assess the Incidence of Mutations in the Tyrosine Kinase Domain of the Endothelial Growth Factor Receptor in UK Patients With Newly Diagnosed Metastatic or Recurrent Non-small Cell Lung Cancer and to Investigate the Quality of Life of These Patients Undergoing First-line Therapy With Erlotinib.,COMPLETED,erlotinib,EGFR,small_molecule,nsclc,True,2011.0,0,0,0,completed+results+no_positive_signal,1,1.0,0.92,0.85,0.8,0.95,0.4,0.75,0.9,1.0,1.0,0.8166677488474774,0.0,0.9,,,,0,1,0,774.0,0.0007825607235142119,1.0,1.0,1.0,0.6139,0.1,1.0,0.7,56.0,1.0,1.0,0.85,1.0,1.0,-0.82,1.0,1.0,0.4,0.6,0.0,0.5,0.95,0.76,1.0,1.0,0.9,0.9,0.7,1,1.0,0.2,0.3,0.4,0.0,0.0,0.903475,0.0,0.903475,0.0,0.0,1.0,0.7,0.968,0.92,0.8166677488474774,1.0,0.425,0.5,0.3,0.7,0.8,0.9175,78.1816,0.295,0.7986,0.3788,0.9033,16.2021
NCT01535924,A Phase I/II Study Of Gemcitabine And Bendamustine In Patients With Relapsed Or Refractory Hodgkin's Lymphoma,COMPLETED,gemcitabine,RRM1,small_molecule,lymphoma,True,2012.0,0,0,0,completed+results+no_positive_signal,1,1.0,0.3,0.2,0.25,0.3,0.4,0.25,0.3,0.011,0.01,0.45454545454545453,0.0,0.47,,,,1,1,0,475.0,0.000819562105263158,0.95,1.0,1.0,0.5399499999999999,0.05,0.54,0.7,4.0,0.2,0.08,0.42,0.0,0.0,0.0,0.0,0.0,0.4,0.6,0.0,0.5,0.58,0.46399999999999997,0.6,0.7,0.62,0.62,0.7,1,1.0,0.2,0.3,0.4,0.0,0.0,0.8049875000000001,0.0,0.8049875000000001,0.0,0.0,0.9090909090909092,0.6363636363636364,0.24,0.3,0.45454545454545453,0.010499999999999999,0.1,0.5,0.3,0.7,0.8,0.1875,48.0085,0.295,0.1361,0.28,0.4492,9.7922
NCT02279862,"A Phase 2, Randomized, Double-Blind Study of Ipilimumab Administered at 3 mg/kg vs 10 mg/kg in Adult Subjects With Metastatic Chemotherapy-Naïve Castration Resistant Prostate Cancer Who Are Asymptomatic or Minimally Symptomatic",COMPLETED,ipilimumab,CTLA4,antibody,prostate cancer,True,2014.0,0,0,0,completed+results+no_positive_signal,1,1.0,0.3,0.2,0.25,0.3,0.4,0.25,0.3,0.18,0.11,0.8611111111111112,0.0,0.55,,,,1,1,0,822.0,0.0007566520681265206,1.0,0.5,0.0,0.0,0.05,0.36,0.7,11.0,0.55,0.22,0.5,0.5,0.5,-0.12,0.0,0.0,0.4,0.6,0.0,0.5,0.62,0.496,0.8,0.9,0.61,0.61,0.8,1,1.0,0.7,0.6,0.8,1.0,1.0,0.0,0.5700000000000001,0.5700000000000001,1.0,0.5,0.6111111111111112,0.4277777777777778,0.45,0.3,0.8611111111111112,0.145,0.1,0.5,0.3,0.7,0.8,0.428,82.3775,0.295,0.271,0.28,0.4683,16.755
NCT00314262,"Phase I/II Study of Chemoprevention With Epidermal Growth Factor Receptor (EGFR) Tyrosine Kinase Inhibitor Erlotinib (OSI-774, Tarceva) and Cyclooxygenase-2 (COX-2) Inhibitor (Celecoxib) in Premalignant Lesions of Head and Neck of Former Smokers",COMPLETED,erlotinib,EGFR,small_molecule,cancer nos,True,2006.0,0,0,0,completed+results+no_positive_signal,1,1.0,0.3,0.2,0.25,0.3,0.4,0.25,0.3,0.001,0.0,0.0,0.0,0.9,,,,1,1,0,774.0,0.0007825607235142119,1.0,1.0,1.0,0.6139,0.1,1.0,0.7,56.0,1.0,1.0,0.85,1.0,1.0,-0.82,1.0,1.0,0.4,0.6,0.0,0.5,0.95,0.76,1.0,1.0,0.9,0.9,0.7,1,1.0,0.2,0.3,0.4,0.0,0.0,0.903475,0.0,0.903475,0.0,0.0,0.0,0.0,0.72,0.3,0.0,0.0005,0.1,0.5,0.3,0.7,0.8,0.7375,78.0221,0.295,0.3591,0.28,0.0003,15.9321
NCT01111461,"An Open-Label, Single-Arm, Multicenter Phase II Study of E7080 (Lenvatinib) in Subjects With Advanced Endometrial Cancer and Disease Progression Following First-Line Chemotherapy",COMPLETED,lenvatinib,VEGFR2,small_molecule,endometrial cancer,True,2010.0,1,1,1,completed+positive_text+results,1,1.0,0.3,0.2,0.25,0.3,0.4,0.25,0.3,0.02,0.01,0.625,0.0,0.55,,,,1,1,0,606.0,0.0007355808580858086,1.0,0.5,0.0,0.0,0.2,1.0,0.7,7.0,0.35,0.14,0.5,0.5,0.5,-0.31,0.5,0.0,0.4,0.6,0.0,0.5,0.4,0.32000000000000006,0.9,1.0,0.3,0.3,0.7,1,1.0,0.2,0.3,0.4,0.0,0.0,0.33,0.0,0.33,0.0,0.5,0.5,0.35,0.32999999999999996,0.3,0.625,0.015,0.1,0.5,0.3,0.7,0.8,0.4125,60.835,0.295,0.208,0.28,0.3262,12.4159
NCT00710970,H-16848 - Phase II Pilot Study With Correlative Markers of Tamoxifen for Progressive Transitional Cell Carcinoma Following Previous Chemotherapy,COMPLETED,tamoxifen,ESR1,small_molecule,bladder cancer,True,2007.0,0,0,0,completed+results+no_positive_signal,1,1.0,0.3,0.2,0.25,0.3,0.4,0.25,0.3,0.024,0.0,1.0,0.0,0.88,,,,1,1,0,714.0,0.0007699285714285715,1.0,1.0,1.0,0.78365,0.15,1.0,0.7,40.0,1.0,0.8,0.85,1.0,1.0,-0.58,1.0,1.0,0.4,0.6,0.0,0.5,0.8,0.6400000000000001,1.0,1.0,0.86,0.86,0.7,1,1.0,0.1,0.25,0.35,0.0,0.0,0.9459124999999999,0.0,0.9459124999999999,0.0,0.0,0.0,0.0,0.72,0.3,1.0,0.012,0.1,0.5,0.3,0.7,0.8,0.7335,72.05,0.295,0.3726,0.28,0.2066,14.7601
NCT00408070,"Phase 2 Study of Bevacizumab in Combination With Carboplatin and Paclitaxel in Patients With Ovarian, Fallopian Tube or Primary Peritoneal Carcinoma",TERMINATED,bevacizumab,VEGFA,antibody,ovarian cancer,True,2006.0,0,0,0,terminated+negative_text,1,1.0,0.3,0.2,0.25,0.3,0.4,0.25,0.3,0.204,0.07,0.6004901960784313,0.0,0.75,,,,1,1,0,582.0,0.0006893024054982818,1.0,1.0,1.0,0.83255,0.3,1.0,0.7,30.0,1.0,0.6,0.7,1.0,1.0,-0.22,0.0,0.0,0.4,0.6,0.0,0.5,0.82,0.656,0.7,0.8,0.83,0.83,0.8,1,1.0,0.2,0.3,0.5,0.0,0.0,0.0,0.295,0.295,1.0,0.0,0.34313725490196084,0.24019607843137258,0.72,0.3,0.6004901960784313,0.137,0.1,0.5,0.3,0.7,0.8,0.704,58.7649,0.295,0.4401,0.28,0.3153,12.12
NCT01068769,"A Multi-center Phase II Study Evaluating the Efficacy and Safety of Regorafenib in Patients With Metastatic and/or Unresectable Gastrointestinal Stromal Tumor (GIST), Resistent or Intolerant to at Least Imatinib and Sunitinib",COMPLETED,regorafenib,VEGFR2,small_molecule,cancer nos,True,2010.0,1,1,1,completed+positive_text+results,1,1.0,0.3,0.2,0.25,0.3,0.4,0.25,0.3,0.0,0.0,0.0,0.0,0.55,,,,1,1,0,606.0,0.0007355808580858086,1.0,0.5,0.0,0.0,0.2,1.0,0.7,7.0,0.35,0.14,0.5,0.5,0.5,-0.31,0.5,0.0,0.4,0.6,0.0,0.5,0.4,0.32000000000000006,0.9,1.0,0.3,0.3,0.7,1,1.0,0.2,0.3,0.4,0.0,0.0,0.33,0.0,0.33,0.0,0.5,0.0,0.0,0.32999999999999996,0.3,0.0,0.0,0.1,0.5,0.3,0.7,0.8,0.4125,60.835,0.295,0.2035,0.28,0.0,12.3823
NCT00952731,Pre-surgical Phase IIb Trial of Transdermal 4-Hydroxytamoxifen vs. Oral Tamoxifen in Women With Ductal Carcinoma in Situ of the Breast,COMPLETED,tamoxifen,ESR1,small_molecule,breast cancer,True,2009.0,0,0,0,completed+results+no_positive_signal,1,1.0,0.97,0.85,0.88,0.98,0.4,0.8,0.93,1.0,1.0,0.8296763576522216,0.0,0.88,,,,0,1,0,714.0,0.0007699285714285715,1.0,1.0,1.0,0.78365,0.15,1.0,0.7,40.0,1.0,0.8,0.85,1.0,1.0,-0.58,1.0,1.0,0.4,0.6,0.0,0.5,0.8,0.6400000000000001,1.0,1.0,0.86,0.86,0.7,1,1.0,0.1,0.25,0.35,0.0,0.0,0.9459124999999999,0.0,0.9459124999999999,0.0,0.0,1.0,0.7,0.988,0.97,0.8296763576522216,1.0,0.425,0.5,0.3,0.7,0.8,0.9255,72.219,0.295,0.8171,0.3838,0.9059,15.0163
NCT02775695,Efficacy of Doxycycline on Metakaryote Cell Death in Patients With Resectable Pancreatic Cancer,COMPLETED,unmapped,UNKNOWN,unknown,pancreatic cancer,True,2017.0,1,1,1,completed+positive_text+results,0,0.0,0.0,0.0,0.0,0.0,0.0,0.0,0.0,0.0,0.0,0.0,0.0,0.0,,,,1,1,0,0.0,0.0,0.0,0.0,0.0,0.0,0.0,0.0,0.0,0.0,0.0,0.0,0.0,0.0,0.0,0.0,0.0,0.0,0.4,0.5,0.0,0.5,0.0,0.0,0.0,0.0,0.0,0.0,0.3,0,0.0,0.2,0.3,0.4,0.0,0.0,0.0,0.0,0.0,0.0,1.0,0.0,0.0,0.0,0.0,0.0,0.0,0.0,0.5,0.3,0.7,0.8,0.0,0.0,0.295,0.0,0.22,0.0,0.0625
NCT00454805,"A Phase II, Double-Blind, Placebo Controlled, Randomized Study to Assess the Efficacy and Safety of AZD2171 in Combination With Fulvestrant vs Fulvestrant Alone in Hormone Sensitive (ER+ve or PgR+ve) Post Menopausal Metastatic Breast Cancer Patients",COMPLETED,fulvestrant,ESR1,small_molecule,breast cancer,True,2007.0,0,0,0,completed+results+no_positive_signal,1,1.0,0.97,0.85,0.88,0.98,0.4,0.8,0.93,1.0,1.0,0.8296763576522216,0.0,0.88,,,,0,1,0,714.0,0.0007699285714285715,1.0,1.0,1.0,0.78365,0.15,1.0,0.7,40.0,1.0,0.8,0.85,1.0,1.0,-0.58,1.0,1.0,0.4,0.6,0.0,0.5,0.8,0.6400000000000001,1.0,1.0,0.86,0.86,0.7,1,1.0,0.1,0.25,0.35,0.0,0.0,0.9459124999999999,0.0,0.9459124999999999,0.0,0.0,1.0,0.7,0.988,0.97,0.8296763576522216,1.0,0.425,0.5,0.3,0.7,0.8,0.9255,72.219,0.295,0.8171,0.3838,0.9059,15.0163
NCT01279694,Phase I/II Trial of Carfilzomib Plus Melphalan and Prednisone in Elderly Untreated Patients With Multiple Myeloma.,COMPLETED,carfilzomib,PSMB5,small_molecule,multiple myeloma,True,2010.0,1,1,1,completed+positive_text+approved,1,1.0,0.85,0.6,0.65,0.92,0.4,0.65,0.8,0.032,0.02,0.9375,0.0,0.45,,,,0,1,0,1170.0,0.0009419982905982905,1.0,1.0,1.0,0.6293333333333334,0.05,0.38,0.7,173.0,1.0,1.0,0.4,0.5,0.5,-0.83,1.0,1.0,0.4,0.6,0.0,0.5,0.65,0.52,0.8,0.9,0.62,0.62,0.7,1,1.0,0.25,0.3,0.45,0.0,0.0,0.8673333333333334,0.0,0.8673333333333334,0.0,0.0,0.625,0.4375,0.94,0.85,0.9375,0.026000000000000002,0.3,0.5,0.3,0.7,0.8,0.5285,117.7699,0.295,0.4758,0.35,0.4415,23.9074
NCT00717756,Lenalidomide for Advanced Hepatocellular Cancer:A Phase II Trial,COMPLETED,lenalidomide,CRBN,small_molecule,hepatocellular carcinoma,True,2009.0,0,0,0,completed+results+no_positive_signal,1,1.0,0.3,0.2,0.25,0.3,0.4,0.25,0.3,0.007,0.0,1.0,0.0,0.4,,,,1,1,0,630.0,0.0008394936507936509,1.0,0.5,0.0,0.0,0.05,0.32,0.7,1.0,0.05,0.02,0.35,0.5,0.5,-0.55,1.0,1.0,0.4,0.6,0.0,0.5,0.55,0.44000000000000006,0.6,0.7,0.58,0.58,0.7,1,1.0,0.3,0.4,0.55,0.1,0.0,0.27,0.0,0.27,0.0,0.5,0.0,0.0,0.15,0.3,1.0,0.0035,0.1,0.5,0.3,0.7,0.8,0.3965,63.2775,0.295,0.0935,0.28,0.2019,12.865
NCT03035331,Phase I/II Study of Dendritic Cell Therapy Delivered Intratumorally After Cryoablation and Anti-PD-1 Antibody (Pembrolizumab) for Patients With Non-Hodgkin Lymphoma,COMPLETED,pembrolizumab,PDCD1,antibody,lymphoma,True,2017.0,0,0,0,completed+results+no_positive_signal,1,1.0,0.85,0.6,0.65,0.9,0.4,0.68,0.82,0.044,0.0,0.9090909090909091,0.0,0.5,,,,0,1,0,837.0,0.0007509342891278374,1.0,1.0,0.6,0.6553333333333333,0.05,0.36,0.7,9.0,0.45,0.18,0.45,0.5,0.5,-0.15,0.0,0.0,0.4,0.6,0.0,0.5,0.6,0.48,0.9,1.0,0.65,0.65,0.8,1,1.0,0.85,0.8,0.85,1.0,1.0,0.0,0.62,0.62,1.0,0.0,0.0,0.0,0.6100000000000001,0.85,0.9090909090909091,0.022,0.3,0.5,0.3,0.7,0.8,0.54,84.3108,0.295,0.3291,0.353,0.1939,17.1648
NCT00822120,A Phase II Trial of Response-Adapted Therapy of Stage III-IV Hodgkin Lymphoma Using Early Interim FDG-PET Imaging,COMPLETED,doxorubicin,TOP2A,small_molecule,lymphoma,True,2009.0,0,0,0,completed+results+no_positive_signal,1,1.0,0.3,0.2,0.25,0.3,0.4,0.25,0.3,0.021,0.01,0.7142857142857143,0.0,0.63,,,,1,1,0,1111.0,0.000882019801980198,1.0,0.5,0.0,0.0,0.05,0.74,0.7,4.0,0.2,0.08,0.58,0.0,0.0,-0.94,1.0,0.0,0.4,0.6,0.0,0.5,0.72,0.576,0.8,0.9,0.73,0.73,0.7,1,1.0,0.2,0.25,0.35,0.0,0.0,0.31000000000000005,0.0,0.31000000000000005,0.0,0.5,0.47619047619047616,0.3333333333333333,0.24,0.3,0.7142857142857143,0.0155,0.1,0.5,0.3,0.7,0.8,0.225,111.3775,0.295,0.1376,0.28,0.3351,22.4643
NCT01593020,A Randomized Phase II Neoadjuvant Study of Sequential Eribulin Followed by FAC/FEC-regimen Compared to Sequential Paclitaxel Followed by FAC/FEC-Regimen in Women With Early Stage Breast Cancer Not Overexpressing HER-2,COMPLETED,paclitaxel,TUBB,small_molecule,breast cancer,True,2012.0,0,0,0,completed+results+no_positive_signal,1,1.0,0.3,0.2,0.25,0.3,0.4,0.25,0.3,0.016,0.0,1.0,0.0,0.43,,,,1,1,0,715.0,0.000807165034965035,1.0,1.0,1.0,0.5950000000000001,0.05,0.7,0.7,17.0,0.85,0.34,0.38,0.0,0.0,0.0,0.0,0.0,0.0,0.0,0.0,0.0,0.55,0.44000000000000006,0.6,0.7,0.59,0.59,0.7,1,1.0,0.2,0.3,0.4,0.0,0.0,0.8187500000000001,0.0,0.8187500000000001,0.0,0.0,0.0,0.0,0.63,0.3,1.0,0.008,0.1,0.5,0.3,0.7,0.8,0.178,72.0168,0.295,0.3109,0.04,0.2044,14.566
NCT06333769,A Phase II Multicenter Clinical Trial of Modified Short-course Radiotherapy Combined With CAPOX and PD-1 Monoclonal Antibody for Locally Advanced Mid-low Rectal Cancer,COMPLETED,capecitabine,TYMS,small_molecule,colorectal cancer,False,2024.0,1,1,1,completed+positive_text+approved,1,1.0,0.85,0.6,0.65,0.88,0.4,0.68,0.82,0.135,0.11,0.5555555555555556,0.0,0.6,,,,0,1,1,481.0,0.0008138274428274429,0.962,1.0,1.0,0.82585,0.05,0.32,0.7,6.0,0.3,0.12,0.55,0.0,0.0,-0.91,1.0,0.0,0.4,0.6,0.0,0.5,0.7,0.5599999999999999,0.8,0.9,0.78,0.78,0.7,1,1.0,0.15,0.2,0.3,0.0,0.0,0.9164625000000001,0.0,0.9164625000000001,0.0,0.0,0.8148148148148148,0.5703703703703703,0.52,0.85,0.5555555555555556,0.1225,0.3,,,,,0.3415,48.8934,0.0,0.3187,0.353,0.4743,10.0282
NCT00063154,"A Phase II, Open-label, Multicenter Study to Evaluate the Effect of Tumor-based HER2 Activation on the Efficacy of rhuMAb 2C4 (Pertuzumab) in Subjects With Recurrent Non-Small Cell Lung Cancer",COMPLETED,pertuzumab,ERBB2,antibody,nsclc,True,2003.0,0,0,0,completed+results+no_positive_signal,1,1.0,0.7,0.6,0.65,0.75,0.4,0.6,0.68,0.477,0.18,0.8647798742138364,0.0,0.85,,,,0,1,0,739.0,0.0007936373477672532,1.0,0.5,0.3,0.7236666666666667,0.2,1.0,0.7,45.0,1.0,0.9,0.8,1.0,1.0,-0.71,1.0,1.0,0.4,0.6,0.0,0.5,0.9,0.7200000000000001,1.0,1.0,0.88,0.88,0.8,1,1.0,0.15,0.35,0.45,0.0,0.0,0.0,0.3075,0.3075,1.0,0.5,0.37735849056603776,0.2641509433962264,0.8799999999999999,0.7,0.8647798742138364,0.3285,0.3,0.5,0.3,0.7,0.8,0.8465,74.446,0.295,0.5665,0.345,0.4648,15.3419
NCT02514551,"Randomized Phase 2 Trial Evaluating Alternative Ramucirumab Doses in Combination With Paclitaxel in Second-Line Metastatic or Locally Advanced, Unresectable Gastric or Gastroesophageal Junction Adenocarcinoma",COMPLETED,ramucirumab,KDR,antibody,gastric cancer,True,2015.0,0,0,0,completed+results+no_positive_signal,1,1.0,0.3,0.2,0.25,0.3,0.4,0.25,0.3,0.035,0.0,0.42857142857142855,0.0,0.6,,,,1,1,0,606.0,0.0007355808580858086,1.0,1.0,0.7,0.5514285714285714,0.2,1.0,0.7,7.0,0.35,0.14,0.55,0.0,0.0,0.0,0.0,0.0,0.4,0.6,0.0,0.5,0.72,0.576,0.8,0.9,0.71,0.71,0.8,1,1.0,0.2,0.3,0.5,0.0,0.0,0.0,0.295,0.295,1.0,0.0,0.0,0.0,0.32999999999999996,0.3,0.42857142857142855,0.0175,0.1,0.5,0.3,0.7,0.8,0.218,61.0727,0.295,0.2087,0.28,0.0953,12.3918
NCT01076231,Feasibility and PhaseI/II Trial of Preoperative Proton Beam Radiotherapy With Concurrent Chemotherapy for Resectable Stage IIIA or Superior Sulcus NSCLC,COMPLETED,cisplatin,DNA,small_molecule,nsclc,False,2010.0,0,0,0,completed+results+no_positive_signal,1,1.0,0.3,0.2,0.25,0.3,0.4,0.25,0.3,1.0,1.0,0.7610274096932292,0.0,0.3,,,,1,1,1,578.0,0.0007351176470588234,1.0,1.0,1.0,0.5889090909090909,0.05,0.28,0.7,10.0,0.5,0.2,0.2,0.0,0.0,0.0,0.0,0.0,0.4,0.6,0.0,0.5,0.4,0.32000000000000006,0.2,0.3,0.3,0.3,0.7,1,1.0,0.2,0.3,0.4,0.0,0.0,0.7372272727272728,0.0,0.7372272727272728,0.0,0.0,1.0,0.7,0.42,0.3,0.7610274096932292,1.0,0.1,,,,,0.1325,58.3158,0.0,0.514,0.28,0.8922,11.9303
NCT00245102,A Multicenter Phase II Study of Sorafenib (BAY43-9006) in Non-GIST Sarcomas,COMPLETED,sorafenib,BRAF,small_molecule,ovarian cancer,True,2005.0,0,0,0,completed+results+no_positive_signal,1,1.0,0.3,0.2,0.25,0.3,0.4,0.25,0.3,0.196,0.12,0.586734693877551,0.0,0.75,,,,1,1,0,689.0,0.0007610406386066763,1.0,1.0,1.0,0.5917499999999999,0.05,1.0,0.7,21.0,1.0,0.42,0.7,1.0,1.0,-0.63,1.0,1.0,0.4,0.6,0.0,0.5,0.82,0.656,0.9,1.0,0.85,0.85,0.7,1,1.0,0.4,0.4,0.55,0.0,0.0,0.8779375,0.0,0.8779375,0.0,0.0,0.6122448979591836,0.4285714285714285,0.72,0.3,0.586734693877551,0.158,0.1,0.5,0.3,0.7,0.8,0.705,69.5163,0.295,0.3964,0.28,0.419,14.2722
NCT02661282,A Phase I/II Clinical Trial of Autologous CMV-Specific Cytotoxic T Cells for GBM Patients,COMPLETED,temozolomide,DNA,small_molecule,glioblastoma,True,2016.0,0,0,0,completed+results+no_positive_signal,1,1.0,0.3,0.2,0.25,0.3,0.4,0.25,0.3,1.0,1.0,0.6867526746381372,0.0,0.3,,,,1,1,0,578.0,0.0007351176470588234,1.0,1.0,1.0,0.5889090909090909,0.05,0.28,0.7,10.0,0.5,0.2,0.2,0.0,0.0,0.0,0.0,0.0,0.4,0.6,0.0,0.5,0.4,0.32000000000000006,0.2,0.3,0.3,0.3,0.7,1,1.0,0.2,0.3,0.4,0.0,0.0,0.7372272727272728,0.0,0.7372272727272728,0.0,0.0,1.0,0.7,0.42,0.3,0.6867526746381372,1.0,0.1,0.5,0.3,0.7,0.8,0.1325,58.3158,0.295,0.514,0.28,0.8774,11.9583
NCT03839823,A Phase II Randomized Study of the Combination of Ribociclib Plus Goserelin Acetate With Hormonal Therapy Versus Physician Choice Chemotherapy in Premenopausal or Perimenopausal Patients With Hormone Receptor-positive/ HER2-negative Inoperable Locally Advanced or Metastatic Breast Cancer,COMPLETED,ribociclib,CDK4,small_molecule,breast cancer,True,2019.0,0,0,0,completed+results+no_positive_signal,1,1.0,0.88,0.72,0.75,0.92,0.4,0.68,0.82,1.0,1.0,1.0,0.0,0.65,,,,0,1,0,747.0,0.0007754163319946452,1.0,0.5,0.0,0.0,0.05,0.68,0.7,28.0,1.0,0.56,0.6,1.0,1.0,-0.74,1.0,1.0,0.4,0.6,0.0,0.5,0.72,0.576,0.8,0.9,0.74,0.74,0.7,1,1.0,0.2,0.3,0.4,0.0,0.0,0.31000000000000005,0.0,0.31000000000000005,0.0,0.5,1.0,0.7,0.952,0.88,1.0,1.0,0.36,0.5,0.3,0.7,0.8,0.8325,75.1285,0.295,0.7734,0.362,0.94,15.5663
NCT02488759,"Non-Comparative, Open-Label, Multiple Cohort, Phase 1/2 Study of Nivolumab Monotherapy and Nivolumab Combination Therapy in Subjects With Virus-Positive and Virus-Negative Solid Tumors",COMPLETED,nivolumab,PDCD1,antibody,cancer nos,True,2015.0,0,0,0,completed+results+no_positive_signal,1,1.0,0.3,0.2,0.25,0.3,0.4,0.25,0.3,0.0,0.0,0.0,0.0,0.5,,,,1,1,0,837.0,0.0007509342891278374,1.0,1.0,0.6,0.6553333333333333,0.05,0.36,0.7,9.0,0.45,0.18,0.45,0.5,0.5,-0.15,0.0,0.0,0.4,0.6,0.0,0.5,0.6,0.48,0.9,1.0,0.65,0.65,0.8,1,1.0,0.85,0.8,0.85,1.0,1.0,0.0,0.62,0.62,1.0,0.0,0.0,0.0,0.39,0.3,0.0,0.0,0.1,0.5,0.3,0.7,0.8,0.42,84.1658,0.295,0.2005,0.28,0.0,17.0498
NCT02978222,"A Randomized Multicenter Phase II Trial to Evaluate the Safety, Efficacy and Immunogenicity of Vaccination With Folate Receptor Alpha Peptides With GM-CSF Versus GM-CSF Alone in Patients With Platinum Sensitive Ovarian Cancer and a Response or Stable Disease to Platinum Therapy",TERMINATED,unmapped,UNKNOWN,unknown,ovarian cancer,True,2017.0,0,0,0,terminated+efficacy,0,0.0,0.0,0.0,0.0,0.0,0.0,0.0,0.0,0.0,0.0,0.0,0.0,0.0,,,,1,1,0,0.0,0.0,0.0,0.0,0.0,0.0,0.0,0.0,0.0,0.0,0.0,0.0,0.0,0.0,0.0,0.0,0.0,0.0,0.4,0.5,0.0,0.5,0.0,0.0,0.0,0.0,0.0,0.0,0.3,0,0.0,0.2,0.3,0.4,0.0,0.0,0.0,0.0,0.0,0.0,1.0,0.0,0.0,0.0,0.0,0.0,0.0,0.0,0.5,0.3,0.7,0.8,0.0,0.0,0.295,0.0,0.22,0.0,0.0625
NCT00467142,"Phase II Study Evaluating the Efficacy and Tolerance to Chemotherapy With 5-fluorouracil, Folinic Acid, Irinotecan and Bevacizumab as First-line Treatment in Patients With Metastatic Colorectal Cancer",COMPLETED,bevacizumab,VEGFA,antibody,colorectal cancer,True,2007.0,0,0,0,completed+results+no_positive_signal,1,1.0,0.85,0.55,0.6,0.9,0.4,0.72,0.82,0.535,0.28,0.7102803738317757,0.0,0.75,,,,0,1,0,582.0,0.0006893024054982818,1.0,1.0,1.0,0.83255,0.3,1.0,0.7,30.0,1.0,0.6,0.7,1.0,1.0,-0.22,0.0,0.0,0.4,0.6,0.0,0.5,0.82,0.656,0.7,0.8,0.83,0.83,0.8,1,1.0,0.2,0.3,0.5,0.0,0.0,0.0,0.295,0.295,1.0,0.0,0.5233644859813085,0.3663551401869159,0.94,0.85,0.7102803738317757,0.40750000000000003,0.275,0.5,0.3,0.7,0.8,0.809,58.9099,0.295,0.6432,0.3533,0.5143,12.2468
NCT00103194,Phase II Trial of GW572016 in Patients With Recurrent Prostate Cancer as Evident by a Rising PSA,COMPLETED,lapatinib,ERBB2,small_molecule,prostate cancer,False,2005.0,0,0,0,completed+results+no_positive_signal,1,1.0,0.3,0.2,0.25,0.3,0.4,0.25,0.3,0.168,0.04,0.26785714285714285,0.0,0.85,,,,1,1,1,739.0,0.0007936373477672532,1.0,0.5,0.3,0.7236666666666667,0.2,1.0,0.7,45.0,1.0,0.9,0.8,1.0,1.0,-0.71,1.0,1.0,0.4,0.6,0.0,0.5,0.9,0.7200000000000001,1.0,1.0,0.88,0.88,0.7,1,1.0,0.15,0.35,0.45,0.0,0.0,0.0,0.3075,0.3075,1.0,0.5,0.23809523809523808,0.16666666666666666,0.72,0.3,0.26785714285714285,0.10400000000000001,0.1,,,,,0.7265,74.3386,0.0,0.4102,0.28,0.1956,15.1929
NCT03045653,Efficacy and Safety of High Dose Tamoxifen to Advanced Hormone Receptor-High Expressed Endocrine Therapy Resisted Breast Cancer,COMPLETED,tamoxifen,ESR1,small_molecule,breast cancer,True,2017.0,1,1,1,completed+positive_text+results,1,1.0,0.97,0.85,0.88,0.98,0.4,0.8,0.93,1.0,1.0,0.8296763576522216,0.0,0.88,,,,0,1,0,714.0,0.0007699285714285715,1.0,1.0,1.0,0.78365,0.15,1.0,0.7,40.0,1.0,0.8,0.85,1.0,1.0,-0.58,1.0,1.0,0.4,0.6,0.0,0.5,0.8,0.6400000000000001,1.0,1.0,0.86,0.86,0.7,1,1.0,0.1,0.25,0.35,0.0,0.0,0.9459124999999999,0.0,0.9459124999999999,0.0,0.0,1.0,0.7,0.988,0.97,0.8296763576522216,1.0,0.425,0.5,0.3,0.7,0.8,0.9255,72.219,0.295,0.8171,0.3838,0.9059,15.0163
NCT00788957,"A Randomized, Phase 1b/2 Trial of AMG 102 or AMG 479 in Combination With Panitumumab Versus Panitumumab Alone in Subject With Wild-Type KRAS Metastatic Colorectal Cancer",COMPLETED,panitumumab,EGFR,antibody,colorectal cancer,True,2008.0,0,0,0,completed+results+no_positive_signal,1,1.0,0.72,0.55,0.65,0.75,0.4,0.55,0.7,1.0,1.0,0.5960482985729967,0.0,0.9,,,,0,1,0,774.0,0.0007825607235142119,1.0,1.0,1.0,0.6139,0.1,1.0,0.7,56.0,1.0,1.0,0.85,1.0,1.0,-0.82,1.0,1.0,0.4,0.6,0.0,0.5,0.95,0.76,1.0,1.0,0.9,0.9,0.8,1,1.0,0.2,0.3,0.4,0.0,0.0,0.0,0.295,0.295,1.0,0.0,1.0,0.7,0.8879999999999999,0.72,0.5960482985729967,1.0,0.275,0.5,0.3,0.7,0.8,0.85,78.1316,0.295,0.7526,0.3362,0.8592,16.1552
NCT01469546,"Phase II Trial Evaluating Axitinib (AG-013736) In Patients With Unresectable, Recurrent Or Metastatic Head And Neck Cancer",COMPLETED,axitinib,VEGFR2,small_molecule,hnscc,True,2012.0,0,0,0,completed+results+no_positive_signal,1,1.0,0.3,0.2,0.25,0.3,0.4,0.25,0.3,0.03,0.02,0.8333333333333334,0.0,0.55,,,,1,1,0,606.0,0.0007355808580858086,1.0,0.5,0.0,0.0,0.2,1.0,0.7,7.0,0.35,0.14,0.5,0.5,0.5,-0.31,0.5,0.0,0.4,0.6,0.0,0.5,0.4,0.32000000000000006,0.9,1.0,0.3,0.3,0.7,1,1.0,0.2,0.3,0.4,0.0,0.0,0.33,0.0,0.33,0.0,0.5,0.6666666666666667,0.4666666666666667,0.32999999999999996,0.3,0.8333333333333334,0.025,0.1,0.5,0.3,0.7,0.8,0.4125,60.835,0.295,0.211,0.28,0.4364,12.4275
NCT00940342,Rituximab In Combination With Sargramostim (GM-CSF) In Patients With Chronic Lymphocytic Leukemia (CLL),COMPLETED,rituximab,MS4A1,antibody,leukemia,True,2004.0,0,0,0,completed+results+no_positive_signal,1,1.0,0.85,0.62,0.68,0.9,0.4,0.65,0.82,0.013,0.01,0.3846153846153846,0.0,0.65,,,,0,1,0,525.0,0.0006596552380952381,1.0,0.5,0.0,0.0,0.05,0.44,0.7,11.0,0.55,0.22,0.6,0.5,0.5,-0.44,0.5,0.0,0.4,0.6,0.0,0.5,0.68,0.544,0.9,1.0,0.73,0.73,0.8,1,1.0,0.25,0.35,0.65,0.0,0.0,0.0,0.3075,0.3075,1.0,0.5,0.7692307692307693,0.5384615384615384,0.67,0.85,0.3846153846153846,0.0115,0.31,0.5,0.3,0.7,0.8,0.5815,52.8725,0.295,0.3529,0.3515,0.3812,10.9108
NCT01637402,A Phase II Study of Increased-Dose Abiraterone Acetate in Patients With Castration Resistant Prostate Cancer (CRPC),COMPLETED,abiraterone,CYP17A1,small_molecule,prostate cancer,True,2013.0,0,0,0,completed+results+no_positive_signal,1,1.0,0.9,0.65,0.7,0.95,0.4,0.72,0.85,0.24,0.11,0.53125,0.0,0.7,,,,0,1,0,682.0,0.0007660322580645161,1.0,1.0,1.0,0.6927,0.05,0.34,0.7,3.0,0.15,0.06,0.65,0.5,0.5,-0.71,1.0,1.0,0.4,0.6,0.0,0.5,0.62,0.496,0.8,0.9,0.77,0.77,0.7,1,1.0,0.1,0.15,0.25,0.0,0.0,0.883175,0.0,0.883175,0.0,0.0,0.45833333333333337,0.32083333333333336,0.45000000000000007,0.9,0.53125,0.175,0.325,0.5,0.3,0.7,0.8,0.601,68.9889,0.295,0.3025,0.3608,0.3593,14.1281
NCT00942877,Phase II Study of Cediranib (AZD2171) in Patients With Alveolar Soft Part Sarcoma,COMPLETED,unmapped,UNKNOWN,unknown,cancer nos,True,2009.0,1,1,1,completed+positive_text+results,0,0.0,0.0,0.0,0.0,0.0,0.0,0.0,0.0,0.0,0.0,0.0,0.0,0.0,,,,1,1,0,0.0,0.0,0.0,0.0,0.0,0.0,0.0,0.0,0.0,0.0,0.0,0.0,0.0,0.0,0.0,0.0,0.0,0.0,0.4,0.5,0.0,0.5,0.0,0.0,0.0,0.0,0.0,0.0,0.3,0,0.0,0.2,0.3,0.4,0.0,0.0,0.0,0.0,0.0,0.0,1.0,0.0,0.0,0.0,0.0,0.0,0.0,0.0,0.5,0.3,0.7,0.8,0.0,0.0,0.295,0.0,0.22,0.0,0.0625
NCT01125176,A Phase II Study of Daily Alternating Thalidomide and Lenalidomide Therapy Plus Rituximab (ThRiL) as Initial Treatment for Patients With CLL,COMPLETED,rituximab,MS4A1,antibody,leukemia,True,2012.0,0,0,0,completed+results+no_positive_signal,1,1.0,0.85,0.62,0.68,0.9,0.4,0.65,0.82,0.013,0.01,0.3846153846153846,0.0,0.65,,,,0,1,0,525.0,0.0006596552380952381,1.0,0.5,0.0,0.0,0.05,0.44,0.7,11.0,0.55,0.22,0.6,0.5,0.5,-0.44,0.5,0.0,0.4,0.6,0.0,0.5,0.68,0.544,0.9,1.0,0.73,0.73,0.8,1,1.0,0.25,0.35,0.65,0.0,0.0,0.0,0.3075,0.3075,1.0,0.5,0.7692307692307693,0.5384615384615384,0.67,0.85,0.3846153846153846,0.0115,0.31,0.5,0.3,0.7,0.8,0.5815,52.8725,0.295,0.3529,0.3515,0.3812,10.9108
NCT01138046,"An Open-label, Single-arm, Phase I/II Study of Lapatinib in Combination With Weekly Paclitaxel as First-line Chemotherapy for ErbB2-overexpressing Metastatic Breast Cancer Patients",COMPLETED,lapatinib,ERBB2,small_molecule,breast cancer,True,2010.0,1,1,1,completed+positive_text+results,1,1.0,0.95,0.88,0.85,0.98,0.4,0.8,0.92,1.0,1.0,0.44339622641509435,0.0,0.85,,,,0,1,0,739.0,0.0007936373477672532,1.0,0.5,0.3,0.7236666666666667,0.2,1.0,0.7,45.0,1.0,0.9,0.8,1.0,1.0,-0.71,1.0,1.0,0.4,0.6,0.0,0.5,0.9,0.7200000000000001,1.0,1.0,0.88,0.88,0.7,1,1.0,0.15,0.35,0.45,0.0,0.0,0.0,0.3075,0.3075,1.0,0.5,1.0,0.7,0.98,0.95,0.44339622641509435,1.0,0.44,0.5,0.3,0.7,0.8,0.9185,74.5055,0.295,0.824,0.386,0.8287,15.4658
NCT03088878,"A Phase 1b/2 Study of the ROR1-Targeting Monoclonal Antibody, Cirmtuzumab (UC-961), and the Bruton Tyrosine Kinase Inhibitor, Ibrutinib, in Patients With B-Cell Lymphoid Malignancies",COMPLETED,ibrutinib,BTK,small_molecule,leukemia,True,2018.0,0,0,0,completed+results+no_positive_signal,1,1.0,0.92,0.72,0.78,0.95,0.4,0.68,0.88,1.0,0.72,1.0,0.0,0.65,,,,0,1,0,529.0,0.0007996710775047259,1.0,0.5,0.1,0.796,0.05,1.0,0.7,14.0,0.7,0.28,0.6,1.0,1.0,-0.65,1.0,1.0,0.4,0.6,0.0,0.5,0.75,0.6000000000000001,0.9,1.0,0.77,0.77,0.7,1,1.0,0.3,0.4,0.65,0.0,0.0,0.554,0.0,0.554,0.0,0.5,0.72,0.504,0.788,0.92,1.0,0.86,0.36,0.5,0.3,0.7,0.8,0.8385,53.4714,0.295,0.6626,0.362,0.8098,11.2012
NCT02176213,"A Phase II Study of Pomalidomide, Daily Low Dose Oral Cyclophosphamide, and Dexamethasone in Relapsed/Refractory Multiple Myeloma",COMPLETED,pomalidomide,CRBN,small_molecule,multiple myeloma,True,2014.0,1,1,1,completed+positive_text+approved,1,1.0,0.3,0.2,0.25,0.3,0.4,0.25,0.3,0.2,0.05,0.875,0.0,0.4,,,,1,1,0,630.0,0.0008394936507936509,1.0,0.5,0.0,0.0,0.05,0.32,0.7,1.0,0.05,0.02,0.35,0.5,0.5,-0.55,1.0,1.0,0.4,0.6,0.0,0.5,0.55,0.44000000000000006,0.6,0.7,0.58,0.58,0.7,1,1.0,0.3,0.4,0.55,0.1,0.0,0.27,0.0,0.27,0.0,0.5,0.25,0.175,0.15,0.3,0.875,0.125,0.1,0.5,0.3,0.7,0.8,0.3965,63.2775,0.295,0.13,0.28,0.3313,12.8853
NCT03023046,"A Phase II Study of Dose-Adjusted Etoposide, Prednisone, Vincristine, Cyclophosphamide, and Doxorubicin (DA-EPOCH) as Front-Line Therapy for Adults With Acute Lymphoblastic Leukemia/Lymphoma",COMPLETED,imatinib,ABL1,small_molecule,leukemia,False,2017.0,0,0,0,completed+results+no_positive_signal,1,1.0,0.97,0.88,0.9,0.98,0.4,0.72,0.93,1.0,1.0,0.802469135802469,0.0,0.8,,,,0,1,1,399.0,0.0007217443609022556,0.798,1.0,1.0,0.5742,0.1,1.0,0.7,13.0,0.65,0.26,0.75,1.0,1.0,-0.77,1.0,1.0,0.4,0.6,0.0,0.5,0.9,0.7200000000000001,1.0,1.0,0.84,0.84,0.7,1,1.0,0.2,0.25,0.35,0.0,0.0,0.8935500000000001,0.0,0.8935500000000001,0.0,0.0,1.0,0.7,0.778,0.97,0.802469135802469,1.0,0.44,,,,,0.914,40.6851,0.0,0.7126,0.378,0.9005,8.6548
NCT00376961,A Phase II Study of Combination Rituximab-CHOP and Bortezomib (Velcade®) (R-CHOP-V) Induction Therapy Followed by Bortezomib Maintenance (VM) Therapy for Patients With Newly Diagnosed Mantle Cell Lymphoma,COMPLETED,rituximab,MS4A1,antibody,lymphoma,True,2006.0,0,0,0,completed+results+no_positive_signal,1,1.0,0.88,0.65,0.7,0.92,0.4,0.68,0.85,0.028,0.0,0.7142857142857142,0.0,0.65,,,,0,1,0,525.0,0.0006596552380952381,1.0,0.5,0.0,0.0,0.05,0.44,0.7,11.0,0.55,0.22,0.6,0.5,0.5,-0.44,0.5,0.0,0.4,0.6,0.0,0.5,0.68,0.544,0.9,1.0,0.73,0.73,0.8,1,1.0,0.25,0.35,0.65,0.0,0.0,0.0,0.3075,0.3075,1.0,0.5,0.0,0.0,0.682,0.88,0.7142857142857142,0.014,0.325,0.5,0.3,0.7,0.8,0.589,52.8785,0.295,0.3606,0.3568,0.1506,10.8931
NCT01983878,A Phase 2 Study of Ramucirumab in the Treatment of Metastatic Gastric or Gastroesophageal Junction Adenocarcinoma Following Disease Progression on First Line Platinum- or Fluoropyrimidine-Containing Combination Therapy in Japanese Patients,COMPLETED,ramucirumab,KDR,antibody,gastric cancer,True,2013.0,0,0,0,completed+results+no_positive_signal,1,1.0,0.3,0.2,0.25,0.3,0.4,0.25,0.3,0.035,0.0,0.42857142857142855,0.0,0.6,,,,1,1,0,606.0,0.0007355808580858086,1.0,1.0,0.7,0.5514285714285714,0.2,1.0,0.7,7.0,0.35,0.14,0.55,0.0,0.0,0.0,0.0,0.0,0.4,0.6,0.0,0.5,0.72,0.576,0.8,0.9,0.71,0.71,0.8,1,1.0,0.2,0.3,0.5,0.0,0.0,0.0,0.295,0.295,1.0,0.0,0.0,0.0,0.32999999999999996,0.3,0.42857142857142855,0.0175,0.1,0.5,0.3,0.7,0.8,0.218,61.0727,0.295,0.2087,0.28,0.0953,12.3918
NCT00089635,"A Phase 2 Multicenter Single Arm Clinical Trial of ABX-EGF Monotherapy in Subjects With Metastatic Colorectal Cancer Whose Tumors Express Low or Negative EGFr Levels of Immunohistochemistry Following Treatment With Fluoropyrimidine, Irinotecan, and Oxaliplatin Chemotherapy",COMPLETED,panitumumab,EGFR,antibody,colorectal cancer,True,2004.0,0,0,0,completed+results+no_positive_signal,1,1.0,0.72,0.55,0.65,0.75,0.4,0.55,0.7,1.0,1.0,0.5960482985729967,0.0,0.9,,,,0,1,0,774.0,0.0007825607235142119,1.0,1.0,1.0,0.6139,0.1,1.0,0.7,56.0,1.0,1.0,0.85,1.0,1.0,-0.82,1.0,1.0,0.4,0.6,0.0,0.5,0.95,0.76,1.0,1.0,0.9,0.9,0.8,1,1.0,0.2,0.3,0.4,0.0,0.0,0.0,0.295,0.295,1.0,0.0,1.0,0.7,0.8879999999999999,0.72,0.5960482985729967,1.0,0.275,0.5,0.3,0.7,0.8,0.85,78.1316,0.295,0.7526,0.3362,0.8592,16.1552
NCT05553808,"A Phase II, Randomized, Open-label Platform Trial Utilizing a Master Protocol to Study Novel Regimens Versus Standard of Care Treatment in NSCLC Participants",COMPLETED,docetaxel,TUBB,small_molecule,cancer nos,True,2019.0,0,0,0,completed+results+no_positive_signal,1,1.0,0.3,0.2,0.25,0.3,0.4,0.25,0.3,0.0,0.0,0.0,0.0,0.43,,,,1,1,0,715.0,0.000807165034965035,1.0,1.0,1.0,0.5950000000000001,0.05,0.7,0.7,17.0,0.85,0.34,0.38,0.0,0.0,0.0,0.0,0.0,0.0,0.0,0.0,0.0,0.55,0.44000000000000006,0.6,0.7,0.59,0.59,0.7,1,1.0,0.2,0.3,0.4,0.0,0.0,0.8187500000000001,0.0,0.8187500000000001,0.0,0.0,0.0,0.0,0.63,0.3,0.0,0.0,0.1,0.5,0.3,0.7,0.8,0.178,72.0168,0.295,0.3085,0.04,0.0,14.5451
NCT01057017,Panitumumab and Bevacizumab Maintenance After First-Line FOLFOX-Bevacizumab for Patients With Advanced Colorectal Cancer With Wild-Type Ras,TERMINATED,unmapped,UNKNOWN,unknown,colorectal cancer,True,2010.0,0,0,0,terminated+efficacy,0,0.0,0.0,0.0,0.0,0.0,0.0,0.0,0.0,0.0,0.0,0.0,0.0,0.0,,,,1,1,0,0.0,0.0,0.0,0.0,0.0,0.0,0.0,0.0,0.0,0.0,0.0,0.0,0.0,0.0,0.0,0.0,0.0,0.0,0.4,0.5,0.0,0.5,0.0,0.0,0.0,0.0,0.0,0.0,0.3,0,0.0,0.2,0.3,0.4,0.0,0.0,0.0,0.0,0.0,0.0,1.0,0.0,0.0,0.0,0.0,0.0,0.0,0.0,0.5,0.3,0.7,0.8,0.0,0.0,0.295,0.0,0.22,0.0,0.0625
NCT04056910,Phase II Study of IDH1 Inhibitor Ivosidenib and Nivolumab in IDH1 Mutant Gliomas and Advanced Solid Tumors,COMPLETED,nivolumab,PDCD1,antibody,solid tumors,True,2021.0,0,0,0,completed+results+no_positive_signal,1,1.0,0.3,0.2,0.25,0.3,0.4,0.25,0.3,0.019,0.0,1.0,0.0,0.5,,,,1,1,0,837.0,0.0007509342891278374,1.0,1.0,0.6,0.6553333333333333,0.05,0.36,0.7,9.0,0.45,0.18,0.45,0.5,0.5,-0.15,0.0,0.0,0.4,0.6,0.0,0.5,0.6,0.48,0.9,1.0,0.65,0.65,0.8,1,1.0,0.85,0.8,0.85,1.0,1.0,0.0,0.62,0.62,1.0,0.0,0.0,0.0,0.39,0.3,1.0,0.0095,0.1,0.5,0.3,0.7,0.8,0.42,84.1658,0.295,0.2034,0.28,0.2052,17.0709
NCT01027910,Phase I/II Study of PCI-24781 in Combination With Doxorubicin for Treatment of Advanced Sarcomas Following Failure or Prior Anthracycline Therapy,COMPLETED,doxorubicin,TOP2A,small_molecule,cancer nos,True,2009.0,0,0,0,completed+results+no_positive_signal,1,1.0,0.3,0.2,0.25,0.3,0.4,0.25,0.3,0.0,0.0,0.0,0.0,0.63,,,,1,1,0,1111.0,0.000882019801980198,1.0,0.5,0.0,0.0,0.05,0.74,0.7,4.0,0.2,0.08,0.58,0.0,0.0,-0.94,1.0,0.0,0.4,0.6,0.0,0.5,0.72,0.576,0.8,0.9,0.73,0.73,0.7,1,1.0,0.2,0.25,0.35,0.0,0.0,0.31000000000000005,0.0,0.31000000000000005,0.0,0.5,0.0,0.0,0.24,0.3,0.0,0.0,0.1,0.5,0.3,0.7,0.8,0.225,111.3775,0.295,0.133,0.28,0.0,22.4299
NCT02471313,A Pilot Study of an Integrated Imaging Strategy to Phenotype Progression of Liver Tumors During and After Chemoembolization,COMPLETED,unmapped,UNKNOWN,unknown,hepatocellular carcinoma,True,2015.0,1,1,1,completed+positive_text+results,0,0.0,0.0,0.0,0.0,0.0,0.0,0.0,0.0,0.0,0.0,0.0,0.0,0.0,,,,1,1,0,0.0,0.0,0.0,0.0,0.0,0.0,0.0,0.0,0.0,0.0,0.0,0.0,0.0,0.0,0.0,0.0,0.0,0.0,0.4,0.5,0.0,0.5,0.0,0.0,0.0,0.0,0.0,0.0,0.3,0,0.0,0.2,0.3,0.4,0.0,0.0,0.0,0.0,0.0,0.0,1.0,0.0,0.0,0.0,0.0,0.0,0.0,0.0,0.5,0.3,0.7,0.8,0.0,0.0,0.295,0.0,0.22,0.0,0.0625
NCT02052960,"Randomized, Controlled, Open Label, Multicenter, Phase II Study to Evaluate the Efficacy and Safety of CetuGEX™ Plus CT in Comparison to Cetuximab Plus CT in Patients With Stage III/IV Recurrent and/or Metastatic SCCHN",COMPLETED,cetuximab,EGFR,antibody,hnscc,True,2014.0,0,0,0,completed+results+no_positive_signal,1,1.0,0.3,0.2,0.25,0.3,0.4,0.25,0.3,1.0,0.67,0.5491329479768786,0.0,0.9,,,,1,1,0,774.0,0.0007825607235142119,1.0,1.0,1.0,0.6139,0.1,1.0,0.7,56.0,1.0,1.0,0.85,1.0,1.0,-0.82,1.0,1.0,0.4,0.6,0.0,0.5,0.95,0.76,1.0,1.0,0.9,0.9,0.8,1,1.0,0.2,0.3,0.4,0.0,0.0,0.0,0.295,0.295,1.0,0.0,0.67,0.469,0.72,0.3,0.5491329479768786,0.835,0.1,0.5,0.3,0.7,0.8,0.7375,78.0221,0.295,0.6095,0.28,0.6964,16.0518
NCT00253370,A Phase II Study to Evaluate Overall Response Rate of BAY 43-9006 (Sorafenib) Combined With Docetaxel and Cisplatin or Oxaliplatin in the Treatment of Metastatic or Advanced Unresectable Gastric and Gastroesophageal Junction (GEJ) Adenocarcinoma,COMPLETED,cisplatin,DNA,small_molecule,gastric cancer,True,2005.0,0,0,0,completed+results+no_positive_signal,1,1.0,0.3,0.2,0.25,0.3,0.4,0.25,0.3,1.0,0.61,0.5149934810951761,0.0,0.3,,,,1,1,0,578.0,0.0007351176470588234,1.0,1.0,1.0,0.5889090909090909,0.05,0.28,0.7,10.0,0.5,0.2,0.2,0.0,0.0,0.0,0.0,0.0,0.4,0.6,0.0,0.5,0.4,0.32000000000000006,0.2,0.3,0.3,0.3,0.7,1,1.0,0.2,0.3,0.4,0.0,0.0,0.7372272727272728,0.0,0.7372272727272728,0.0,0.0,0.61,0.427,0.42,0.3,0.5149934810951761,0.8049999999999999,0.1,0.5,0.3,0.7,0.8,0.1325,58.3158,0.295,0.4555,0.28,0.6616,11.9251
NCT01051570,Phase II Trial of Carboplatin and Everolimus (RAD001) in Metastatic Castrate Resistant Prostate Cancer (CRPC) Pretreated With Docetaxel Chemotherapy.,COMPLETED,carboplatin,DNA,small_molecule,prostate cancer,True,2010.0,0,0,0,completed+results+no_positive_signal,1,1.0,0.3,0.2,0.25,0.3,0.4,0.25,0.3,1.0,1.0,0.5345474022495983,0.0,0.3,,,,1,1,0,578.0,0.0007351176470588234,1.0,1.0,1.0,0.5889090909090909,0.05,0.28,0.7,10.0,0.5,0.2,0.2,0.0,0.0,0.0,0.0,0.0,0.4,0.6,0.0,0.5,0.4,0.32000000000000006,0.2,0.3,0.3,0.3,0.7,1,1.0,0.2,0.3,0.4,0.0,0.0,0.7372272727272728,0.0,0.7372272727272728,0.0,0.0,1.0,0.7,0.42,0.3,0.5345474022495983,1.0,0.1,0.5,0.3,0.7,0.8,0.1325,58.3158,0.295,0.514,0.28,0.8469,11.9553
NCT00410813,Phase II Studies of Two Different Schedules of Dasatinib (NSC-732517) in Bone Metastasis Predominant Metastatic Breast Cancer,COMPLETED,dasatinib,ABL1,small_molecule,breast cancer,True,2007.0,0,0,0,completed+results+no_positive_signal,1,1.0,0.3,0.2,0.25,0.3,0.4,0.25,0.3,0.036,0.01,0.7638888888888888,0.0,0.8,,,,1,1,0,399.0,0.0007217443609022556,0.798,1.0,1.0,0.5742,0.1,1.0,0.7,13.0,0.65,0.26,0.75,1.0,1.0,-0.77,1.0,1.0,0.4,0.6,0.0,0.5,0.9,0.7200000000000001,1.0,1.0,0.84,0.84,0.7,1,1.0,0.2,0.25,0.35,0.0,0.0,0.8935500000000001,0.0,0.8935500000000001,0.0,0.0,0.2777777777777778,0.19444444444444445,0.51,0.3,0.7638888888888888,0.023,0.1,0.5,0.3,0.7,0.8,0.7145,40.5161,0.295,0.2714,0.28,0.2718,8.4348
NCT02718820,Immunomodulation of Pembrolizumab Plus Docetaxel for the Treatment of Recurrent or Metastatic (R/M) Squamous Cell Carcinoma of the Head and Neck (HNSCC) After Platinum Failure,COMPLETED,pembrolizumab,PDCD1,antibody,hnscc,True,2016.0,0,0,0,completed+results+no_positive_signal,1,1.0,0.3,0.2,0.25,0.3,0.4,0.25,0.3,0.017,0.0,1.0,0.0,0.5,,,,1,1,0,837.0,0.0007509342891278374,1.0,1.0,0.6,0.6553333333333333,0.05,0.36,0.7,9.0,0.45,0.18,0.45,0.5,0.5,-0.15,0.0,0.0,0.4,0.6,0.0,0.5,0.6,0.48,0.9,1.0,0.65,0.65,0.8,1,1.0,0.85,0.8,0.85,1.0,1.0,0.0,0.62,0.62,1.0,0.0,0.0,0.0,0.39,0.3,1.0,0.0085,0.1,0.5,0.3,0.7,0.8,0.42,84.1658,0.295,0.2031,0.28,0.2047,17.0707
NCT02547662,"Phase 2 Trial of Pomalidomide, Ixazomib and Dexamethasone in Patients With Multiple Myeloma With Extramedullary Disease or Plasma Cell Leukemia",COMPLETED,pomalidomide,CRBN,small_molecule,leukemia,True,2015.0,0,0,0,completed+results+no_positive_signal,1,1.0,0.3,0.2,0.25,0.3,0.4,0.25,0.3,0.06,0.0,1.0,0.0,0.4,,,,1,1,0,630.0,0.0008394936507936509,1.0,0.5,0.0,0.0,0.05,0.32,0.7,1.0,0.05,0.02,0.35,0.5,0.5,-0.55,1.0,1.0,0.4,0.6,0.0,0.5,0.55,0.44000000000000006,0.6,0.7,0.58,0.58,0.7,1,1.0,0.3,0.4,0.55,0.1,0.0,0.27,0.0,0.27,0.0,0.5,0.0,0.0,0.15,0.3,1.0,0.03,0.1,0.5,0.3,0.7,0.8,0.3965,63.2775,0.295,0.1015,0.28,0.2165,12.8681
NCT00439270,Phase I/II Study of Dasatinib and Docetaxel in Metastatic Hormone Refractory Prostate Cancer,COMPLETED,dasatinib,ABL1,small_molecule,prostate cancer,True,2007.0,0,0,0,completed+results+no_positive_signal,1,1.0,0.3,0.2,0.25,0.3,0.4,0.25,0.3,0.017,0.0,0.7352941176470588,0.0,0.8,,,,1,1,0,399.0,0.0007217443609022556,0.798,1.0,1.0,0.5742,0.1,1.0,0.7,13.0,0.65,0.26,0.75,1.0,1.0,-0.77,1.0,1.0,0.4,0.6,0.0,0.5,0.9,0.7200000000000001,1.0,1.0,0.84,0.84,0.7,1,1.0,0.2,0.25,0.35,0.0,0.0,0.8935500000000001,0.0,0.8935500000000001,0.0,0.0,0.0,0.0,0.51,0.3,0.7352941176470588,0.0085,0.1,0.5,0.3,0.7,0.8,0.7145,40.5161,0.295,0.2671,0.28,0.1517,8.4219
NCT00400569,Phase II Open-Label Study of Sunitinib Malate (SU011248) in Adult Patients With Metastatic and/or Surgically Unresectable Soft Tissue Sarcoma,COMPLETED,sunitinib,VEGFR2,small_molecule,cancer nos,True,2006.0,0,0,0,completed+results+no_positive_signal,1,1.0,0.3,0.2,0.25,0.3,0.4,0.25,0.3,0.0,0.0,0.0,0.0,0.55,,,,1,1,0,606.0,0.0007355808580858086,1.0,0.5,0.0,0.0,0.2,1.0,0.7,7.0,0.35,0.14,0.5,0.5,0.5,-0.31,0.5,0.0,0.4,0.6,0.0,0.5,0.4,0.32000000000000006,0.9,1.0,0.3,0.3,0.7,1,1.0,0.2,0.3,0.4,0.0,0.0,0.33,0.0,0.33,0.0,0.5,0.0,0.0,0.32999999999999996,0.3,0.0,0.0,0.1,0.5,0.3,0.7,0.8,0.4125,60.835,0.295,0.2035,0.28,0.0,12.3823
NCT01083641,A Phase II Study of High Dose Estradiol in Metastatic Triple Negative Breast Cancer,TERMINATED,unmapped,UNKNOWN,unknown,breast cancer,True,2010.0,0,0,0,terminated+efficacy,0,0.0,0.0,0.0,0.0,0.0,0.0,0.0,0.0,0.0,0.0,0.0,0.0,0.0,,,,1,1,0,0.0,0.0,0.0,0.0,0.0,0.0,0.0,0.0,0.0,0.0,0.0,0.0,0.0,0.0,0.0,0.0,0.0,0.0,0.4,0.5,0.0,0.5,0.0,0.0,0.0,0.0,0.0,0.0,0.3,0,0.0,0.2,0.3,0.4,0.0,0.0,0.0,0.0,0.0,0.0,1.0,0.0,0.0,0.0,0.0,0.0,0.0,0.0,0.5,0.3,0.7,0.8,0.0,0.0,0.295,0.0,0.22,0.0,0.0625
NCT01853748,A Randomized Phase II Study of Trastuzumab Emtansine (T-DM1) vs. Paclitaxel in Combination With Trastuzumab for Stage I HER2-Positive Breast Cancer (ATEMPT Trial),COMPLETED,trastuzumab,ERBB2,antibody,breast cancer,True,2013.0,1,1,1,completed+positive_text+results,1,1.0,0.95,0.88,0.85,0.98,0.4,0.8,0.92,1.0,1.0,0.44339622641509435,0.0,0.85,,,,0,1,0,739.0,0.0007936373477672532,1.0,0.5,0.3,0.7236666666666667,0.2,1.0,0.7,45.0,1.0,0.9,0.8,1.0,1.0,-0.71,1.0,1.0,0.4,0.6,0.0,0.5,0.9,0.7200000000000001,1.0,1.0,0.88,0.88,0.8,1,1.0,0.15,0.35,0.45,0.0,0.0,0.0,0.3075,0.3075,1.0,0.5,1.0,0.7,0.98,0.95,0.44339622641509435,1.0,0.44,0.5,0.3,0.7,0.8,0.9185,74.5055,0.295,0.824,0.386,0.8287,15.4658
NCT00374868,"Phase 1/2 Study of Biweekly ALIMTA Plus Cisplatin in Patients With Locally, Advanced, Non-Resectable or Metastatic Urothelial Cancer",COMPLETED,cisplatin,DNA,small_molecule,cancer nos,True,2006.0,0,0,0,completed+results+no_positive_signal,1,1.0,0.3,0.2,0.25,0.3,0.4,0.25,0.3,0.0,0.0,0.0,0.0,0.3,,,,1,1,0,578.0,0.0007351176470588234,1.0,1.0,1.0,0.5889090909090909,0.05,0.28,0.7,10.0,0.5,0.2,0.2,0.0,0.0,0.0,0.0,0.0,0.4,0.6,0.0,0.5,0.4,0.32000000000000006,0.2,0.3,0.3,0.3,0.7,1,1.0,0.2,0.3,0.4,0.0,0.0,0.7372272727272728,0.0,0.7372272727272728,0.0,0.0,0.0,0.0,0.42,0.3,0.0,0.0,0.1,0.5,0.3,0.7,0.8,0.1325,58.3158,0.295,0.214,0.28,0.0,11.8106
NCT04534218,"Regorafenib in Combination With Metronomic Cyclophosphamide, Capecitabine, and Low-dose Aspirin in Metastatic Colorectal Cancer Carcinoma An Open-label Phase II",COMPLETED,regorafenib,VEGFR2,small_molecule,colorectal cancer,True,2020.0,1,1,1,completed+positive_text+approved,1,1.0,0.3,0.2,0.25,0.3,0.4,0.25,0.3,0.278,0.24,0.5665467625899281,0.0,0.55,,,,1,1,0,606.0,0.0007355808580858086,1.0,0.5,0.0,0.0,0.2,1.0,0.7,7.0,0.35,0.14,0.5,0.5,0.5,-0.31,0.5,0.0,0.4,0.6,0.0,0.5,0.4,0.32000000000000006,0.9,1.0,0.3,0.3,0.7,1,1.0,0.2,0.3,0.4,0.0,0.0,0.33,0.0,0.33,0.0,0.5,0.8633093525179855,0.6043165467625898,0.32999999999999996,0.3,0.5665467625899281,0.259,0.1,0.5,0.3,0.7,0.8,0.4125,60.835,0.295,0.2812,0.28,0.5444,12.4523
NCT00095680,"A 24-week, Open-label Extension Study of the Efficacy, Safety, and Tolerability of Oral SCIO-469 in Treatment of Relapsed Refractory Patients With Multiple Myeloma",COMPLETED,bortezomib,PSMB5,small_molecule,multiple myeloma,False,2004.0,1,1,1,completed+positive_text+approved,1,1.0,0.85,0.6,0.65,0.92,0.4,0.65,0.8,0.032,0.02,0.9375,0.0,0.45,,,,0,1,1,1170.0,0.0009419982905982905,1.0,1.0,1.0,0.6293333333333334,0.05,0.38,0.7,173.0,1.0,1.0,0.4,0.5,0.5,-0.83,1.0,1.0,0.4,0.6,0.0,0.5,0.65,0.52,0.8,0.9,0.62,0.62,0.7,1,1.0,0.25,0.3,0.45,0.0,0.0,0.8673333333333334,0.0,0.8673333333333334,0.0,0.0,0.625,0.4375,0.94,0.85,0.9375,0.026000000000000002,0.3,,,,,0.5285,117.7699,0.0,0.4758,0.35,0.4415,23.8779
NCT00094835,"An Open-label, Dose-finding Study to Evaluate the Safety and Pharmacokinetics (PK) of AMG 706 With Carboplatin/Paclitaxel, AMG 706 With Panitumumab and AMG 706 With Panitumumab and Carboplatin/Paclitaxel in the Treatment of Subjects With Advanced Non-Small Cell Lung Cancer (NSCLC)",COMPLETED,panitumumab,EGFR,antibody,nsclc,True,2005.0,1,1,1,completed+positive_text+results,1,1.0,0.92,0.85,0.8,0.95,0.4,0.75,0.9,1.0,1.0,0.8166677488474774,0.0,0.9,,,,0,1,0,774.0,0.0007825607235142119,1.0,1.0,1.0,0.6139,0.1,1.0,0.7,56.0,1.0,1.0,0.85,1.0,1.0,-0.82,1.0,1.0,0.4,0.6,0.0,0.5,0.95,0.76,1.0,1.0,0.9,0.9,0.8,1,1.0,0.2,0.3,0.4,0.0,0.0,0.0,0.295,0.295,1.0,0.0,1.0,0.7,0.968,0.92,0.8166677488474774,1.0,0.425,0.5,0.3,0.7,0.8,0.9175,78.1816,0.295,0.7986,0.3788,0.9033,16.2021
NCT02805725,Targeting Microenvironment and Cellular Immunity in Sarcomas Weekly Trabectedin Combined With Metronomic Cyclophosphamide (CP) in Patients With Advanced Pretreated Soft-tissue Sarcomas. A Phase I/II Study From the French Sarcoma Group.,COMPLETED,cyclophosphamide,DNA,small_molecule,cancer nos,True,2015.0,0,0,0,completed+results+no_positive_signal,1,1.0,0.3,0.2,0.25,0.3,0.4,0.25,0.3,0.0,0.0,0.0,0.0,0.3,,,,1,1,0,578.0,0.0007351176470588234,1.0,1.0,1.0,0.5889090909090909,0.05,0.28,0.7,10.0,0.5,0.2,0.2,0.0,0.0,0.0,0.0,0.0,0.4,0.6,0.0,0.5,0.4,0.32000000000000006,0.2,0.3,0.3,0.3,0.7,1,1.0,0.2,0.3,0.4,0.0,0.0,0.7372272727272728,0.0,0.7372272727272728,0.0,0.0,0.0,0.0,0.42,0.3,0.0,0.0,0.1,0.5,0.3,0.7,0.8,0.1325,58.3158,0.295,0.214,0.28,0.0,11.8106
NCT00534417,Phase II Trial of Capecitabine in Combination With Fulvestrant for Postmenopausal Women With Hormone Receptor Positive Metastatic Breast Cancer,COMPLETED,fulvestrant,ESR1,small_molecule,breast cancer,True,2007.0,0,0,0,completed+results+no_positive_signal,1,1.0,0.97,0.85,0.88,0.98,0.4,0.8,0.93,1.0,1.0,0.8296763576522216,0.0,0.88,,,,0,1,0,714.0,0.0007699285714285715,1.0,1.0,1.0,0.78365,0.15,1.0,0.7,40.0,1.0,0.8,0.85,1.0,1.0,-0.58,1.0,1.0,0.4,0.6,0.0,0.5,0.8,0.6400000000000001,1.0,1.0,0.86,0.86,0.7,1,1.0,0.1,0.25,0.35,0.0,0.0,0.9459124999999999,0.0,0.9459124999999999,0.0,0.0,1.0,0.7,0.988,0.97,0.8296763576522216,1.0,0.425,0.5,0.3,0.7,0.8,0.9255,72.219,0.295,0.8171,0.3838,0.9059,15.0163
NCT02500576,"Phase II Study of MK-3475 in Conjunction With Lymphodepletion, TIL, and High or Low Dose IL-2 in Patients With Metastatic Melanoma",COMPLETED,pembrolizumab,PDCD1,antibody,melanoma,True,2015.0,0,0,0,completed+results+no_positive_signal,1,1.0,0.9,0.65,0.7,0.95,0.4,0.72,0.88,0.073,0.0,1.0,0.0,0.5,,,,0,1,0,837.0,0.0007509342891278374,1.0,1.0,0.6,0.6553333333333333,0.05,0.36,0.7,9.0,0.45,0.18,0.45,0.5,0.5,-0.15,0.0,0.0,0.4,0.6,0.0,0.5,0.6,0.48,0.9,1.0,0.65,0.65,0.8,1,1.0,0.85,0.8,0.85,1.0,1.0,0.0,0.62,0.62,1.0,0.0,0.0,0.0,0.6300000000000001,0.9,1.0,0.0365,0.325,0.5,0.3,0.7,0.8,0.555,84.3233,0.295,0.3465,0.3608,0.2201,17.1783
NCT02119676,"A Randomized, Double-Blind Study of Ruxolitinib or Placebo in Combination With Regorafenib in Subjects With Relapsed or Refractory Metastatic Colorectal Cancer",TERMINATED,regorafenib,VEGFR2,small_molecule,colorectal cancer,True,2014.0,0,0,0,terminated+efficacy,1,1.0,0.3,0.2,0.25,0.3,0.4,0.25,0.3,0.278,0.24,0.5665467625899281,0.0,0.55,,,,1,1,0,606.0,0.0007355808580858086,1.0,0.5,0.0,0.0,0.2,1.0,0.7,7.0,0.35,0.14,0.5,0.5,0.5,-0.31,0.5,0.0,0.4,0.6,0.0,0.5,0.4,0.32000000000000006,0.9,1.0,0.3,0.3,0.7,1,1.0,0.2,0.3,0.4,0.0,0.0,0.33,0.0,0.33,0.0,0.5,0.8633093525179855,0.6043165467625898,0.32999999999999996,0.3,0.5665467625899281,0.259,0.1,0.5,0.3,0.7,0.8,0.4125,60.835,0.295,0.2812,0.28,0.5444,12.4523
NCT00134082,"Pilot Study of Rituximab, High Dose Cyclophosphamide, and GM-CSF Based Immunotherapy for Relapsed Hodgkin's Lymphoma",COMPLETED,rituximab,MS4A1,antibody,lymphoma,True,2005.0,0,0,0,completed+results+no_positive_signal,1,1.0,0.88,0.65,0.7,0.92,0.4,0.68,0.85,0.028,0.0,0.7142857142857142,0.0,0.65,,,,0,1,0,525.0,0.0006596552380952381,1.0,0.5,0.0,0.0,0.05,0.44,0.7,11.0,0.55,0.22,0.6,0.5,0.5,-0.44,0.5,0.0,0.4,0.6,0.0,0.5,0.68,0.544,0.9,1.0,0.73,0.73,0.8,1,1.0,0.25,0.35,0.65,0.0,0.0,0.0,0.3075,0.3075,1.0,0.5,0.0,0.0,0.682,0.88,0.7142857142857142,0.014,0.325,0.5,0.3,0.7,0.8,0.589,52.8785,0.295,0.3606,0.3568,0.1506,10.8931
NCT01197560,"A Phase 2/3, Multicenter, Randomized, Open-label Study to Compare the Efficacy and Safety of Lenalidomide (Revlimid ®) Versus Investigator's Choice in Patients With Relapsed or Refractory Diffuse Large B-cell Lymphoma",COMPLETED,rituximab,MS4A1,antibody,lymphoma,True,2010.0,0,0,0,completed+results+no_positive_signal,1,1.0,0.88,0.65,0.7,0.92,0.4,0.68,0.85,0.028,0.0,0.7142857142857142,0.0,0.65,,,,0,1,0,525.0,0.0006596552380952381,1.0,0.5,0.0,0.0,0.05,0.44,0.7,11.0,0.55,0.22,0.6,0.5,0.5,-0.44,0.5,0.0,0.4,0.6,0.0,0.5,0.68,0.544,0.9,1.0,0.73,0.73,0.8,1,1.0,0.25,0.35,0.65,0.0,0.0,0.0,0.3075,0.3075,1.0,0.5,0.0,0.0,0.682,0.88,0.7142857142857142,0.014,0.325,0.5,0.3,0.7,0.8,0.589,52.8785,0.295,0.3606,0.3568,0.1506,10.8931
NCT03248427,CORALLEEN: A Phase 2 Clinical Trial of Multi-agent Chemotherapy or Letrozole Plus Ribociclib (LEE011) as Neoadjuvant Treatment for Postmenopausal Patients With Luminal B/HER2-negative Breast Cancer.,COMPLETED,ribociclib,CDK4,small_molecule,breast cancer,True,2017.0,1,1,1,completed+positive_text+approved,1,1.0,0.88,0.72,0.75,0.92,0.4,0.68,0.82,1.0,1.0,1.0,0.0,0.65,,,,0,1,0,747.0,0.0007754163319946452,1.0,0.5,0.0,0.0,0.05,0.68,0.7,28.0,1.0,0.56,0.6,1.0,1.0,-0.74,1.0,1.0,0.4,0.6,0.0,0.5,0.72,0.576,0.8,0.9,0.74,0.74,0.7,1,1.0,0.2,0.3,0.4,0.0,0.0,0.31000000000000005,0.0,0.31000000000000005,0.0,0.5,1.0,0.7,0.952,0.88,1.0,1.0,0.36,0.5,0.3,0.7,0.8,0.8325,75.1285,0.295,0.7734,0.362,0.94,15.5663
NCT00900627,"A Phase I/II Multi-centre Study of AZD8931 in Combination With Weekly Paclitaxel to Assess the Safety, Tolerability, Pharmacokinetics and Efficacy in Patients With Advanced Solid Tumours and in a Selected Population With Low HER2-expressing Locally Recurrent and/or Metastatic Breast Cancer",COMPLETED,paclitaxel,TUBB,small_molecule,breast cancer,True,2009.0,0,0,0,completed+results+no_positive_signal,1,1.0,0.3,0.2,0.25,0.3,0.4,0.25,0.3,0.016,0.0,1.0,0.0,0.43,,,,1,1,0,715.0,0.000807165034965035,1.0,1.0,1.0,0.5950000000000001,0.05,0.7,0.7,17.0,0.85,0.34,0.38,0.0,0.0,0.0,0.0,0.0,0.0,0.0,0.0,0.0,0.55,0.44000000000000006,0.6,0.7,0.59,0.59,0.7,1,1.0,0.2,0.3,0.4,0.0,0.0,0.8187500000000001,0.0,0.8187500000000001,0.0,0.0,0.0,0.0,0.63,0.3,1.0,0.008,0.1,0.5,0.3,0.7,0.8,0.178,72.0168,0.295,0.3109,0.04,0.2044,14.566
NCT04495894,A Pilot Study of Biomarker Evaluation and Safety of Pre-Incisional Ketorolac for Patients Undergoing Surgical Resection for Non-Small Cell Lung Cancer and Renal Cell Carcinoma,TERMINATED,unmapped,UNKNOWN,unknown,nsclc,True,2020.0,0,0,0,terminated+negative_text,0,0.0,0.0,0.0,0.0,0.0,0.0,0.0,0.0,0.0,0.0,0.0,0.0,0.0,,,,1,1,0,0.0,0.0,0.0,0.0,0.0,0.0,0.0,0.0,0.0,0.0,0.0,0.0,0.0,0.0,0.0,0.0,0.0,0.0,0.4,0.5,0.0,0.5,0.0,0.0,0.0,0.0,0.0,0.0,0.3,0,0.0,0.2,0.3,0.4,0.0,0.0,0.0,0.0,0.0,0.0,1.0,0.0,0.0,0.0,0.0,0.0,0.0,0.0,0.5,0.3,0.7,0.8,0.0,0.0,0.295,0.0,0.22,0.0,0.0625
NCT00408603,"A Phase 2 Open-Label, Multicenter Study of SNS-595 Injection in Patients With Platinum-Resistant Ovarian Cancer",COMPLETED,unmapped,UNKNOWN,unknown,ovarian cancer,True,2006.0,1,1,1,completed+positive_text+results,0,0.0,0.0,0.0,0.0,0.0,0.0,0.0,0.0,0.0,0.0,0.0,0.0,0.0,,,,1,1,0,0.0,0.0,0.0,0.0,0.0,0.0,0.0,0.0,0.0,0.0,0.0,0.0,0.0,0.0,0.0,0.0,0.0,0.0,0.4,0.5,0.0,0.5,0.0,0.0,0.0,0.0,0.0,0.0,0.3,0,0.0,0.2,0.3,0.4,0.0,0.0,0.0,0.0,0.0,0.0,1.0,0.0,0.0,0.0,0.0,0.0,0.0,0.0,0.5,0.3,0.7,0.8,0.0,0.0,0.295,0.0,0.22,0.0,0.0625
NCT00130442,A Phase II Study of PI-88 With Dacarbazine in Patients With Metastatic Melanoma,COMPLETED,unmapped,UNKNOWN,unknown,melanoma,True,2005.0,1,1,1,completed+positive_text+results,0,0.0,0.0,0.0,0.0,0.0,0.0,0.0,0.0,0.0,0.0,0.0,0.0,0.0,,,,1,1,0,0.0,0.0,0.0,0.0,0.0,0.0,0.0,0.0,0.0,0.0,0.0,0.0,0.0,0.0,0.0,0.0,0.0,0.0,0.4,0.5,0.0,0.5,0.0,0.0,0.0,0.0,0.0,0.0,0.3,0,0.0,0.2,0.3,0.4,0.0,0.0,0.0,0.0,0.0,0.0,1.0,0.0,0.0,0.0,0.0,0.0,0.0,0.0,0.5,0.3,0.7,0.8,0.0,0.0,0.295,0.0,0.22,0.0,0.0625
NCT02060370,A Phase II Study of Alternative Sunitinib Scheduling in Patients With Metastatic Renal Cell Carcinoma (mRCC),COMPLETED,sunitinib,VEGFR2,small_molecule,renal cell carcinoma,True,2014.0,0,0,0,completed+results+no_positive_signal,1,1.0,0.3,0.2,0.25,0.3,0.4,0.25,0.3,0.2,0.17,0.45,0.0,0.55,,,,1,1,0,606.0,0.0007355808580858086,1.0,0.5,0.0,0.0,0.2,1.0,0.7,7.0,0.35,0.14,0.5,0.5,0.5,-0.31,0.5,0.0,0.4,0.6,0.0,0.5,0.4,0.32000000000000006,0.9,1.0,0.3,0.3,0.7,1,1.0,0.2,0.3,0.4,0.0,0.0,0.33,0.0,0.33,0.0,0.5,0.85,0.595,0.32999999999999996,0.3,0.45,0.185,0.1,0.5,0.3,0.7,0.8,0.4125,60.835,0.295,0.259,0.28,0.4893,12.4424
NCT00003631,High-Dose Chemo-Radiotherapy for Patients With Primary Refractory and Relapsed Hodgkin's Disease,COMPLETED,carboplatin,DNA,small_molecule,lymphoma,True,1998.0,0,0,0,completed+results+no_positive_signal,1,1.0,0.3,0.2,0.25,0.3,0.4,0.25,0.3,1.0,1.0,0.34801192063367575,0.0,0.3,,,,1,1,0,578.0,0.0007351176470588234,1.0,1.0,1.0,0.5889090909090909,0.05,0.28,0.7,10.0,0.5,0.2,0.2,0.0,0.0,0.0,0.0,0.0,0.4,0.6,0.0,0.5,0.4,0.32000000000000006,0.2,0.3,0.3,0.3,0.7,1,1.0,0.2,0.3,0.4,0.0,0.0,0.7372272727272728,0.0,0.7372272727272728,0.0,0.0,1.0,0.7,0.42,0.3,0.34801192063367575,1.0,0.1,0.5,0.3,0.7,0.8,0.1325,58.3158,0.295,0.514,0.28,0.8096,11.9516
NCT04332653,An Open-label Phase 1b/2a Study of NT-I7 (Efineptakin Alfa) in Combination With Pembrolizumab in Subjects With Relapsed/Refractory Advanced Solid Tumors,COMPLETED,pembrolizumab,PDCD1,antibody,nsclc,True,2020.0,1,1,1,completed+positive_text+results,1,1.0,0.92,0.68,0.72,0.95,0.4,0.75,0.88,0.03,0.0,1.0,0.0,0.5,,,,0,1,0,837.0,0.0007509342891278374,1.0,1.0,0.6,0.6553333333333333,0.05,0.36,0.7,9.0,0.45,0.18,0.45,0.5,0.5,-0.15,0.0,0.0,0.4,0.6,0.0,0.5,0.6,0.48,0.9,1.0,0.65,0.65,0.8,1,1.0,0.85,0.8,0.85,1.0,1.0,0.0,0.62,0.62,1.0,0.0,0.0,0.0,0.6380000000000001,0.92,1.0,0.015,0.34,0.5,0.3,0.7,0.8,0.5625,84.3253,0.295,0.3416,0.366,0.2083,17.1792
NCT02152137,"A Phase 2 Study of Efatutazone, an Oral PPAR Agonist, In Combination With Paclitaxel in Patients With Advanced Anaplastic Thyroid Cancer",COMPLETED,paclitaxel,TUBB,small_molecule,thyroid cancer,True,2014.0,0,0,0,completed+results+no_positive_signal,1,1.0,0.3,0.2,0.25,0.3,0.4,0.25,0.3,0.004,0.0,0.0,0.0,0.43,,,,1,1,0,715.0,0.000807165034965035,1.0,1.0,1.0,0.5950000000000001,0.05,0.7,0.7,17.0,0.85,0.34,0.38,0.0,0.0,0.0,0.0,0.0,0.0,0.0,0.0,0.0,0.55,0.44000000000000006,0.6,0.7,0.59,0.59,0.7,1,1.0,0.2,0.3,0.4,0.0,0.0,0.8187500000000001,0.0,0.8187500000000001,0.0,0.0,0.0,0.0,0.63,0.3,0.0,0.002,0.1,0.5,0.3,0.7,0.8,0.178,72.0168,0.295,0.3091,0.04,0.0011,14.5453
NCT01576588,Study of Rituximab in Addition to Glucocorticoid in Pretreated Elderly or Unfit Patients With Chronic B Lymphocytic Leukemia,COMPLETED,rituximab,MS4A1,antibody,leukemia,True,2011.0,0,0,0,completed+results+no_positive_signal,1,1.0,0.85,0.62,0.68,0.9,0.4,0.65,0.82,0.013,0.01,0.3846153846153846,0.0,0.65,,,,0,1,0,525.0,0.0006596552380952381,1.0,0.5,0.0,0.0,0.05,0.44,0.7,11.0,0.55,0.22,0.6,0.5,0.5,-0.44,0.5,0.0,0.4,0.6,0.0,0.5,0.68,0.544,0.9,1.0,0.73,0.73,0.8,1,1.0,0.25,0.35,0.65,0.0,0.0,0.0,0.3075,0.3075,1.0,0.5,0.7692307692307693,0.5384615384615384,0.67,0.85,0.3846153846153846,0.0115,0.31,0.5,0.3,0.7,0.8,0.5815,52.8725,0.295,0.3529,0.3515,0.3812,10.9108
NCT00599170,Rituximab Plus CHOP Given Every Two Weeks With Sargramostim in Patients With Newly Diagnosed Diffuse Large B-Cell Lymphoma,COMPLETED,rituximab,MS4A1,antibody,lymphoma,True,2008.0,1,1,1,completed+positive_text+approved,1,1.0,0.88,0.65,0.7,0.92,0.4,0.68,0.85,0.028,0.0,0.7142857142857142,0.0,0.65,,,,0,1,0,525.0,0.0006596552380952381,1.0,0.5,0.0,0.0,0.05,0.44,0.7,11.0,0.55,0.22,0.6,0.5,0.5,-0.44,0.5,0.0,0.4,0.6,0.0,0.5,0.68,0.544,0.9,1.0,0.73,0.73,0.8,1,1.0,0.25,0.35,0.65,0.0,0.0,0.0,0.3075,0.3075,1.0,0.5,0.0,0.0,0.682,0.88,0.7142857142857142,0.014,0.325,0.5,0.3,0.7,0.8,0.589,52.8785,0.295,0.3606,0.3568,0.1506,10.8931
NCT00495170,Phase II Concurrent Proton and Chemotherapy in Locally Advanced Stage IIIA/B Non-Small Cell Lung Cancer (NSCLC),COMPLETED,carboplatin,DNA,small_molecule,cancer nos,True,2006.0,0,0,0,completed+results+no_positive_signal,1,1.0,0.3,0.2,0.25,0.3,0.4,0.25,0.3,0.0,0.0,0.0,0.0,0.3,,,,1,1,0,578.0,0.0007351176470588234,1.0,1.0,1.0,0.5889090909090909,0.05,0.28,0.7,10.0,0.5,0.2,0.2,0.0,0.0,0.0,0.0,0.0,0.4,0.6,0.0,0.5,0.4,0.32000000000000006,0.2,0.3,0.3,0.3,0.7,1,1.0,0.2,0.3,0.4,0.0,0.0,0.7372272727272728,0.0,0.7372272727272728,0.0,0.0,0.0,0.0,0.42,0.3,0.0,0.0,0.1,0.5,0.3,0.7,0.8,0.1325,58.3158,0.295,0.214,0.28,0.0,11.8106
NCT00679341,"A Randomized, Multicenter, Phase ii Study of the Efficacy and Safety of Trastuzumab-MCC-DM1 vs. Trastuzumab (Herceptin®) and Docetaxel (Taxotere®) in Patients With Metastatic HER2-positive Breast Cancer Who Have Not Received Prior Chemotherapy for Metastatic Disease",COMPLETED,trastuzumab,ERBB2,antibody,breast cancer,True,2008.0,0,0,0,completed+results+no_positive_signal,1,1.0,0.95,0.88,0.85,0.98,0.4,0.8,0.92,1.0,1.0,0.44339622641509435,0.0,0.85,,,,0,1,0,739.0,0.0007936373477672532,1.0,0.5,0.3,0.7236666666666667,0.2,1.0,0.7,45.0,1.0,0.9,0.8,1.0,1.0,-0.71,1.0,1.0,0.4,0.6,0.0,0.5,0.9,0.7200000000000001,1.0,1.0,0.88,0.88,0.8,1,1.0,0.15,0.35,0.45,0.0,0.0,0.0,0.3075,0.3075,1.0,0.5,1.0,0.7,0.98,0.95,0.44339622641509435,1.0,0.44,0.5,0.3,0.7,0.8,0.9185,74.5055,0.295,0.824,0.386,0.8287,15.4658
NCT02636322,"A Phase II Study of Rituximab, Lenalidomide, and Ibrutinib Combined With Chemotherapy for Patients With High Risk Diffuse Large B-Cell Lymphoma",COMPLETED,ibrutinib,BTK,small_molecule,lymphoma,True,2016.0,0,0,0,completed+results+no_positive_signal,1,1.0,0.9,0.7,0.75,0.93,0.4,0.65,0.85,1.0,0.81,1.0,0.0,0.65,,,,0,1,0,529.0,0.0007996710775047259,1.0,0.5,0.1,0.796,0.05,1.0,0.7,14.0,0.7,0.28,0.6,1.0,1.0,-0.65,1.0,1.0,0.4,0.6,0.0,0.5,0.75,0.6000000000000001,0.9,1.0,0.77,0.77,0.7,1,1.0,0.3,0.4,0.65,0.0,0.0,0.554,0.0,0.554,0.0,0.5,0.81,0.567,0.78,0.9,1.0,0.905,0.35,0.5,0.3,0.7,0.8,0.831,53.4664,0.295,0.67,0.3575,0.8517,11.2033
NCT03829722,"Phase II Trial of Radiotherapy, Carboplatin/Paclitaxel and Nivolumab for High Risk HPV-Related Oropharynx Cancer",COMPLETED,nivolumab,PDCD1,antibody,cancer nos,True,2019.0,0,0,0,completed+results+no_positive_signal,1,1.0,0.3,0.2,0.25,0.3,0.4,0.25,0.3,0.0,0.0,0.0,0.0,0.5,,,,1,1,0,837.0,0.0007509342891278374,1.0,1.0,0.6,0.6553333333333333,0.05,0.36,0.7,9.0,0.45,0.18,0.45,0.5,0.5,-0.15,0.0,0.0,0.4,0.6,0.0,0.5,0.6,0.48,0.9,1.0,0.65,0.65,0.8,1,1.0,0.85,0.8,0.85,1.0,1.0,0.0,0.62,0.62,1.0,0.0,0.0,0.0,0.39,0.3,0.0,0.0,0.1,0.5,0.3,0.7,0.8,0.42,84.1658,0.295,0.2005,0.28,0.0,17.0498
NCT05109442,"A Phase 1/2a Open Label, Multicenter Study to Assess the Safety, Tolerability, Pharmacokinetics, and Efficacy of AFM24 in Combination With Atezolizumab in Patients With Selected Advanced/Metastatic EGFR-expressing Cancers",TERMINATED,atezolizumab,CD274,antibody,solid tumors,True,2021.0,0,0,0,terminated+efficacy,1,1.0,0.3,0.2,0.25,0.3,0.4,0.25,0.3,0.033,0.01,1.0,0.0,0.45,,,,1,1,0,929.0,0.0007426555435952638,1.0,1.0,1.0,0.688875,0.2,0.6,0.7,27.0,1.0,0.54,0.4,0.5,0.5,-0.18,0.0,0.0,0.4,0.6,0.0,0.5,0.58,0.46399999999999997,0.9,1.0,0.63,0.63,0.8,1,1.0,0.85,0.95,0.8,1.0,1.0,0.0,0.6575,0.6575,1.0,0.0,0.30303030303030304,0.21212121212121213,0.72,0.3,1.0,0.021500000000000002,0.1,0.5,0.3,0.7,0.8,0.409,93.4383,0.295,0.3855,0.28,0.328,18.9713
NCT00364286,Therapy of Chronic Lymphocytic Leukemia With Dasatinib (BMS-354825),COMPLETED,dasatinib,ABL1,small_molecule,leukemia,True,2006.0,0,0,0,completed+results+no_positive_signal,1,1.0,0.97,0.88,0.9,0.98,0.4,0.72,0.93,1.0,1.0,0.802469135802469,0.0,0.8,,,,0,1,0,399.0,0.0007217443609022556,0.798,1.0,1.0,0.5742,0.1,1.0,0.7,13.0,0.65,0.26,0.75,1.0,1.0,-0.77,1.0,1.0,0.4,0.6,0.0,0.5,0.9,0.7200000000000001,1.0,1.0,0.84,0.84,0.7,1,1.0,0.2,0.25,0.35,0.0,0.0,0.8935500000000001,0.0,0.8935500000000001,0.0,0.0,1.0,0.7,0.778,0.97,0.802469135802469,1.0,0.44,0.5,0.3,0.7,0.8,0.914,40.6851,0.295,0.7126,0.378,0.9005,8.6843
NCT03113422,Phase II Study of Venetoclax (ABT-199/GDC-0199) in Combination With Obinutuzumab and Bendamustine in Patients With High Tumor Burden Follicular Lymphoma as Front Line Therapy,COMPLETED,venetoclax,BCL2,small_molecule,lymphoma,True,2017.0,0,0,0,completed+results+no_positive_signal,1,1.0,0.88,0.72,0.78,0.9,0.4,0.68,0.82,1.0,1.0,0.6022076860179886,0.0,0.7,,,,0,1,0,570.0,0.0007448929824561402,1.0,1.0,1.0,0.7835000000000001,0.05,1.0,0.7,16.0,0.8,0.32,0.65,1.0,1.0,-0.52,1.0,1.0,0.4,0.6,0.0,0.5,0.78,0.6240000000000001,0.8,0.9,0.81,0.81,0.7,1,1.0,0.25,0.4,0.55,0.0,0.0,0.9058750000000001,0.0,0.9058750000000001,0.0,0.0,1.0,0.7,0.8320000000000001,0.88,0.6022076860179886,1.0,0.36,0.5,0.3,0.7,0.8,0.8505,57.793,0.295,0.7194,0.362,0.8604,12.085
NCT00510653,"A Phase II Study of Gleevec in Patients With Recurrent Platinum-Resistant, Taxane-Resistant Epithelial Ovarian Cancer, Primary Peritoneal Cancer, or Fallopian Tube Cancer",COMPLETED,imatinib,ABL1,small_molecule,ovarian cancer,True,2002.0,0,0,0,completed+results+no_positive_signal,1,1.0,0.3,0.2,0.25,0.3,0.4,0.25,0.3,0.007,0.0,0.3571428571428571,0.0,0.8,,,,1,1,0,399.0,0.0007217443609022556,0.798,1.0,1.0,0.5742,0.1,1.0,0.7,13.0,0.65,0.26,0.75,1.0,1.0,-0.77,1.0,1.0,0.4,0.6,0.0,0.5,0.9,0.7200000000000001,1.0,1.0,0.84,0.84,0.7,1,1.0,0.2,0.25,0.35,0.0,0.0,0.8935500000000001,0.0,0.8935500000000001,0.0,0.0,0.0,0.0,0.51,0.3,0.3571428571428571,0.0035,0.1,0.5,0.3,0.7,0.8,0.7145,40.5161,0.295,0.2656,0.28,0.0734,8.4138
NCT00002601,High-Dose Doxorubicin and Ifosfamide Followed by Melphalan and Cisplatin for Patients With High-Risk and Recurrent Sarcoma,COMPLETED,cisplatin,DNA,small_molecule,cancer nos,True,1994.0,0,0,0,completed+results+no_positive_signal,1,1.0,0.3,0.2,0.25,0.3,0.4,0.25,0.3,0.0,0.0,0.0,0.0,0.3,,,,1,1,0,578.0,0.0007351176470588234,1.0,1.0,1.0,0.5889090909090909,0.05,0.28,0.7,10.0,0.5,0.2,0.2,0.0,0.0,0.0,0.0,0.0,0.4,0.6,0.0,0.5,0.4,0.32000000000000006,0.2,0.3,0.3,0.3,0.7,1,1.0,0.2,0.3,0.4,0.0,0.0,0.7372272727272728,0.0,0.7372272727272728,0.0,0.0,0.0,0.0,0.42,0.3,0.0,0.0,0.1,0.5,0.3,0.7,0.8,0.1325,58.3158,0.295,0.214,0.28,0.0,11.8106
NCT03098030,"A Two-part, Open-label, Randomized, Phase 2/3 Study of Dinutuximab and Irinotecan Versus Irinotecan for Second Line Treatment of Subjects With Relapsed or Refractory Small Cell Lung Cancer",COMPLETED,irinotecan,TOP1,small_molecule,cancer nos,True,2017.0,0,0,0,completed+results+no_positive_signal,1,1.0,0.3,0.2,0.25,0.3,0.4,0.25,0.3,0.0,0.0,0.0,0.0,0.55,,,,1,1,0,580.0,0.0007233551724137931,1.0,1.0,1.0,0.6823,0.05,0.8,0.7,5.0,0.25,0.1,0.5,0.0,0.0,-0.89,1.0,1.0,0.4,0.6,0.0,0.5,0.68,0.544,0.8,0.9,0.71,0.71,0.7,1,1.0,0.2,0.25,0.35,0.0,0.0,0.8805750000000001,0.0,0.8805750000000001,0.0,0.0,0.0,0.0,0.27,0.3,0.0,0.0,0.1,0.5,0.3,0.7,0.8,0.208,58.6298,0.295,0.1465,0.28,0.0,11.8788
NCT01876212,A Randomized Phase 2 Pilot Study of Type I-Polarized Autologous Dendritic Cell Vaccines Incorporating Tumor Blood Vessel Antigen (TBVA)-Derived Peptides in Combination With Dasatinib in Patients With Metastatic Melanoma,COMPLETED,dasatinib,ABL1,small_molecule,melanoma,True,2014.0,1,1,1,completed+positive_text+results,1,1.0,0.3,0.2,0.25,0.3,0.4,0.25,0.3,0.009,0.0,0.2777777777777778,0.0,0.8,,,,1,1,0,399.0,0.0007217443609022556,0.798,1.0,1.0,0.5742,0.1,1.0,0.7,13.0,0.65,0.26,0.75,1.0,1.0,-0.77,1.0,1.0,0.4,0.6,0.0,0.5,0.9,0.7200000000000001,1.0,1.0,0.84,0.84,0.7,1,1.0,0.2,0.25,0.35,0.0,0.0,0.8935500000000001,0.0,0.8935500000000001,0.0,0.0,0.0,0.0,0.51,0.3,0.2777777777777778,0.0045,0.1,0.5,0.3,0.7,0.8,0.7145,40.5161,0.295,0.2659,0.28,0.058,8.4123
NCT01946165,A Pre-Operative Study to Assess the Effects of Abiraterone Acetate Plus LHRH Agonist and Abiraterone Acetate Plus LHRH Agonist and Enzalutamide for Six Months for Prostate Cancer Patients at High-Risk for Recurrence,COMPLETED,enzalutamide,AR,small_molecule,prostate cancer,True,2013.0,0,0,0,completed+results+no_positive_signal,1,1.0,0.98,0.88,0.9,0.98,0.4,0.82,0.95,1.0,1.0,0.5785932721712538,0.0,0.85,,,,0,1,0,557.0,0.0007637253141831239,1.0,0.0,0.0,0.0,0.05,1.0,0.7,22.0,1.0,0.44,0.8,1.0,1.0,-0.69,1.0,1.0,0.4,0.6,0.0,0.5,0.82,0.656,1.0,1.0,0.88,0.88,0.7,1,1.0,0.1,0.2,0.3,0.0,0.0,0.2,0.0,0.2,0.0,1.0,1.0,0.7,0.992,0.98,0.5785932721712538,1.0,0.44,0.5,0.3,0.7,0.8,0.926,56.0475,0.295,0.8009,0.388,0.8557,11.7745
NCT01776307,A Phase II Clinical Study of BBI608 in Adult Patients With Advanced Colorectal Cancer,COMPLETED,cetuximab,EGFR,antibody,colorectal cancer,False,2012.0,0,0,0,completed+results+no_positive_signal,1,1.0,0.72,0.55,0.65,0.75,0.4,0.55,0.7,1.0,1.0,0.5960482985729967,0.0,0.9,,,,0,1,1,774.0,0.0007825607235142119,1.0,1.0,1.0,0.6139,0.1,1.0,0.7,56.0,1.0,1.0,0.85,1.0,1.0,-0.82,1.0,1.0,0.4,0.6,0.0,0.5,0.95,0.76,1.0,1.0,0.9,0.9,0.8,1,1.0,0.2,0.3,0.4,0.0,0.0,0.0,0.295,0.295,1.0,0.0,1.0,0.7,0.8879999999999999,0.72,0.5960482985729967,1.0,0.275,,,,,0.85,78.1316,0.0,0.7526,0.3362,0.8592,16.1257
NCT01807611,Haploidentical Donor Hematopoietic Progenitor Cell and Natural Killer Cell Transplantation With a TLI Based Conditioning Regimen in Patients With Hematologic Malignancies,COMPLETED,cyclophosphamide,DNA,small_molecule,leukemia,True,2013.0,0,0,0,completed+results+no_positive_signal,1,1.0,0.3,0.2,0.25,0.3,0.4,0.25,0.3,1.0,1.0,0.28779487613088695,0.0,0.3,,,,1,1,0,578.0,0.0007351176470588234,1.0,1.0,1.0,0.5889090909090909,0.05,0.28,0.7,10.0,0.5,0.2,0.2,0.0,0.0,0.0,0.0,0.0,0.4,0.6,0.0,0.5,0.4,0.32000000000000006,0.2,0.3,0.3,0.3,0.7,1,1.0,0.2,0.3,0.4,0.0,0.0,0.7372272727272728,0.0,0.7372272727272728,0.0,0.0,1.0,0.7,0.42,0.3,0.28779487613088695,1.0,0.1,0.5,0.3,0.7,0.8,0.1325,58.3158,0.295,0.514,0.28,0.7976,11.9503
